date,Title,Name,Address,IsActive,IsScheduled,
2023/01/01,ΔΙΑΚΟΠΗ ΥΔΡΕΥΣΗΣ,ΛΑΘΕΑ,Ηρακλείτου και Βίκτωρος Ουγκώ,False,False,
2023/01/01,ΔΙΑΚΟΠΗ ΥΔΡΕΥΣΗΣ,ΑΧΑΡΝΕΣ,Ηρακλείτου και Βίκτωρος Ουγκώ,False,False,
2023/01/01,ΔΙΑΚΟΠΗ ΥΔΡΕΥΣΗΣ,ΠΕΥΚΗΣ,Ιλίου και Αιόλου,False,False,
2023/01/01,ΔΙΑΚΟΠΗ ΥΔΡΕΥΣΗΣ,ΠΕΥΚΗ,Ιλίου και Αιόλου,False,False,
2023/01/01,ΔΙΑΚΟΠΗ ΥΔΡΕΥΣΗΣ,ΝΕΑ ΣΜΥΡΝΗ,Θράκης και Φιλαδελφείας,False,False,
2023/01/01,ΔΙΑΚΟΠΗ ΥΔΡΕΥΣΗΣ,Ν. ΣΜΥΡΝΗ Π,Θράκης και Φιλαδελφείας,False,False,
2023/01/01,ΔΙΑΚΟΠΗ ΥΔΡΕΥΣΗΣ,ΗΛΙΟΥΠΟΛΗ,Κρατίνου και Κωστή Παλαμά,False,False,
2023/01/01,ΔΙΑΚΟΠΗ ΥΔΡΕΥΣΗΣ,ΗΛΙΟΥΠΟΛΗ,Κρατίνου και Κωστή Παλαμά,False,False,
2023/01/01,ΔΙΑΚΟΠΗ ΥΔΡΕΥΣΗΣ,ΜΕΝΙΔΙ,Σκουφά και Κωνσταντινουπόλεως,False,False,
2023/01/01,ΔΙΑΚΟΠΗ ΥΔΡΕΥΣΗΣ,ΑΧΑΡΝΕΣ,Σκουφά και Κωνσταντινουπόλεως,False,False,
2023/01/01,ΔΙΑΚΟΠΗ ΥΔΡΕΥΣΗΣ,ΧΟΛΑΡΓΟΣ,Ναυαρίνου και Βελισσαρίου,False,False,
2023/01/01,ΔΙΑΚΟΠΗ ΥΔΡΕΥΣΗΣ,ΧΟΛΑΡΓΟΣ,Ναυαρίνου και Βελισσαρίου,False,False,
2023/01/02,ΔΙΑΚΟΠΗ ΥΔΡΕΥΣΗΣ,ΓΑΛΑΤΣΙ,Ήρας και Ακτημόνων,False,False,
2023/01/02,ΔΙΑΚΟΠΗ ΥΔΡΕΥΣΗΣ,ΜΕΝΙΔΙ,Ημαθίας και Αρχελάου,False,False,
2023/01/02,ΔΙΑΚΟΠΗ ΥΔΡΕΥΣΗΣ,ΑΧΑΡΝΕΣ,Ημαθίας και Αρχελάου,False,False,
2023/01/02,ΔΙΑΚΟΠΗ ΥΔΡΕΥΣΗΣ,ΑΛΙΜΟΣ Α,Κουμουνδούρου και Δεληγιάννη,False,False,
2023/01/02,ΔΙΑΚΟΠΗ ΥΔΡΕΥΣΗΣ,ΑΛΙΜΟΣ,Κουμουνδούρου και Δεληγιάννη,False,False,
2023/01/02,ΔΙΑΚΟΠΗ ΥΔΡΕΥΣΗΣ,ΒΟΥΛΑ,Μεγάλου Βασιλείου και Καλύμνου,False,False,
2023/01/02,ΔΙΑΚΟΠΗ ΥΔΡΕΥΣΗΣ,ΒΟΥΛΑ,Μεγάλου Βασιλείου και Καλύμνου,False,False,
2023/01/02,ΔΙΑΚΟΠΗ ΥΔΡΕΥΣΗΣ,ΚΕΡΑΤΣΙΝΙ,Κενταύρων και Μαραθωνομάχων,False,False,
2023/01/02,ΔΙΑΚΟΠΗ ΥΔΡΕΥΣΗΣ,ΚΕΡΑΤΣΙΝΙ,Κενταύρων και Μαραθωνομάχων,False,False,
2023/01/02,ΔΙΑΚΟΠΗ ΥΔΡΕΥΣΗΣ,ΝΕΑ ΠΕΡΑΜΟΣ,Κυζίκου και Κύπρου,False,False,
2023/01/02,ΔΙΑΚΟΠΗ ΥΔΡΕΥΣΗΣ,Ν. ΠΕΡΑΜΟΣ,Κυζίκου και Κύπρου,False,False,
2023/01/02,ΔΙΑΚΟΠΗ ΥΔΡΕΥΣΗΣ,ΗΛΙΟΥΠΟΛΗ,Πλατεία Εθνικής Αντιστάσεως και Λεωφόρο Ειρήνης,False,False,
2023/01/02,ΔΙΑΚΟΠΗ ΥΔΡΕΥΣΗΣ,ΗΛΙΟΥΠΟΛΗ,Πλατεία Εθνικής Αντιστάσεως και Λεωφόρο Ειρήνης,False,False,
2023/01/02,ΔΙΑΚΟΠΗ ΥΔΡΕΥΣΗΣ,ΜΕΤΑΜΟΡΦΩΣΗ,Νικηταρά και Διονύσου,False,False,
2023/01/02,ΔΙΑΚΟΠΗ ΥΔΡΕΥΣΗΣ,ΜΕΤΑΜΟΡΦΩΣΗ,Νικηταρά και Διονύσου,False,False,
2023/01/02,ΔΙΑΚΟΠΗ ΥΔΡΕΥΣΗΣ,ΑΜΠΕΛΟΚΗΠΟΙ,Λαίου Στυλιανού και Κολχίδος,False,False,
2023/01/02,ΔΙΑΚΟΠΗ ΥΔΡΕΥΣΗΣ,ΑΘΗΝΑ,Λαίου Στυλιανού και Κολχίδος,False,False,
2023/01/02,ΔΙΑΚΟΠΗ ΥΔΡΕΥΣΗΣ,ΧΑΛΑΝΔΡΙ,Αρκαδίου και Ηρώων Πολυτεχνείου,False,False,
2023/01/02,ΔΙΑΚΟΠΗ ΥΔΡΕΥΣΗΣ,ΚΑΤΩ ΧΑΛΑΝΔΡΙ,Αρκαδίου και Ηρώων Πολυτεχνείου,False,False,
2023/01/02,ΔΙΑΚΟΠΗ ΥΔΡΕΥΣΗΣ,ΝΕΑ ΣΜΥΡΝΗ,Αγνώστων Μαρτύρων και Συκουτρή,False,False,
2023/01/02,ΔΙΑΚΟΠΗ ΥΔΡΕΥΣΗΣ,Ν. ΣΜΥΡΝΗ Π,Αγνώστων Μαρτύρων και Συκουτρή,False,False,
2023/01/03,ΔΙΑΚΟΠΗ ΥΔΡΕΥΣΗΣ,ΤΕΡΨΙΘΕΑ,Λευκωσίας και Αιγύπτου,False,False,
2023/01/03,ΔΙΑΚΟΠΗ ΥΔΡΕΥΣΗΣ,ΓΛΥΦΑΔΑ,Λευκωσίας και Αιγύπτου,False,False,
2023/01/03,ΔΙΑΚΟΠΗ ΥΔΡΕΥΣΗΣ,ΣΑΛΑΜΙΝΑ,Αθανασίου Διάκου και Σαλαμίνος,False,False,
2023/01/03,ΔΙΑΚΟΠΗ ΥΔΡΕΥΣΗΣ,ΣΑΛΑΜΙΝΑ,Αθανασίου Διάκου και Σαλαμίνος,False,False,
2023/01/03,ΔΙΑΚΟΠΗ ΥΔΡΕΥΣΗΣ,ΠΕΝΤΕΛΗ,Μπουμπουλίνας και Μαντώς Μαυρογένους,False,False,
2023/01/03,ΔΙΑΚΟΠΗ ΥΔΡΕΥΣΗΣ,ΠΕΝΤΕΛΗ,Μπουμπουλίνας και Μαντώς Μαυρογένους,False,False,
2023/01/03,ΔΙΑΚΟΠΗ ΥΔΡΕΥΣΗΣ,ΖΕΦΥΡΙ,Ανεξαρτησίας και Μιαούλη,False,False,
2023/01/03,ΔΙΑΚΟΠΗ ΥΔΡΕΥΣΗΣ,ΖΕΦΥΡΙ,Ανεξαρτησίας και Μιαούλη,False,False,
2023/01/03,ΔΙΑΚΟΠΗ ΥΔΡΕΥΣΗΣ,ΤΕΡΨΙΘΕΑ,Αιγύπτου και Λευκωσίας,False,False,
2023/01/03,ΔΙΑΚΟΠΗ ΥΔΡΕΥΣΗΣ,ΓΛΥΦΑΔΑ,Αιγύπτου και Λευκωσίας,False,False,
2023/01/03,ΔΙΑΚΟΠΗ ΥΔΡΕΥΣΗΣ,ΠΑΤΗΣΙΑ,Ταϋγέτου και Σκιάθου,False,False,
2023/01/03,ΔΙΑΚΟΠΗ ΥΔΡΕΥΣΗΣ,ΑΘΗΝΑ,Ταϋγέτου και Σκιάθου,False,False,
2023/01/03,ΔΙΑΚΟΠΗ ΥΔΡΕΥΣΗΣ,ΓΛΥΚΑ ΝΕΡΑ,Σμύρνης και Λευκάδος,False,False,
2023/01/03,ΔΙΑΚΟΠΗ ΥΔΡΕΥΣΗΣ,ΓΛΥΚΑ ΝΕΡΑ,Σμύρνης και Λευκάδος,False,False,
2023/01/03,ΔΙΑΚΟΠΗ ΥΔΡΕΥΣΗΣ,ΜΕΝΙΔΙ,Εθνικής Αντιστάσεως και Παγκάλου,False,False,
2023/01/03,ΔΙΑΚΟΠΗ ΥΔΡΕΥΣΗΣ,ΑΧΑΡΝΕΣ,Εθνικής Αντιστάσεως και Παγκάλου,False,False,
2023/01/03,ΔΙΑΚΟΠΗ ΥΔΡΕΥΣΗΣ,ΗΛΙΟΥΠΟΛΗ,Υπερείδου και Διογένους,False,True,
2023/01/03,ΔΙΑΚΟΠΗ ΥΔΡΕΥΣΗΣ,ΗΛΙΟΥΠΟΛΗ,Υπερείδου και Διογένους,False,True,
2023/01/04,ΔΙΑΚΟΠΗ ΥΔΡΕΥΣΗΣ,ΠΕΙΡΑΙΑΣ,Μακράς Στοάς και Ιπποκράτους,False,False,
2023/01/04,ΔΙΑΚΟΠΗ ΥΔΡΕΥΣΗΣ,ΠΕΙΡΑΙΑΣ,Μακράς Στοάς και Ιπποκράτους,False,False,
2023/01/04,ΔΙΑΚΟΠΗ ΥΔΡΕΥΣΗΣ,ΓΛΥΦΑΔΑ,Αγίου Νικολάου και Σάκη Καράγιωργα,False,False,
2023/01/04,ΔΙΑΚΟΠΗ ΥΔΡΕΥΣΗΣ,ΓΛΥΦΑΔΑ,Αγίου Νικολάου και Σάκη Καράγιωργα,False,False,
2023/01/04,ΔΙΑΚΟΠΗ ΥΔΡΕΥΣΗΣ,ΣΑΛΑΜΙΝΑ,Λεωφόρος Κύριζας και Τήνου,False,False,
2023/01/04,ΔΙΑΚΟΠΗ ΥΔΡΕΥΣΗΣ,ΣΑΛΑΜΙΝΑ,Λεωφόρος Κύριζας και Τήνου,False,False,
2023/01/04,ΔΙΑΚΟΠΗ ΥΔΡΕΥΣΗΣ,ΝΕΑ ΣΜΥΡΝΗ,Αρτάκης και Τραπεζούντος,False,False,
2023/01/04,ΔΙΑΚΟΠΗ ΥΔΡΕΥΣΗΣ,Ν. ΣΜΥΡΝΗ Π,Αρτάκης και Τραπεζούντος,False,False,
2023/01/04,ΔΙΑΚΟΠΗ ΥΔΡΕΥΣΗΣ,ΗΛΙΟΥΠΟΛΗ,Τζουμαγιάς και Γαρδίκη,False,False,
2023/01/04,ΔΙΑΚΟΠΗ ΥΔΡΕΥΣΗΣ,ΗΛΙΟΥΠΟΛΗ,Τζουμαγιάς και Γαρδίκη,False,False,
2023/01/04,ΔΙΑΚΟΠΗ ΥΔΡΕΥΣΗΣ,ΗΛΙΟΥΠΟΛΗ,Πυθαγόρα και Ξενοφώντος,False,True,
2023/01/04,ΔΙΑΚΟΠΗ ΥΔΡΕΥΣΗΣ,ΗΛΙΟΥΠΟΛΗ,Πυθαγόρα και Ξενοφώντος,False,True,
2023/01/04,ΔΙΑΚΟΠΗ ΥΔΡΕΥΣΗΣ,ΜΕΛΙΣΣΙΑ,Ήρας και Εστίας,False,False,
2023/01/04,ΔΙΑΚΟΠΗ ΥΔΡΕΥΣΗΣ,ΜΕΛΙΣΣΙΑ,Ήρας και Εστίας,False,False,
2023/01/04,ΔΙΑΚΟΠΗ ΥΔΡΕΥΣΗΣ,ΚΗΦΙΣΙΑ,Αύρας και Σύρου,False,False,
2023/01/04,ΔΙΑΚΟΠΗ ΥΔΡΕΥΣΗΣ,ΚΕΦΑΛΑΡΙ,Αύρας και Σύρου,False,False,
2023/01/04,ΔΙΑΚΟΠΗ ΥΔΡΕΥΣΗΣ,ΓΛΥΦΑΔΑ,Αγ. Νικολάου & Σ. Καράγιωργα,False,False,
2023/01/04,ΔΙΑΚΟΠΗ ΥΔΡΕΥΣΗΣ,ΓΛΥΦΑΔΑ,Αγ. Νικολάου & Σ. Καράγιωργα,False,False,
2023/01/04,ΔΙΑΚΟΠΗ ΥΔΡΕΥΣΗΣ,ΝΕΑ ΣΜΥΡΝΗ,Χαριουπόλεως & Λ. Συγγρού,False,False,
2023/01/04,ΔΙΑΚΟΠΗ ΥΔΡΕΥΣΗΣ,Ν. ΣΜΥΡΝΗ Α,Χαριουπόλεως & Λ. Συγγρού,False,False,
2023/01/04,ΔΙΑΚΟΠΗ ΥΔΡΕΥΣΗΣ,ΓΛΥΦΑΔΑ,Ζαμάνου & Χριστόφορου Νέζερ,False,False,
2023/01/04,ΔΙΑΚΟΠΗ ΥΔΡΕΥΣΗΣ,ΓΛΥΦΑΔΑ,Ζαμάνου & Χριστόφορου Νέζερ,False,False,
2023/01/04,ΔΙΑΚΟΠΗ ΥΔΡΕΥΣΗΣ,ΓΛΥΦΑΔΑ,Α. Παναγούλη & Β. Τσιτσάνη,False,False,
2023/01/04,ΔΙΑΚΟΠΗ ΥΔΡΕΥΣΗΣ,ΓΛΥΦΑΔΑ,Α. Παναγούλη & Β. Τσιτσάνη,False,False,
2023/01/04,ΔΙΑΚΟΠΗ ΥΔΡΕΥΣΗΣ,ΑΓΙΟΣ ΙΩΑΝΝΗΣ ΡΕΝΤΗΣ,Παρνασσού και Πίνδου,False,False,
2023/01/05,ΔΙΑΚΟΠΗ ΥΔΡΕΥΣΗΣ,ΜΕΛΙΣΣΙΑ,Αγίου Σύλλα και Ερμού,False,False,
2023/01/05,ΔΙΑΚΟΠΗ ΥΔΡΕΥΣΗΣ,ΜΕΛΙΣΣΙΑ,Αγίου Σύλλα και Ερμού,False,False,
2023/01/05,ΔΙΑΚΟΠΗ ΥΔΡΕΥΣΗΣ,ΣΑΛΑΜΙΝΑ,Εθνικής Αντιστάσεως και Κυκλάδων (περιοχή Στενό Φανερωμένης),False,False,
2023/01/05,ΔΙΑΚΟΠΗ ΥΔΡΕΥΣΗΣ,ΣΑΛΑΜΙΝΑ,Εθνικής Αντιστάσεως και Κυκλάδων (περιοχή Στενό Φανερωμένης),False,False,
2023/01/05,ΔΙΑΚΟΠΗ ΥΔΡΕΥΣΗΣ,ΚΗΦΙΣΙΑ,Πέλλης και Φαιστού,False,False,
2023/01/05,ΔΙΑΚΟΠΗ ΥΔΡΕΥΣΗΣ,ΚΗΦΙΣΙΑ,Πέλλης και Φαιστού,False,False,
2023/01/05,ΔΙΑΚΟΠΗ ΥΔΡΕΥΣΗΣ,ΣΑΛΑΜΙΝΑ,Μυκόνου και Κυθήρων ΠΕΡΙΟΧΗ ΡΕΣΤΗ,False,False,
2023/01/05,ΔΙΑΚΟΠΗ ΥΔΡΕΥΣΗΣ,ΣΑΛΑΜΙΝΑ,Μυκόνου και Κυθήρων ΠΕΡΙΟΧΗ ΡΕΣΤΗ,False,False,
2023/01/05,ΔΙΑΚΟΠΗ ΥΔΡΕΥΣΗΣ,ΑΣΠΡΟΠΥΡΓΟΣ,Αγ.Ιωάννου Προδρόμου και Αγγελοπούλου,False,False,
2023/01/05,ΔΙΑΚΟΠΗ ΥΔΡΕΥΣΗΣ,ΑΣΠΡΟΠΥΡΓΟΣ,Αγ.Ιωάννου Προδρόμου και Αγγελοπούλου,False,False,
2023/01/05,ΔΙΑΚΟΠΗ ΥΔΡΕΥΣΗΣ,ΗΛΙΟΥΠΟΛΗ,Πυθαγόρα και Ξενοφωντος,False,True,
2023/01/05,ΔΙΑΚΟΠΗ ΥΔΡΕΥΣΗΣ,ΗΛΙΟΥΠΟΛΗ,Πυθαγόρα και Ξενοφωντος,False,True,
2023/01/05,ΔΙΑΚΟΠΗ ΥΔΡΕΥΣΗΣ,ΕΛΛΗΝΟΡΩΣΩΝ,Π. Δέλτα & Δ. Καμπούρογλου,False,False,
2023/01/05,ΔΙΑΚΟΠΗ ΥΔΡΕΥΣΗΣ,ΑΘΗΝΑ,Π. Δέλτα & Δ. Καμπούρογλου,False,False,
2023/01/05,ΔΙΑΚΟΠΗ ΥΔΡΕΥΣΗΣ,ΝΕΑ ΣΜΥΡΝΗ,Τραπεζούντος & Αμισού,False,False,
2023/01/05,ΔΙΑΚΟΠΗ ΥΔΡΕΥΣΗΣ,Ν. ΣΜΥΡΝΗ Π,Τραπεζούντος & Αμισού,False,False,
2023/01/06,ΔΙΑΚΟΠΗ ΥΔΡΕΥΣΗΣ,ΓΚΥΖΗ,Αμφείας και Μεγαλουπόλεως,False,False,
2023/01/06,ΔΙΑΚΟΠΗ ΥΔΡΕΥΣΗΣ,ΑΘΗΝΑ,Αμφείας και Μεγαλουπόλεως,False,False,
2023/01/06,ΔΙΑΚΟΠΗ ΥΔΡΕΥΣΗΣ,ΜΑΓΟΥΛΑ,Δαυίδ Αμαρίλιο 4 Πάροδος,False,False,
2023/01/06,ΔΙΑΚΟΠΗ ΥΔΡΕΥΣΗΣ,ΜΑΓΟΥΛΑ,Δαυίδ Αμαρίλιο 4 Πάροδος,False,False,
2023/01/06,ΔΙΑΚΟΠΗ ΥΔΡΕΥΣΗΣ,ΒΟΥΛΑ,Ιωάννη Μεταξά και Κανάρη,False,False,
2023/01/06,ΔΙΑΚΟΠΗ ΥΔΡΕΥΣΗΣ,ΒΟΥΛΑ,Ιωάννη Μεταξά και Κανάρη,False,False,
2023/01/06,ΔΙΑΚΟΠΗ ΥΔΡΕΥΣΗΣ,ΧΑΙΔΑΡΙΟΥ,Κωνσταντινουπόλεως και Κορυτσάς,False,False,
2023/01/06,ΔΙΑΚΟΠΗ ΥΔΡΕΥΣΗΣ,ΧΑΙΔΑΡΙ,Κωνσταντινουπόλεως και Κορυτσάς,False,False,
2023/01/06,ΔΙΑΚΟΠΗ ΥΔΡΕΥΣΗΣ,ΑΓΙΑ ΠΑΡΑΣΚΕΥΗ,Ηπείρου και Κοραή,False,False,
2023/01/06,ΔΙΑΚΟΠΗ ΥΔΡΕΥΣΗΣ,ΑΓ. ΠΑΡΑΣΚΕΥΗ,Ηπείρου και Κοραή,False,False,
2023/01/06,ΔΙΑΚΟΠΗ ΥΔΡΕΥΣΗΣ,ΠΑΛΑΤΙΑΝΗ,Λεοντίου και Πωγωνάτου,False,False,
2023/01/06,ΔΙΑΚΟΠΗ ΥΔΡΕΥΣΗΣ,ΙΛΙΟΝ,Λεοντίου και Πωγωνάτου,False,False,
2023/01/07,ΔΙΑΚΟΠΗ ΥΔΡΕΥΣΗΣ,ΖΩΟΔΟΧΟΣ ΠΗΓΗ,Φλέμινγκ και Ζωοδόχου Πηγής,False,False,
2023/01/07,ΔΙΑΚΟΠΗ ΥΔΡΕΥΣΗΣ,ΒΥΡΩΝΑΣ,Φλέμινγκ και Ζωοδόχου Πηγής,False,False,
2023/01/07,ΔΙΑΚΟΠΗ ΥΔΡΕΥΣΗΣ,ΚΟΡΥΔΑΛΛΟΣ,Φιλικής Εταιρείας και Θερμοπυλών,False,False,
2023/01/07,ΔΙΑΚΟΠΗ ΥΔΡΕΥΣΗΣ,ΚΟΡΥΔΑΛΛΟΣ,Φιλικής Εταιρείας και Θερμοπυλών,False,False,
2023/01/07,ΔΙΑΚΟΠΗ ΥΔΡΕΥΣΗΣ,ΣΑΛΑΜΙΝΑ,"Αγίων Δέκα και Αγίου Προκοπίου, περιοχή Ρέστη",False,False,
2023/01/07,ΔΙΑΚΟΠΗ ΥΔΡΕΥΣΗΣ,ΣΑΛΑΜΙΝΑ,"Αγίων Δέκα και Αγίου Προκοπίου, περιοχή Ρέστη",False,False,
2023/01/07,ΔΙΑΚΟΠΗ ΥΔΡΕΥΣΗΣ,ΑΓΙΟΣ ΙΩΑΝΝΗΣ ΡΕΝΤΗΣ,Λεωφ. Κηφισσού και Καζαντζάκη Νίκου,False,False,
2023/01/07,ΔΙΑΚΟΠΗ ΥΔΡΕΥΣΗΣ,ΑΓ. Ι. ΡΕΝΤΗΣ,Λεωφ. Κηφισσού και Καζαντζάκη Νίκου,False,False,
2023/01/07,ΔΙΑΚΟΠΗ ΥΔΡΕΥΣΗΣ,ΕΛΕΥΣΙΝΑ,Καραϊσκάκη και Κανελλοπούλου,False,False,
2023/01/07,ΔΙΑΚΟΠΗ ΥΔΡΕΥΣΗΣ,ΕΛΕΥΣΙΝΑ,Καραϊσκάκη και Κανελλοπούλου,False,False,
2023/01/07,ΔΙΑΚΟΠΗ ΥΔΡΕΥΣΗΣ,ΑΝΩ ΠΑΤΗΣΙΑ,Λεωφ. Ηρακλείου και Ζαμπελίου,False,False,
2023/01/07,ΔΙΑΚΟΠΗ ΥΔΡΕΥΣΗΣ,ΑΘΗΝΑ,Λεωφ. Ηρακλείου και Ζαμπελίου,False,False,
2023/01/07,ΔΙΑΚΟΠΗ ΥΔΡΕΥΣΗΣ,ΠΑΛΑΙΟ ΦΑΛΗΡΟ,Κολοκοτρώνη και Ναυπλίου.,False,False,
2023/01/07,ΔΙΑΚΟΠΗ ΥΔΡΕΥΣΗΣ,Π. ΦΑΛΗΡΟ,Κολοκοτρώνη και Ναυπλίου.,False,False,
2023/01/07,ΔΙΑΚΟΠΗ ΥΔΡΕΥΣΗΣ,ΜΕΛΙΣΣΙΑ,Αγίας Μαρίνας και Σοράνογλου,False,False,
2023/01/07,ΔΙΑΚΟΠΗ ΥΔΡΕΥΣΗΣ,ΜΕΛΙΣΣΙΑ,Αγίας Μαρίνας και Σοράνογλου,False,False,
2023/01/08,ΔΙΑΚΟΠΗ ΥΔΡΕΥΣΗΣ,ΝΕΑ ΠΕΡΑΜΟΣ,3ης Σεπτεμβρίου και Αγ.Δημητρίου,False,False,
2023/01/08,ΔΙΑΚΟΠΗ ΥΔΡΕΥΣΗΣ,Ν. ΠΕΡΑΜΟΣ,3ης Σεπτεμβρίου και Αγ.Δημητρίου,False,False,
2023/01/08,ΔΙΑΚΟΠΗ ΥΔΡΕΥΣΗΣ,ΝΕΑ ΠΕΡΑΜΟΣ,3ης Σεπτεμβρίου και Αγ.Δημητρίου,False,False,
2023/01/08,ΔΙΑΚΟΠΗ ΥΔΡΕΥΣΗΣ,Ν. ΠΕΡΑΜΟΣ,3ης Σεπτεμβρίου και Αγ.Δημητρίου,False,False,
2023/01/08,ΔΙΑΚΟΠΗ ΥΔΡΕΥΣΗΣ,ΝΕΑ ΠΕΡΑΜΟΣ,3ης Σεπτεμβρίου και Αγ.Δημητρίου,False,False,
2023/01/08,ΔΙΑΚΟΠΗ ΥΔΡΕΥΣΗΣ,Ν. ΠΕΡΑΜΟΣ,3ης Σεπτεμβρίου και Αγ.Δημητρίου,False,False,
2023/01/08,ΔΙΑΚΟΠΗ ΥΔΡΕΥΣΗΣ,ΝΕΑ ΠΕΡΑΜΟΣ,3ης Σεπτεμβρίου και Αγ.Δημητρίου,False,False,
2023/01/08,ΔΙΑΚΟΠΗ ΥΔΡΕΥΣΗΣ,Ν. ΠΕΡΑΜΟΣ,3ης Σεπτεμβρίου και Αγ.Δημητρίου,False,False,
2023/01/08,ΔΙΑΚΟΠΗ ΥΔΡΕΥΣΗΣ,ΝΕΑ ΠΕΡΑΜΟΣ,3ης Σεπτεμβρίου και Αγ.Δημητρίου,False,False,
2023/01/08,ΔΙΑΚΟΠΗ ΥΔΡΕΥΣΗΣ,Ν. ΠΕΡΑΜΟΣ,3ης Σεπτεμβρίου και Αγ.Δημητρίου,False,False,
2023/01/08,ΔΙΑΚΟΠΗ ΥΔΡΕΥΣΗΣ,ΝΕΑ ΠΕΡΑΜΟΣ,3ης Σεπτεμβρίου και Αγ.Δημητρίου,False,False,
2023/01/08,ΔΙΑΚΟΠΗ ΥΔΡΕΥΣΗΣ,Ν. ΠΕΡΑΜΟΣ,3ης Σεπτεμβρίου και Αγ.Δημητρίου,False,False,
2023/01/08,ΔΙΑΚΟΠΗ ΥΔΡΕΥΣΗΣ,ΝΕΑ ΠΕΡΑΜΟΣ,3ης Σεπτεμβρίου και Αγ.Δημητρίου,False,False,
2023/01/08,ΔΙΑΚΟΠΗ ΥΔΡΕΥΣΗΣ,Ν. ΠΕΡΑΜΟΣ,3ης Σεπτεμβρίου και Αγ.Δημητρίου,False,False,
2023/01/08,ΔΙΑΚΟΠΗ ΥΔΡΕΥΣΗΣ,ΝΕΑ ΣΜΥΡΝΗ,Έκτακτη βλάβη σε δεξαμενή της Ε.ΥΔ.Α.Π. και επηρεάζει τις δηλωμένες περιοχές.,False,False,
2023/01/08,ΔΙΑΚΟΠΗ ΥΔΡΕΥΣΗΣ,Ν. ΣΜΥΡΝΗ Π,Έκτακτη βλάβη σε δεξαμενή της Ε.ΥΔ.Α.Π. και επηρεάζει τις δηλωμένες περιοχές.,False,False,
2023/01/08,ΔΙΑΚΟΠΗ ΥΔΡΕΥΣΗΣ,Ν. ΣΜΥΡΝΗ Α,Έκτακτη βλάβη σε δεξαμενή της Ε.ΥΔ.Α.Π. και επηρεάζει τις δηλωμένες περιοχές.,False,False,
2023/01/08,ΔΙΑΚΟΠΗ ΥΔΡΕΥΣΗΣ,Ν. ΚΟΣΜΟΣ,Έκτακτη βλάβη σε δεξαμενή της Ε.ΥΔ.Α.Π. και επηρεάζει τις δηλωμένες περιοχές.,False,False,
2023/01/08,ΔΙΑΚΟΠΗ ΥΔΡΕΥΣΗΣ,ΚΑΛΛΙΘΕΑ,Έκτακτη βλάβη σε δεξαμενή της Ε.ΥΔ.Α.Π. και επηρεάζει τις δηλωμένες περιοχές.,False,False,
2023/01/08,ΔΙΑΚΟΠΗ ΥΔΡΕΥΣΗΣ,ΚΑΛΛΙΘΕΑ,Έκτακτη βλάβη σε δεξαμενή της Ε.ΥΔ.Α.Π. και επηρεάζει τις δηλωμένες περιοχές.,False,False,
2023/01/08,ΔΙΑΚΟΠΗ ΥΔΡΕΥΣΗΣ,ΔΑΦΝΗ,Έκτακτη βλάβη σε δεξαμενή της Ε.ΥΔ.Α.Π. και επηρεάζει τις δηλωμένες περιοχές.,False,False,
2023/01/08,ΔΙΑΚΟΠΗ ΥΔΡΕΥΣΗΣ,ΔΑΦΝΗ,Έκτακτη βλάβη σε δεξαμενή της Ε.ΥΔ.Α.Π. και επηρεάζει τις δηλωμένες περιοχές.,False,False,
2023/01/08,ΔΙΑΚΟΠΗ ΥΔΡΕΥΣΗΣ,ΑΛΙΜΟΣ Α,Έκτακτη βλάβη σε δεξαμενή της Ε.ΥΔ.Α.Π. και επηρεάζει τις δηλωμένες περιοχές.,False,False,
2023/01/08,ΔΙΑΚΟΠΗ ΥΔΡΕΥΣΗΣ,ΑΛΙΜΟΣ,Έκτακτη βλάβη σε δεξαμενή της Ε.ΥΔ.Α.Π. και επηρεάζει τις δηλωμένες περιοχές.,False,False,
2023/01/08,ΔΙΑΚΟΠΗ ΥΔΡΕΥΣΗΣ,ΑΘΗΝΑ,Έκτακτη βλάβη σε δεξαμενή της Ε.ΥΔ.Α.Π. και επηρεάζει τις δηλωμένες περιοχές.,False,False,
2023/01/08,ΔΙΑΚΟΠΗ ΥΔΡΕΥΣΗΣ,ΑΓΙΟΣ ΔΗΜΗΤΡΙΟΣ,Έκτακτη βλάβη σε δεξαμενή της Ε.ΥΔ.Α.Π. και επηρεάζει τις δηλωμένες περιοχές.,False,False,
2023/01/08,ΔΙΑΚΟΠΗ ΥΔΡΕΥΣΗΣ,ΑΓ. ΔΗΜΗΤΡΙΟΣ Π,Έκτακτη βλάβη σε δεξαμενή της Ε.ΥΔ.Α.Π. και επηρεάζει τις δηλωμένες περιοχές.,False,False,
2023/01/08,ΔΙΑΚΟΠΗ ΥΔΡΕΥΣΗΣ,ΑΓ. ΔΗΜΗΤΡΙΟΣ Α,Έκτακτη βλάβη σε δεξαμενή της Ε.ΥΔ.Α.Π. και επηρεάζει τις δηλωμένες περιοχές.,False,False,
2023/01/08,ΔΙΑΚΟΠΗ ΥΔΡΕΥΣΗΣ,ΝΕΑ ΣΜΥΡΝΗ,Έκτακτη βλάβη σε δεξαμενή της Ε.ΥΔ.Α.Π. και επηρεάζει τις δηλωμένες περιοχές.,False,False,
2023/01/08,ΔΙΑΚΟΠΗ ΥΔΡΕΥΣΗΣ,Ν. ΣΜΥΡΝΗ Π,Έκτακτη βλάβη σε δεξαμενή της Ε.ΥΔ.Α.Π. και επηρεάζει τις δηλωμένες περιοχές.,False,False,
2023/01/08,ΔΙΑΚΟΠΗ ΥΔΡΕΥΣΗΣ,Ν. ΣΜΥΡΝΗ Α,Έκτακτη βλάβη σε δεξαμενή της Ε.ΥΔ.Α.Π. και επηρεάζει τις δηλωμένες περιοχές.,False,False,
2023/01/08,ΔΙΑΚΟΠΗ ΥΔΡΕΥΣΗΣ,Ν. ΚΟΣΜΟΣ,Έκτακτη βλάβη σε δεξαμενή της Ε.ΥΔ.Α.Π. και επηρεάζει τις δηλωμένες περιοχές.,False,False,
2023/01/08,ΔΙΑΚΟΠΗ ΥΔΡΕΥΣΗΣ,ΚΑΛΛΙΘΕΑ,Έκτακτη βλάβη σε δεξαμενή της Ε.ΥΔ.Α.Π. και επηρεάζει τις δηλωμένες περιοχές.,False,False,
2023/01/08,ΔΙΑΚΟΠΗ ΥΔΡΕΥΣΗΣ,ΚΑΛΛΙΘΕΑ,Έκτακτη βλάβη σε δεξαμενή της Ε.ΥΔ.Α.Π. και επηρεάζει τις δηλωμένες περιοχές.,False,False,
2023/01/08,ΔΙΑΚΟΠΗ ΥΔΡΕΥΣΗΣ,ΔΑΦΝΗ,Έκτακτη βλάβη σε δεξαμενή της Ε.ΥΔ.Α.Π. και επηρεάζει τις δηλωμένες περιοχές.,False,False,
2023/01/08,ΔΙΑΚΟΠΗ ΥΔΡΕΥΣΗΣ,ΔΑΦΝΗ,Έκτακτη βλάβη σε δεξαμενή της Ε.ΥΔ.Α.Π. και επηρεάζει τις δηλωμένες περιοχές.,False,False,
2023/01/08,ΔΙΑΚΟΠΗ ΥΔΡΕΥΣΗΣ,ΑΘΗΝΑ,Έκτακτη βλάβη σε δεξαμενή της Ε.ΥΔ.Α.Π. και επηρεάζει τις δηλωμένες περιοχές.,False,False,
2023/01/08,ΔΙΑΚΟΠΗ ΥΔΡΕΥΣΗΣ,ΑΓΙΟΣ ΔΗΜΗΤΡΙΟΣ,Έκτακτη βλάβη σε δεξαμενή της Ε.ΥΔ.Α.Π. και επηρεάζει τις δηλωμένες περιοχές.,False,False,
2023/01/08,ΔΙΑΚΟΠΗ ΥΔΡΕΥΣΗΣ,ΑΓ. ΔΗΜΗΤΡΙΟΣ Π,Έκτακτη βλάβη σε δεξαμενή της Ε.ΥΔ.Α.Π. και επηρεάζει τις δηλωμένες περιοχές.,False,False,
2023/01/08,ΔΙΑΚΟΠΗ ΥΔΡΕΥΣΗΣ,ΑΓ. ΔΗΜΗΤΡΙΟΣ Α,Έκτακτη βλάβη σε δεξαμενή της Ε.ΥΔ.Α.Π. και επηρεάζει τις δηλωμένες περιοχές.,False,False,
2023/01/08,ΔΙΑΚΟΠΗ ΥΔΡΕΥΣΗΣ,ΑΙΓΑΛΕΩ,Ορυζομύλων και Ορέστου,False,False,
2023/01/08,ΔΙΑΚΟΠΗ ΥΔΡΕΥΣΗΣ,ΑΙΓΑΛΕΩ,Ορυζομύλων και Ορέστου,False,False,
2023/01/08,ΔΙΑΚΟΠΗ ΥΔΡΕΥΣΗΣ,ΠΕΙΡΑΙΑΣ,Υψηλάντου και Τσαμαδού,False,False,
2023/01/08,ΔΙΑΚΟΠΗ ΥΔΡΕΥΣΗΣ,ΠΕΙΡΑΙΑΣ,Υψηλάντου και Τσαμαδού,False,False,
2023/01/08,ΔΙΑΚΟΠΗ ΥΔΡΕΥΣΗΣ,ΝΕΑ ΠΕΡΑΜΟΣ,3ης Σεπτεμβρίου και 25ης Μαρτίου,False,False,
2023/01/08,ΔΙΑΚΟΠΗ ΥΔΡΕΥΣΗΣ,Ν. ΠΕΡΑΜΟΣ,3ης Σεπτεμβρίου και 25ης Μαρτίου,False,False,
2023/01/08,ΔΙΑΚΟΠΗ ΥΔΡΕΥΣΗΣ,ΧΑΛΑΝΔΡΙ,Ανδρέα Κάλβου και Βασ. Γεωργίου Β΄,False,False,
2023/01/08,ΔΙΑΚΟΠΗ ΥΔΡΕΥΣΗΣ,ΧΑΛΑΝΔΡΙ,Ανδρέα Κάλβου και Βασ. Γεωργίου Β΄,False,False,
2023/01/08,ΔΙΑΚΟΠΗ ΥΔΡΕΥΣΗΣ,ΗΛΙΟΥΠΟΛΗ,Ψηλορείτη και Υμηττού,False,False,
2023/01/08,ΔΙΑΚΟΠΗ ΥΔΡΕΥΣΗΣ,ΗΛΙΟΥΠΟΛΗ,Ψηλορείτη και Υμηττού,False,False,
2023/01/08,ΔΙΑΚΟΠΗ ΥΔΡΕΥΣΗΣ,ΝΕΑ ΠΕΝΤΕΛΗ,Αρχιεπισκόπου Μακαρίου και Λεωφ. Νέας Πεντέλης,False,False,
2023/01/08,ΔΙΑΚΟΠΗ ΥΔΡΕΥΣΗΣ,Ν. ΠΕΝΤΕΛΗ,Αρχιεπισκόπου Μακαρίου και Λεωφ. Νέας Πεντέλης,False,False,
2023/01/08,ΔΙΑΚΟΠΗ ΥΔΡΕΥΣΗΣ,ΜΕΛΙΣΣΙΑ,Λεωφ. 25ης Μαρτίου και Λεωφ. Δημοκρατίας,False,False,
2023/01/08,ΔΙΑΚΟΠΗ ΥΔΡΕΥΣΗΣ,ΜΕΛΙΣΣΙΑ,Λεωφ. 25ης Μαρτίου και Λεωφ. Δημοκρατίας,False,False,
2023/01/08,ΔΙΑΚΟΠΗ ΥΔΡΕΥΣΗΣ,ΑΝΑΓΕΝΝΗΣΗ,Λεωφόρος Αθηνών και Γοργοποτάμου (ΕΠΗΡΕΑΖΕΤΑΙ ΣΧΕΔΟΝ ΟΛΟΣ Ο ΔΗΜΟΣ ΑΙΓΑΛΕΩ),False,False,
2023/01/08,ΔΙΑΚΟΠΗ ΥΔΡΕΥΣΗΣ,ΑΙΓΑΛΕΩ,Λεωφόρος Αθηνών και Γοργοποτάμου (ΕΠΗΡΕΑΖΕΤΑΙ ΣΧΕΔΟΝ ΟΛΟΣ Ο ΔΗΜΟΣ ΑΙΓΑΛΕΩ),False,False,
2023/01/08,ΔΙΑΚΟΠΗ ΥΔΡΕΥΣΗΣ,ΧΑΙΔΑΡΙ,Μητρόπουλου Δημ. και Τήνου,False,False,
2023/01/08,ΔΙΑΚΟΠΗ ΥΔΡΕΥΣΗΣ,ΔΑΣΟΣ,Μητρόπουλου Δημ. και Τήνου,False,False,
2023/01/08,ΔΙΑΚΟΠΗ ΥΔΡΕΥΣΗΣ,ΝΕΑ ΣΜΥΡΝΗ,,False,False,
2023/01/08,ΔΙΑΚΟΠΗ ΥΔΡΕΥΣΗΣ,Ν. ΣΜΥΡΝΗ Π,,False,False,
2023/01/08,ΔΙΑΚΟΠΗ ΥΔΡΕΥΣΗΣ,ΑΛΣΟΣ,,False,False,
2023/01/09,ΔΙΑΚΟΠΗ ΥΔΡΕΥΣΗΣ,ΒΟΥΛΙΑΓΜΕΝΗ,Αρτέμιδος και Ιάσονος,False,False,
2023/01/09,ΔΙΑΚΟΠΗ ΥΔΡΕΥΣΗΣ,ΒΟΥΛΙΑΓΜΕΝΗ,Αρτέμιδος και Ιάσονος,False,False,
2023/01/09,ΔΙΑΚΟΠΗ ΥΔΡΕΥΣΗΣ,ΜΑΡΟΥΣΙ,Λεωφόρο Κηφισίας και Σοφοκλέους,False,False,
2023/01/09,ΔΙΑΚΟΠΗ ΥΔΡΕΥΣΗΣ,ΜΑΡΟΥΣΙ,Λεωφόρο Κηφισίας και Σοφοκλέους,False,False,
2023/01/09,ΔΙΑΚΟΠΗ ΥΔΡΕΥΣΗΣ,ΒΟΥΛΑ,Ιακ. Διαμαντοπούλου & Ξενοφώντος,False,False,
2023/01/09,ΔΙΑΚΟΠΗ ΥΔΡΕΥΣΗΣ,ΒΟΥΛΑ,Ιακ. Διαμαντοπούλου & Ξενοφώντος,False,False,
2023/01/09,ΔΙΑΚΟΠΗ ΥΔΡΕΥΣΗΣ,ΝΕΑ ΣΜΥΡΝΗ,Αμασείας & Μενεκράτους,False,False,
2023/01/09,ΔΙΑΚΟΠΗ ΥΔΡΕΥΣΗΣ,Ν. ΣΜΥΡΝΗ Α,Αμασείας & Μενεκράτους,False,False,
2023/01/09,ΔΙΑΚΟΠΗ ΥΔΡΕΥΣΗΣ,ΚΕΝΤΡΟ ΑΘΗΝΑΣ,Αγ. Κωνσταντίνου & Σωκράτους,False,False,
2023/01/09,ΔΙΑΚΟΠΗ ΥΔΡΕΥΣΗΣ,ΑΘΗΝΑ,Αγ. Κωνσταντίνου & Σωκράτους,False,False,
2023/01/09,ΔΙΑΚΟΠΗ ΥΔΡΕΥΣΗΣ,ΣΑΛΑΜΙΝΑ,Σωτήρος & Α. Ιωάννου,False,False,
2023/01/09,ΔΙΑΚΟΠΗ ΥΔΡΕΥΣΗΣ,ΑΙΑΝΤΕΙΟ,Σωτήρος & Α. Ιωάννου,False,False,
2023/01/09,ΔΙΑΚΟΠΗ ΥΔΡΕΥΣΗΣ,ΤΖΙΤΖΙΦΙΕΣ,Πραξιτέλους & Αγησιλάου,False,False,
2023/01/09,ΔΙΑΚΟΠΗ ΥΔΡΕΥΣΗΣ,ΚΑΛΛΙΘΕΑ,Πραξιτέλους & Αγησιλάου,False,False,
2023/01/09,ΔΙΑΚΟΠΗ ΥΔΡΕΥΣΗΣ,ΛΙΟΥΜΗ,Διγενή Ακρίτα & Ευρυτανίας,False,False,
2023/01/09,ΔΙΑΚΟΠΗ ΥΔΡΕΥΣΗΣ,ΑΙΓΑΛΕΩ,Διγενή Ακρίτα & Ευρυτανίας,False,False,
2023/01/09,ΔΙΑΚΟΠΗ ΥΔΡΕΥΣΗΣ,ΑΓΙΑ ΒΑΡΒΑΡΑ,Σητείας & Κακίση Θεοδώρας,False,False,
2023/01/09,ΔΙΑΚΟΠΗ ΥΔΡΕΥΣΗΣ,ΑΓ. ΒΑΡΒΑΡΑ,Σητείας & Κακίση Θεοδώρας,False,False,
2023/01/09,ΔΙΑΚΟΠΗ ΥΔΡΕΥΣΗΣ,ΝΙΚΑΙΑ,Παλαμά & Λαμπράκη (Σύνορα με Κορυδαλλό),False,True,
2023/01/09,ΔΙΑΚΟΠΗ ΥΔΡΕΥΣΗΣ,ΝΙΚΑΙΑ,Παλαμά & Λαμπράκη (Σύνορα με Κορυδαλλό),False,True,
2023/01/09,ΔΙΑΚΟΠΗ ΥΔΡΕΥΣΗΣ,ΚΑΙΣΑΡΙΑΝΗ,Ευφρονίου & Ουμπλιανής,False,False,
2023/01/09,ΔΙΑΚΟΠΗ ΥΔΡΕΥΣΗΣ,ΚΑΙΣΑΡΙΑΝΗ,Ευφρονίου & Ουμπλιανής,False,False,
2023/01/09,ΔΙΑΚΟΠΗ ΥΔΡΕΥΣΗΣ,ΗΛΙΟΥΠΟΛΗ,Κάδμου & Αριστοτέλους,False,True,
2023/01/09,ΔΙΑΚΟΠΗ ΥΔΡΕΥΣΗΣ,ΗΛΙΟΥΠΟΛΗ,Κάδμου & Αριστοτέλους,False,True,
2023/01/09,ΔΙΑΚΟΠΗ ΥΔΡΕΥΣΗΣ,ΣΑΛΑΜΙΝΑ,Μαραθώνος και Σύρου,False,False,
2023/01/09,ΔΙΑΚΟΠΗ ΥΔΡΕΥΣΗΣ,ΣΑΛΑΜΙΝΑ,Μαραθώνος και Σύρου,False,False,
2023/01/09,ΔΙΑΚΟΠΗ ΥΔΡΕΥΣΗΣ,ΝΕΑ ΠΕΝΤΕΛΗ,Αρχιεπισκόπου Μακαρίου και Αγίου Σύλλα,False,False,
2023/01/09,ΔΙΑΚΟΠΗ ΥΔΡΕΥΣΗΣ,Ν. ΠΕΝΤΕΛΗ,Αρχιεπισκόπου Μακαρίου και Αγίου Σύλλα,False,False,
2023/01/10,ΔΙΑΚΟΠΗ ΥΔΡΕΥΣΗΣ,ΝΕΑ ΣΜΥΡΝΗ,Διγενή Ακρίτα και Κιλικίας,False,False,
2023/01/10,ΔΙΑΚΟΠΗ ΥΔΡΕΥΣΗΣ,Ν. ΣΜΥΡΝΗ Α,Διγενή Ακρίτα και Κιλικίας,False,False,
2023/01/10,ΔΙΑΚΟΠΗ ΥΔΡΕΥΣΗΣ,ΧΑΛΑΝΔΡΙ,Χίου και Καρδίτσας,False,False,
2023/01/10,ΔΙΑΚΟΠΗ ΥΔΡΕΥΣΗΣ,ΚΑΤΩ ΧΑΛΑΝΔΡΙ,Χίου και Καρδίτσας,False,False,
2023/01/10,ΔΙΑΚΟΠΗ ΥΔΡΕΥΣΗΣ,ΜΕΓΑΡΑ,28ΗΣ Οκτωβρίου και Καστάνη Γ. ΝΕΑ ΠΕΡΑΜΟΣ,False,False,
2023/01/10,ΔΙΑΚΟΠΗ ΥΔΡΕΥΣΗΣ,ΜΕΓΑΡΑ,28ΗΣ Οκτωβρίου και Καστάνη Γ. ΝΕΑ ΠΕΡΑΜΟΣ,False,False,
2023/01/10,ΔΙΑΚΟΠΗ ΥΔΡΕΥΣΗΣ,ΗΛΙΟΥΠΟΛΗ,Ζαϊμη και Βούλγαρη ΣΤΕΡΗΣΕΙΣ ΧΑΜΗΛΕΣ ΠΙΕΣΕΙΣ ΑΠΟ ΗΛΕΚΤΡΟΛΟΓΙΚΗ ΒΛΑΒΗ ΣΕ ΑΝΤΛΙΟΣΤΑΣΙΟ ΠΕΡΙΟΧΗΣ ΣΑΣ,False,False,
2023/01/10,ΔΙΑΚΟΠΗ ΥΔΡΕΥΣΗΣ,ΗΛΙΟΥΠΟΛΗ,Ζαϊμη και Βούλγαρη ΣΤΕΡΗΣΕΙΣ ΧΑΜΗΛΕΣ ΠΙΕΣΕΙΣ ΑΠΟ ΗΛΕΚΤΡΟΛΟΓΙΚΗ ΒΛΑΒΗ ΣΕ ΑΝΤΛΙΟΣΤΑΣΙΟ ΠΕΡΙΟΧΗΣ ΣΑΣ,False,False,
2023/01/10,ΔΙΑΚΟΠΗ ΥΔΡΕΥΣΗΣ,ΑΣΤΥΝΟΜΙΚΑ,Ζαϊμη και Βούλγαρη ΣΤΕΡΗΣΕΙΣ ΧΑΜΗΛΕΣ ΠΙΕΣΕΙΣ ΑΠΟ ΗΛΕΚΤΡΟΛΟΓΙΚΗ ΒΛΑΒΗ ΣΕ ΑΝΤΛΙΟΣΤΑΣΙΟ ΠΕΡΙΟΧΗΣ ΣΑΣ,False,False,
2023/01/10,ΔΙΑΚΟΠΗ ΥΔΡΕΥΣΗΣ,ΑΓ. ΜΑΡΙΝΑ,Ζαϊμη και Βούλγαρη ΣΤΕΡΗΣΕΙΣ ΧΑΜΗΛΕΣ ΠΙΕΣΕΙΣ ΑΠΟ ΗΛΕΚΤΡΟΛΟΓΙΚΗ ΒΛΑΒΗ ΣΕ ΑΝΤΛΙΟΣΤΑΣΙΟ ΠΕΡΙΟΧΗΣ ΣΑΣ,False,False,
2023/01/10,ΔΙΑΚΟΠΗ ΥΔΡΕΥΣΗΣ,ΚΗΦΙΣΙΑ,Κηφισού και Χελιδονούς,False,False,
2023/01/10,ΔΙΑΚΟΠΗ ΥΔΡΕΥΣΗΣ,ΚΗΦΙΣΙΑ,Κηφισού και Χελιδονούς,False,False,
2023/01/10,ΔΙΑΚΟΠΗ ΥΔΡΕΥΣΗΣ,ΧΑΛΑΝΔΡΙ,Αμυκλών και Εθνικής Αντιστάσεως,False,False,
2023/01/10,ΔΙΑΚΟΠΗ ΥΔΡΕΥΣΗΣ,ΚΑΤΩ ΧΑΛΑΝΔΡΙ,Αμυκλών και Εθνικής Αντιστάσεως,False,False,
2023/01/10,ΔΙΑΚΟΠΗ ΥΔΡΕΥΣΗΣ,ΑΓΙΟΣ ΔΗΜΗΤΡΙΟΣ,Καφαντάρη Γ. και Κωνσταντοπούλου Ηρώς,False,False,
2023/01/10,ΔΙΑΚΟΠΗ ΥΔΡΕΥΣΗΣ,ΑΓ. ΔΗΜΗΤΡΙΟΣ Α,Καφαντάρη Γ. και Κωνσταντοπούλου Ηρώς,False,False,
2023/01/11,ΔΙΑΚΟΠΗ ΥΔΡΕΥΣΗΣ,ΑΧΑΡΝΕΣ,Θ. Παλαιολόγου & Ιαπετού,False,False,
2023/01/11,ΔΙΑΚΟΠΗ ΥΔΡΕΥΣΗΣ,ΑΧΑΡΝΕΣ,Θ. Παλαιολόγου & Ιαπετού,False,False,
2023/01/11,ΔΙΑΚΟΠΗ ΥΔΡΕΥΣΗΣ,ΜΕΤΑΞΟΥΡΓΕΙΟ,Λένορμαν & Οδυσσέως,False,False,
2023/01/11,ΔΙΑΚΟΠΗ ΥΔΡΕΥΣΗΣ,ΑΘΗΝΑ,Λένορμαν & Οδυσσέως,False,False,
2023/01/11,ΔΙΑΚΟΠΗ ΥΔΡΕΥΣΗΣ,Ν. ΛΕΣΒΟΣ,Κουντουριώτου & Σαπφούς,False,False,
2023/01/11,ΔΙΑΚΟΠΗ ΥΔΡΕΥΣΗΣ,ΜΑΡΟΥΣΙ,Κουντουριώτου & Σαπφούς,False,False,
2023/01/11,ΔΙΑΚΟΠΗ ΥΔΡΕΥΣΗΣ,ΝΕΑ ΙΩΝΙΑ,Αλατσατών 14,False,False,
2023/01/11,ΔΙΑΚΟΠΗ ΥΔΡΕΥΣΗΣ,Ν. ΙΩΝΙΑ,Αλατσατών 14,False,False,
2023/01/11,ΔΙΑΚΟΠΗ ΥΔΡΕΥΣΗΣ,ΠΕΡΙΣΤΕΡΙ,Ευάνδρου και Αιτωλών,False,False,
2023/01/11,ΔΙΑΚΟΠΗ ΥΔΡΕΥΣΗΣ,ΑΝΘΟΥΠΟΛΗ,Ευάνδρου και Αιτωλών,False,False,
2023/01/11,ΔΙΑΚΟΠΗ ΥΔΡΕΥΣΗΣ,ΕΛΛΗΝΙΚΟ Π,Βενιζέλου Ελευθ. και 31η,False,True,
2023/01/11,ΔΙΑΚΟΠΗ ΥΔΡΕΥΣΗΣ,ΕΛΛΗΝΙΚΟ,Βενιζέλου Ελευθ. και 31η,False,True,
2023/01/11,ΔΙΑΚΟΠΗ ΥΔΡΕΥΣΗΣ,ΧΑΛΑΝΔΡΙ,Λευκών Ορέων και Πέλλης,False,False,
2023/01/11,ΔΙΑΚΟΠΗ ΥΔΡΕΥΣΗΣ,ΧΑΛΑΝΔΡΙ,Λευκών Ορέων και Πέλλης,False,False,
2023/01/11,ΔΙΑΚΟΠΗ ΥΔΡΕΥΣΗΣ,ΤΟΥΦΑ,Λευκών Ορέων και Πέλλης,False,False,
2023/01/11,ΔΙΑΚΟΠΗ ΥΔΡΕΥΣΗΣ,ΜΕΤΑΜΟΡΦΩΣΗ,Λευκών Ορέων και Πέλλης,False,False,
2023/01/11,ΔΙΑΚΟΠΗ ΥΔΡΕΥΣΗΣ,ΑΓΙΟΣ ΔΗΜΗΤΡΙΟΣ,Πολυκράτους & 25ης Μαρτίου,False,False,
2023/01/11,ΔΙΑΚΟΠΗ ΥΔΡΕΥΣΗΣ,ΑΓ. ΔΗΜΗΤΡΙΟΣ Α,Πολυκράτους & 25ης Μαρτίου,False,False,
2023/01/11,ΔΙΑΚΟΠΗ ΥΔΡΕΥΣΗΣ,ΜΕΓΑΡΑ,Παπαφράγκου και Λεωφ.Καταδρομών( Κουλουριώτικο Μονοπάτι ),False,False,
2023/01/11,ΔΙΑΚΟΠΗ ΥΔΡΕΥΣΗΣ,ΜΕΓΑΡΑ,Παπαφράγκου και Λεωφ.Καταδρομών( Κουλουριώτικο Μονοπάτι ),False,False,
2023/01/11,ΔΙΑΚΟΠΗ ΥΔΡΕΥΣΗΣ,ΑΓΙΑ ΒΑΡΒΑΡΑ,Σμύρνης και Κολοκυθά,False,False,
2023/01/11,ΔΙΑΚΟΠΗ ΥΔΡΕΥΣΗΣ,ΑΓ. ΒΑΡΒΑΡΑ,Σμύρνης και Κολοκυθά,False,False,
2023/01/11,ΔΙΑΚΟΠΗ ΥΔΡΕΥΣΗΣ,ΑΣΠΡΟΠΥΡΓΟΣ,Παναγιάς Φανερωμένης και Κερκύρας,False,False,
2023/01/11,ΔΙΑΚΟΠΗ ΥΔΡΕΥΣΗΣ,ΑΣΠΡΟΠΥΡΓΟΣ,Παναγιάς Φανερωμένης και Κερκύρας,False,False,
2023/01/11,ΔΙΑΚΟΠΗ ΥΔΡΕΥΣΗΣ,ΚΑΤΩ ΠΑΤΗΣΙΑ,Βικέλα και Αχαρνών,False,False,
2023/01/11,ΔΙΑΚΟΠΗ ΥΔΡΕΥΣΗΣ,ΑΘΗΝΑ,Βικέλα και Αχαρνών,False,False,
2023/01/11,ΔΙΑΚΟΠΗ ΥΔΡΕΥΣΗΣ,ΑΓ. ΕΛΕΥΘΕΡΙΟΣ,Βικέλα και Αχαρνών,False,False,
2023/01/11,ΔΙΑΚΟΠΗ ΥΔΡΕΥΣΗΣ,ΑΓΙΟΣ ΔΗΜΗΤΡΙΟΣ,Αγίου Κωνσταντίνου & Ελένης και Φωκίδος,False,False,
2023/01/11,ΔΙΑΚΟΠΗ ΥΔΡΕΥΣΗΣ,ΑΓ. ΔΗΜΗΤΡΙΟΣ Α,Αγίου Κωνσταντίνου & Ελένης και Φωκίδος,False,False,
2023/01/11,ΔΙΑΚΟΠΗ ΥΔΡΕΥΣΗΣ,ΧΟΛΑΡΓΟΣ,Χίου και Τσαλδάρη,False,False,
2023/01/11,ΔΙΑΚΟΠΗ ΥΔΡΕΥΣΗΣ,ΧΟΛΑΡΓΟΣ,Χίου και Τσαλδάρη,False,False,
2023/01/11,ΔΙΑΚΟΠΗ ΥΔΡΕΥΣΗΣ,ΝΕΑ ΣΜΥΡΝΗ,Μεγάλου Σπηλαίου και Αίνου,False,False,
2023/01/11,ΔΙΑΚΟΠΗ ΥΔΡΕΥΣΗΣ,Ν. ΣΜΥΡΝΗ Α,Μεγάλου Σπηλαίου και Αίνου,False,False,
2023/01/11,ΔΙΑΚΟΠΗ ΥΔΡΕΥΣΗΣ,ΚΑΡΕΑΣ,Αναπήρων Πολέμου και 25ης Μαρτίου,False,False,
2023/01/11,ΔΙΑΚΟΠΗ ΥΔΡΕΥΣΗΣ,ΒΥΡΩΝΑΣ,Αναπήρων Πολέμου και 25ης Μαρτίου,False,False,
2023/01/12,ΔΙΑΚΟΠΗ ΥΔΡΕΥΣΗΣ,ΜΕΤΑΜΟΡΦΩΣΗ,Αγ.Κωνσταντίνου και Λευκωσίας,False,False,
2023/01/12,ΔΙΑΚΟΠΗ ΥΔΡΕΥΣΗΣ,ΜΕΤΑΜΟΡΦΩΣΗ,Αγ.Κωνσταντίνου και Λευκωσίας,False,False,
2023/01/12,ΔΙΑΚΟΠΗ ΥΔΡΕΥΣΗΣ,ΝΕΑ ΠΕΝΤΕΛΗ,Βελεστίνου και Έλλης,False,False,
2023/01/12,ΔΙΑΚΟΠΗ ΥΔΡΕΥΣΗΣ,Ν. ΠΕΝΤΕΛΗ,Βελεστίνου και Έλλης,False,False,
2023/01/12,ΔΙΑΚΟΠΗ ΥΔΡΕΥΣΗΣ,ΛΑΜΠΡΙΝΗ,Ορφανίδου και Σιβόρων,False,False,
2023/01/12,ΔΙΑΚΟΠΗ ΥΔΡΕΥΣΗΣ,ΑΝΩ ΠΑΤΗΣΙΑ,Ορφανίδου και Σιβόρων,False,False,
2023/01/12,ΔΙΑΚΟΠΗ ΥΔΡΕΥΣΗΣ,ΑΘΗΝΑ,Ορφανίδου και Σιβόρων,False,False,
2023/01/12,ΔΙΑΚΟΠΗ ΥΔΡΕΥΣΗΣ,ΧΑΡΑΥΓΗ Η,Μπουμπουλίνας και Ξάνθου,False,False,
2023/01/12,ΔΙΑΚΟΠΗ ΥΔΡΕΥΣΗΣ,ΑΧΑΡΝΕΣ,Μπουμπουλίνας και Ξάνθου,False,False,
2023/01/12,ΔΙΑΚΟΠΗ ΥΔΡΕΥΣΗΣ,ΣΑΛΑΜΙΝΑ,Μπότσαρη Μαρκ και 25ης Μαρτίου ΒΑΣΙΛΙΚΑ,False,False,
2023/01/12,ΔΙΑΚΟΠΗ ΥΔΡΕΥΣΗΣ,ΣΑΛΑΜΙΝΑ,Μπότσαρη Μαρκ και 25ης Μαρτίου ΒΑΣΙΛΙΚΑ,False,False,
2023/01/12,ΔΙΑΚΟΠΗ ΥΔΡΕΥΣΗΣ,ΤΟΥΡΚΟΛΙΜΑΝΟ,Καραγιώργη Σερβίας και Παπαδιαμάντη,False,False,
2023/01/12,ΔΙΑΚΟΠΗ ΥΔΡΕΥΣΗΣ,ΠΕΙΡΑΙΑΣ,Καραγιώργη Σερβίας και Παπαδιαμάντη,False,False,
2023/01/12,ΔΙΑΚΟΠΗ ΥΔΡΕΥΣΗΣ,ΚΑΣΤΕΛΛΑ,Καραγιώργη Σερβίας και Παπαδιαμάντη,False,False,
2023/01/12,ΔΙΑΚΟΠΗ ΥΔΡΕΥΣΗΣ,ΑΣΠΡΟΠΥΡΓΟΣ,Καπετάν Ευκλείδη και Ελλάς Ποντίων,False,False,
2023/01/12,ΔΙΑΚΟΠΗ ΥΔΡΕΥΣΗΣ,ΑΣΠΡΟΠΥΡΓΟΣ,Καπετάν Ευκλείδη και Ελλάς Ποντίων,False,False,
2023/01/12,ΔΙΑΚΟΠΗ ΥΔΡΕΥΣΗΣ,ΜΕΓΑΡΑ,28ΗΣ ΟΚΤΩΒΡΙΟΥ και ΠΑΛΑΙΑ ΕΘΝΙΚΗ ΟΔΟΣ,False,False,
2023/01/12,ΔΙΑΚΟΠΗ ΥΔΡΕΥΣΗΣ,ΜΕΓΑΡΑ,28ΗΣ ΟΚΤΩΒΡΙΟΥ και ΠΑΛΑΙΑ ΕΘΝΙΚΗ ΟΔΟΣ,False,False,
2023/01/12,ΔΙΑΚΟΠΗ ΥΔΡΕΥΣΗΣ,ΑΘΗΝΑ,Μαγνησίας και Αχαρνών,False,False,
2023/01/12,ΔΙΑΚΟΠΗ ΥΔΡΕΥΣΗΣ,ΑΓ. ΠΑΝΤΕΛΕΗΜΟΝΑΣ,Μαγνησίας και Αχαρνών,False,False,
2023/01/12,ΔΙΑΚΟΠΗ ΥΔΡΕΥΣΗΣ,ΑΓΙΟΣ ΔΗΜΗΤΡΙΟΣ,Kατσίμπα και Παπαδήμα,False,False,
2023/01/12,ΔΙΑΚΟΠΗ ΥΔΡΕΥΣΗΣ,ΑΓ. ΔΗΜΗΤΡΙΟΣ Α,Kατσίμπα και Παπαδήμα,False,False,
2023/01/12,ΔΙΑΚΟΠΗ ΥΔΡΕΥΣΗΣ,ΚΑΛΛΙΘΕΑ,Γεμιστού Πλήθωνος και Αλ. Πάντου,False,False,
2023/01/12,ΔΙΑΚΟΠΗ ΥΔΡΕΥΣΗΣ,ΚΑΛΛΙΘΕΑ,Γεμιστού Πλήθωνος και Αλ. Πάντου,False,False,
2023/01/12,ΔΙΑΚΟΠΗ ΥΔΡΕΥΣΗΣ,ΚΑΡΕΑΣ,Λεωφ. Αγ. Ιωάννου Καρέα και 28ης Οκτωβρίου,False,False,
2023/01/12,ΔΙΑΚΟΠΗ ΥΔΡΕΥΣΗΣ,ΒΥΡΩΝΑΣ,Λεωφ. Αγ. Ιωάννου Καρέα και 28ης Οκτωβρίου,False,False,
2023/01/12,ΔΙΑΚΟΠΗ ΥΔΡΕΥΣΗΣ,ΚΕΡΑΤΣΙΝΙ,Πηλίου και Βύρωνος,False,False,
2023/01/12,ΔΙΑΚΟΠΗ ΥΔΡΕΥΣΗΣ,ΚΕΡΑΤΣΙΝΙ,Πηλίου και Βύρωνος,False,False,
2023/01/13,ΔΙΑΚΟΠΗ ΥΔΡΕΥΣΗΣ,ΒΑΡΥΜΠΟΜΠΗ,Αγίου Αντωνίου και Πλατάνων,False,False,
2023/01/13,ΔΙΑΚΟΠΗ ΥΔΡΕΥΣΗΣ,ΑΧΑΡΝΕΣ,Αγίου Αντωνίου και Πλατάνων,False,False,
2023/01/13,ΔΙΑΚΟΠΗ ΥΔΡΕΥΣΗΣ,ΗΛΙΟΥΠΟΛΗ,Άθου και Λ.Παπάγου,False,False,
2023/01/13,ΔΙΑΚΟΠΗ ΥΔΡΕΥΣΗΣ,ΜΑΡΟΥΣΙ,Χαϊμαντά και Ρόδου,False,False,
2023/01/13,ΔΙΑΚΟΠΗ ΥΔΡΕΥΣΗΣ,ΜΑΡΟΥΣΙ,Χαϊμαντά και Ρόδου,False,False,
2023/01/13,ΔΙΑΚΟΠΗ ΥΔΡΕΥΣΗΣ,ΠΑΛΑΙΟ ΦΑΛΗΡΟ,Αγησιλάου και Πλουτάρχου,False,False,
2023/01/13,ΔΙΑΚΟΠΗ ΥΔΡΕΥΣΗΣ,Π. ΦΑΛΗΡΟ,Αγησιλάου και Πλουτάρχου,False,False,
2023/01/13,ΔΙΑΚΟΠΗ ΥΔΡΕΥΣΗΣ,ΜΕΝΙΔΙ,Κωνσταντινουπόλεως και Σκουφά,False,False,
2023/01/13,ΔΙΑΚΟΠΗ ΥΔΡΕΥΣΗΣ,ΑΧΑΡΝΕΣ,Κωνσταντινουπόλεως και Σκουφά,False,False,
2023/01/13,ΔΙΑΚΟΠΗ ΥΔΡΕΥΣΗΣ,ΚΟΡΥΔΑΛΛΟΣ,Υγείας και Αθηνάς,False,False,
2023/01/13,ΔΙΑΚΟΠΗ ΥΔΡΕΥΣΗΣ,ΚΟΡΥΔΑΛΛΟΣ,Υγείας και Αθηνάς,False,False,
2023/01/13,ΔΙΑΚΟΠΗ ΥΔΡΕΥΣΗΣ,ΜΕΝΙΔΙ,Μπούκη και Κωνσταντινουπόλεως,False,False,
2023/01/13,ΔΙΑΚΟΠΗ ΥΔΡΕΥΣΗΣ,ΑΧΑΡΝΕΣ,Μπούκη και Κωνσταντινουπόλεως,False,False,
2023/01/13,ΔΙΑΚΟΠΗ ΥΔΡΕΥΣΗΣ,ΚΑΜΑΤΕΡΟ,Μακεδονίας και Αλιέντε,False,False,
2023/01/13,ΔΙΑΚΟΠΗ ΥΔΡΕΥΣΗΣ,ΚΑΜΑΤΕΡΟ,Μακεδονίας και Αλιέντε,False,False,
2023/01/14,ΔΙΑΚΟΠΗ ΥΔΡΕΥΣΗΣ,ΙΛΙΣΙΑ,Αγίας Λαύρας & Δαβάκη - Πίνδου,False,False,
2023/01/14,ΔΙΑΚΟΠΗ ΥΔΡΕΥΣΗΣ,ΖΩΓΡΑΦΟΣ,Αγίας Λαύρας & Δαβάκη - Πίνδου,False,False,
2023/01/14,ΔΙΑΚΟΠΗ ΥΔΡΕΥΣΗΣ,ΑΓΙΟΣ ΙΩΑΝΝΗΣ ΡΕΝΤΗΣ,Ν. Στράτου & Βαρίκα,False,False,
2023/01/14,ΔΙΑΚΟΠΗ ΥΔΡΕΥΣΗΣ,ΑΓ. Ι. ΡΕΝΤΗΣ,Ν. Στράτου & Βαρίκα,False,False,
2023/01/14,ΔΙΑΚΟΠΗ ΥΔΡΕΥΣΗΣ,ΚΟΡΥΔΑΛΛΟΣ,Ηπείρου & Δημητρακοπούλου,False,True,
2023/01/14,ΔΙΑΚΟΠΗ ΥΔΡΕΥΣΗΣ,ΚΟΡΥΔΑΛΛΟΣ,Ηπείρου & Δημητρακοπούλου,False,True,
2023/01/14,ΔΙΑΚΟΠΗ ΥΔΡΕΥΣΗΣ,ΑΣΠΡΟΠΥΡΓΟΣ,Μακεδονίας & Κοθωκιδών,False,False,
2023/01/14,ΔΙΑΚΟΠΗ ΥΔΡΕΥΣΗΣ,ΑΣΠΡΟΠΥΡΓΟΣ,Μακεδονίας & Κοθωκιδών,False,False,
2023/01/14,ΔΙΑΚΟΠΗ ΥΔΡΕΥΣΗΣ,ΗΛΙΟΥΠΟΛΗ,Κάδμου & Αριστοτέλους,False,True,
2023/01/14,ΔΙΑΚΟΠΗ ΥΔΡΕΥΣΗΣ,ΗΛΙΟΥΠΟΛΗ,Κάδμου & Αριστοτέλους,False,True,
2023/01/14,ΔΙΑΚΟΠΗ ΥΔΡΕΥΣΗΣ,ΚΟΚΚΙΝΑΡΑΣ,Ιωνίας & Λεβίδου,False,False,
2023/01/14,ΔΙΑΚΟΠΗ ΥΔΡΕΥΣΗΣ,ΚΗΦΙΣΙΑ,Ιωνίας & Λεβίδου,False,False,
2023/01/14,ΔΙΑΚΟΠΗ ΥΔΡΕΥΣΗΣ,ΕΛΛΗΝΙΚΟ Α,29η και Μυστρά,False,False,
2023/01/14,ΔΙΑΚΟΠΗ ΥΔΡΕΥΣΗΣ,ΕΛΛΗΝΙΚΟ,29η και Μυστρά,False,False,
2023/01/15,ΔΙΑΚΟΠΗ ΥΔΡΕΥΣΗΣ,ΑΓΙΑ ΒΑΡΒΑΡΑ,Βουτένης και Σίφνου,False,False,
2023/01/15,ΔΙΑΚΟΠΗ ΥΔΡΕΥΣΗΣ,ΑΓ. ΒΑΡΒΑΡΑ,Βουτένης και Σίφνου,False,False,
2023/01/15,ΔΙΑΚΟΠΗ ΥΔΡΕΥΣΗΣ,ΚΥΨΕΛΗ,Κρέσνας και Σκύρου,False,False,
2023/01/15,ΔΙΑΚΟΠΗ ΥΔΡΕΥΣΗΣ,ΑΘΗΝΑ,Κρέσνας και Σκύρου,False,False,
2023/01/15,ΔΙΑΚΟΠΗ ΥΔΡΕΥΣΗΣ,ΝΕΑ ΠΕΡΑΜΟΣ,Συρρακου και Περάμου,False,False,
2023/01/15,ΔΙΑΚΟΠΗ ΥΔΡΕΥΣΗΣ,Ν. ΠΕΡΑΜΟΣ,Συρρακου και Περάμου,False,False,
2023/01/15,ΔΙΑΚΟΠΗ ΥΔΡΕΥΣΗΣ,ΜΑΡΟΥΣΙ,Νεραντζιωτίσσης & Γαλάτειας,False,False,
2023/01/15,ΔΙΑΚΟΠΗ ΥΔΡΕΥΣΗΣ,ΜΑΡΟΥΣΙ,Νεραντζιωτίσσης & Γαλάτειας,False,False,
2023/01/15,ΔΙΑΚΟΠΗ ΥΔΡΕΥΣΗΣ,ΑΣΠΡΟΠΥΡΓΟΣ,Ευαγγελιστρίας & Αισχίνου,False,False,
2023/01/15,ΔΙΑΚΟΠΗ ΥΔΡΕΥΣΗΣ,ΑΣΠΡΟΠΥΡΓΟΣ,Ευαγγελιστρίας & Αισχίνου,False,False,
2023/01/15,ΔΙΑΚΟΠΗ ΥΔΡΕΥΣΗΣ,ΚΑΡΕΑΣ,28ης Οκτωβρίου & Θυμάτων Πολέμου,False,False,
2023/01/15,ΔΙΑΚΟΠΗ ΥΔΡΕΥΣΗΣ,ΒΥΡΩΝΑΣ,28ης Οκτωβρίου & Θυμάτων Πολέμου,False,False,
2023/01/15,ΔΙΑΚΟΠΗ ΥΔΡΕΥΣΗΣ,ΜΕΝΙΔΙ,Θ. Παλαιολόγου & Π. Χρηστοβασίλη,False,False,
2023/01/15,ΔΙΑΚΟΠΗ ΥΔΡΕΥΣΗΣ,ΑΧΑΡΝΕΣ,Θ. Παλαιολόγου & Π. Χρηστοβασίλη,False,False,
2023/01/15,ΔΙΑΚΟΠΗ ΥΔΡΕΥΣΗΣ,ΚΑΛΑΜΑΚΙ,Αρτέμιδος & Μεγίστης,False,False,
2023/01/15,ΔΙΑΚΟΠΗ ΥΔΡΕΥΣΗΣ,ΑΛΙΜΟΣ,Αρτέμιδος & Μεγίστης,False,False,
2023/01/15,ΔΙΑΚΟΠΗ ΥΔΡΕΥΣΗΣ,ΠΕΙΡΑΙΑΣ,Νικοδήμου και Μαβίλη,False,False,
2023/01/15,ΔΙΑΚΟΠΗ ΥΔΡΕΥΣΗΣ,ΚΑΣΤΕΛΛΑ,Νικοδήμου και Μαβίλη,False,False,
2023/01/15,ΔΙΑΚΟΠΗ ΥΔΡΕΥΣΗΣ,ΚΗΦΙΣΙΑ,Φιλαδελφέως και Γούναρη,False,False,
2023/01/15,ΔΙΑΚΟΠΗ ΥΔΡΕΥΣΗΣ,ΚΑΡΕΑΣ,Πλατεία Βιάνου και Ελλήνων Πατριωτών,False,False,
2023/01/15,ΔΙΑΚΟΠΗ ΥΔΡΕΥΣΗΣ,ΒΥΡΩΝΑΣ,Πλατεία Βιάνου και Ελλήνων Πατριωτών,False,False,
2023/01/15,ΔΙΑΚΟΠΗ ΥΔΡΕΥΣΗΣ,ΜΕΝΙΔΙ,Νάξου και Τύχης,False,False,
2023/01/15,ΔΙΑΚΟΠΗ ΥΔΡΕΥΣΗΣ,ΑΧΑΡΝΕΣ,Νάξου και Τύχης,False,False,
2023/01/15,ΔΙΑΚΟΠΗ ΥΔΡΕΥΣΗΣ,ΣΤΑΘΜΟΣ ΛΑΡΙΣΗΣ,Μεταξά Νεοφύτου και Χίου,False,False,
2023/01/15,ΔΙΑΚΟΠΗ ΥΔΡΕΥΣΗΣ,ΑΘΗΝΑ,Μεταξά Νεοφύτου και Χίου,False,False,
2023/01/15,ΔΙΑΚΟΠΗ ΥΔΡΕΥΣΗΣ,ΚΑΡΕΑΣ,28ης Οκτωβρίου και Πλατεία Βιαννού,False,False,
2023/01/15,ΔΙΑΚΟΠΗ ΥΔΡΕΥΣΗΣ,ΒΥΡΩΝΑΣ,28ης Οκτωβρίου και Πλατεία Βιαννού,False,False,
2023/01/15,ΔΙΑΚΟΠΗ ΥΔΡΕΥΣΗΣ,ΠΕΙΡΑΙΑΣ,Τσαμαδού και Εθνικης Αντιστάσεως,False,False,
2023/01/15,ΔΙΑΚΟΠΗ ΥΔΡΕΥΣΗΣ,ΠΕΙΡΑΙΑΣ,Τσαμαδού και Εθνικης Αντιστάσεως,False,False,
2023/01/16,ΔΙΑΚΟΠΗ ΥΔΡΕΥΣΗΣ,ΑΓΙΟΣ ΔΗΜΗΤΡΙΟΣ,Λευκών Ορέων και Πωγωνίου,False,False,
2023/01/16,ΔΙΑΚΟΠΗ ΥΔΡΕΥΣΗΣ,ΑΓ. ΔΗΜΗΤΡΙΟΣ Α,Λευκών Ορέων και Πωγωνίου,False,False,
2023/01/16,ΔΙΑΚΟΠΗ ΥΔΡΕΥΣΗΣ,ΠΑΤΗΣΙΑ,Δροσοπούλου και Σπύρου Λάμπρου,False,False,
2023/01/16,ΔΙΑΚΟΠΗ ΥΔΡΕΥΣΗΣ,ΑΘΗΝΑ,Δροσοπούλου και Σπύρου Λάμπρου,False,False,
2023/01/16,ΔΙΑΚΟΠΗ ΥΔΡΕΥΣΗΣ,ΠΑΤΗΣΙΑ,Δροσοπούλου και Γρηγοροβίου,False,False,
2023/01/16,ΔΙΑΚΟΠΗ ΥΔΡΕΥΣΗΣ,ΑΘΗΝΑ,Δροσοπούλου και Γρηγοροβίου,False,False,
2023/01/16,ΔΙΑΚΟΠΗ ΥΔΡΕΥΣΗΣ,ΖΩΓΡΑΦΟΣ,Κονίτσης και Λουλουδιών,False,False,
2023/01/16,ΔΙΑΚΟΠΗ ΥΔΡΕΥΣΗΣ,ΓΟΥΔΙ,Κονίτσης και Λουλουδιών,False,False,
2023/01/16,ΔΙΑΚΟΠΗ ΥΔΡΕΥΣΗΣ,ΧΟΛΑΡΓΟΣ,Χίου και Παναγή Τσαλδάρη,False,False,
2023/01/16,ΔΙΑΚΟΠΗ ΥΔΡΕΥΣΗΣ,ΧΟΛΑΡΓΟΣ,Χίου και Παναγή Τσαλδάρη,False,False,
2023/01/16,ΔΙΑΚΟΠΗ ΥΔΡΕΥΣΗΣ,ΣΑΛΑΜΙΝΑ,"Περιστερίων και Πύργου, περιοχή Πέρανι",False,False,
2023/01/16,ΔΙΑΚΟΠΗ ΥΔΡΕΥΣΗΣ,ΣΑΛΑΜΙΝΑ,"Περιστερίων και Πύργου, περιοχή Πέρανι",False,False,
2023/01/16,ΔΙΑΚΟΠΗ ΥΔΡΕΥΣΗΣ,ΝΙΚΑΙΑ,Βαλαωρίτου και Παλαμά,False,True,
2023/01/16,ΔΙΑΚΟΠΗ ΥΔΡΕΥΣΗΣ,ΝΙΚΑΙΑ,Βαλαωρίτου και Παλαμά,False,True,
2023/01/16,ΔΙΑΚΟΠΗ ΥΔΡΕΥΣΗΣ,ΑΣΠΡΟΠΥΡΓΟΣ,Ευαγγελιστρίας και Καλαβρύτων,False,False,
2023/01/16,ΔΙΑΚΟΠΗ ΥΔΡΕΥΣΗΣ,ΑΣΠΡΟΠΥΡΓΟΣ,Ευαγγελιστρίας και Καλαβρύτων,False,False,
2023/01/16,ΔΙΑΚΟΠΗ ΥΔΡΕΥΣΗΣ,ΠΕΙΡΑΙΑΣ,Υψηλάντου και Τσαμαδού,False,False,
2023/01/16,ΔΙΑΚΟΠΗ ΥΔΡΕΥΣΗΣ,ΠΕΙΡΑΙΑΣ,Υψηλάντου και Τσαμαδού,False,False,
2023/01/16,ΔΙΑΚΟΠΗ ΥΔΡΕΥΣΗΣ,ΚΗΦΙΣΙΑ,Δροσίνη και Μιλτιάδου,False,False,
2023/01/16,ΔΙΑΚΟΠΗ ΥΔΡΕΥΣΗΣ,ΚΗΦΙΣΙΑ,Δροσίνη και Μιλτιάδου,False,False,
2023/01/16,ΔΙΑΚΟΠΗ ΥΔΡΕΥΣΗΣ,ΚΡΗΤΙΚΑ,Ηρακλείου και Τσακάλωφ,False,False,
2023/01/16,ΔΙΑΚΟΠΗ ΥΔΡΕΥΣΗΣ,ΓΑΛΑΤΣΙ,Ηρακλείου και Τσακάλωφ,False,False,
2023/01/16,ΔΙΑΚΟΠΗ ΥΔΡΕΥΣΗΣ,ΚΡΗΤΙΚΑ,Μεσολογγίου και Γαλατσίου,False,False,
2023/01/16,ΔΙΑΚΟΠΗ ΥΔΡΕΥΣΗΣ,ΓΑΛΑΤΣΙ,Μεσολογγίου και Γαλατσίου,False,False,
2023/01/16,ΔΙΑΚΟΠΗ ΥΔΡΕΥΣΗΣ,ΒΟΥΛΑ,Κιλκίς και Σκρα,False,True,
2023/01/16,ΔΙΑΚΟΠΗ ΥΔΡΕΥΣΗΣ,ΒΟΥΛΑ,Κιλκίς και Σκρα,False,True,
2023/01/16,ΔΙΑΚΟΠΗ ΥΔΡΕΥΣΗΣ,ΝΕΑ ΣΜΥΡΝΗ,Αποστολάκη και Λιγνάδη,False,True,
2023/01/16,ΔΙΑΚΟΠΗ ΥΔΡΕΥΣΗΣ,ΑΛΣΟΣ,Αποστολάκη και Λιγνάδη,False,True,
2023/01/16,ΔΙΑΚΟΠΗ ΥΔΡΕΥΣΗΣ,ΣΟΥΡΜΕΝΑ  Α,Πόντου και Κολχίδος,False,False,
2023/01/16,ΔΙΑΚΟΠΗ ΥΔΡΕΥΣΗΣ,ΕΛΛΗΝΙΚΟ,Πόντου και Κολχίδος,False,False,
2023/01/16,ΔΙΑΚΟΠΗ ΥΔΡΕΥΣΗΣ,ΚΑΡΕΑΣ,28ης Οκτωβρίου και Πλατεία Βιάνου,False,False,
2023/01/16,ΔΙΑΚΟΠΗ ΥΔΡΕΥΣΗΣ,ΒΥΡΩΝΑΣ,28ης Οκτωβρίου και Πλατεία Βιάνου,False,False,
2023/01/16,ΔΙΑΚΟΠΗ ΥΔΡΕΥΣΗΣ,ΣΑΛΑΜΙΝΑ,"Σολωμού και Κοιμήσεως της Θεοτόκου, ΒΑΣΙΛΙΚΑ, ΜΠΛΕ ΛΙΜΑΝΙ",False,False,
2023/01/16,ΔΙΑΚΟΠΗ ΥΔΡΕΥΣΗΣ,ΣΑΛΑΜΙΝΑ,"Σολωμού και Κοιμήσεως της Θεοτόκου, ΒΑΣΙΛΙΚΑ, ΜΠΛΕ ΛΙΜΑΝΙ",False,False,
2023/01/16,ΔΙΑΚΟΠΗ ΥΔΡΕΥΣΗΣ,ΑΘΗΝΑ,Ανδροκλέους και Τιμοκλέους,False,False,
2023/01/16,ΔΙΑΚΟΠΗ ΥΔΡΕΥΣΗΣ,ΑΓ. ΑΡΤΕΜΙΟΣ,Ανδροκλέους και Τιμοκλέους,False,False,
2023/01/16,ΔΙΑΚΟΠΗ ΥΔΡΕΥΣΗΣ,ΖΩΓΡΑΦΟΥ,Αργυροκάστρου και Οπουντίων Λοκρών,False,False,
2023/01/16,ΔΙΑΚΟΠΗ ΥΔΡΕΥΣΗΣ,ΖΩΓΡΑΦΟΣ,Αργυροκάστρου και Οπουντίων Λοκρών,False,False,
2023/01/17,ΔΙΑΚΟΠΗ ΥΔΡΕΥΣΗΣ,ΖΩΓΡΑΦΟΣ,Κονίτσης και Λουλουδιών,False,False,
2023/01/17,ΔΙΑΚΟΠΗ ΥΔΡΕΥΣΗΣ,ΓΟΥΔΙ,Κονίτσης και Λουλουδιών,False,False,
2023/01/17,ΔΙΑΚΟΠΗ ΥΔΡΕΥΣΗΣ,ΠΑΤΗΣΙΑ,Νάξου και Πάρου,False,False,
2023/01/17,ΔΙΑΚΟΠΗ ΥΔΡΕΥΣΗΣ,ΑΘΗΝΑ,Νάξου και Πάρου,False,False,
2023/01/17,ΔΙΑΚΟΠΗ ΥΔΡΕΥΣΗΣ,ΧΑΛΑΝΔΡΙ,Νίκης και Σαχτούρη,False,False,
2023/01/17,ΔΙΑΚΟΠΗ ΥΔΡΕΥΣΗΣ,ΚΑΤΩ ΧΑΛΑΝΔΡΙ,Νίκης και Σαχτούρη,False,False,
2023/01/17,ΔΙΑΚΟΠΗ ΥΔΡΕΥΣΗΣ,ΝΕΑ ΣΜΥΡΝΗ,Καππαδοκίας και Νεαπόλεως,False,False,
2023/01/17,ΔΙΑΚΟΠΗ ΥΔΡΕΥΣΗΣ,Ν. ΣΜΥΡΝΗ Α,Καππαδοκίας και Νεαπόλεως,False,False,
2023/01/17,ΔΙΑΚΟΠΗ ΥΔΡΕΥΣΗΣ,ΠΕΥΚΗΣ,Πόντου και Παπαφλέσσα,False,False,
2023/01/17,ΔΙΑΚΟΠΗ ΥΔΡΕΥΣΗΣ,ΠΕΥΚΗ,Πόντου και Παπαφλέσσα,False,False,
2023/01/17,ΔΙΑΚΟΠΗ ΥΔΡΕΥΣΗΣ,ΣΑΛΑΜΙΝΑ,Λεωφ. Δωδεκανήσου και Αστυπάλαιας,False,False,
2023/01/17,ΔΙΑΚΟΠΗ ΥΔΡΕΥΣΗΣ,ΣΑΛΑΜΙΝΑ,Λεωφ. Δωδεκανήσου και Αστυπάλαιας,False,False,
2023/01/17,ΔΙΑΚΟΠΗ ΥΔΡΕΥΣΗΣ,ΠΑΓΚΡΑΤΙ,Λεωσθένους και Καφαντάρη,False,True,
2023/01/17,ΔΙΑΚΟΠΗ ΥΔΡΕΥΣΗΣ,ΑΘΗΝΑ,Λεωσθένους και Καφαντάρη,False,True,
2023/01/17,ΔΙΑΚΟΠΗ ΥΔΡΕΥΣΗΣ,ΚΕΡΑΤΣΙΝΙ,Κάλβου και Γρ. Λαμπράκη,False,True,
2023/01/17,ΔΙΑΚΟΠΗ ΥΔΡΕΥΣΗΣ,ΚΕΡΑΤΣΙΝΙ,Κάλβου και Γρ. Λαμπράκη,False,True,
2023/01/17,ΔΙΑΚΟΠΗ ΥΔΡΕΥΣΗΣ,ΝΙΚΑΙΑ,Ατταλείας και Παπαδιαμάντη,False,True,
2023/01/17,ΔΙΑΚΟΠΗ ΥΔΡΕΥΣΗΣ,ΝΙΚΑΙΑ,Ατταλείας και Παπαδιαμάντη,False,True,
2023/01/17,ΔΙΑΚΟΠΗ ΥΔΡΕΥΣΗΣ,ΧΑΛΑΝΔΡΙ,Παπανικολή και Νικηταρά,False,False,
2023/01/17,ΔΙΑΚΟΠΗ ΥΔΡΕΥΣΗΣ,ΧΑΛΑΝΔΡΙ,Παπανικολή και Νικηταρά,False,False,
2023/01/17,ΔΙΑΚΟΠΗ ΥΔΡΕΥΣΗΣ,ΑΜΠΕΛΟΚΗΠΟΙ,Καταρτζή και Τριφυλλίας,False,False,
2023/01/17,ΔΙΑΚΟΠΗ ΥΔΡΕΥΣΗΣ,ΑΘΗΝΑ,Καταρτζή και Τριφυλλίας,False,False,
2023/01/17,ΔΙΑΚΟΠΗ ΥΔΡΕΥΣΗΣ,ΜΕΤΑΜΟΡΦΩΣΗ,Πευκών και Μπάρκουλη,False,False,
2023/01/17,ΔΙΑΚΟΠΗ ΥΔΡΕΥΣΗΣ,ΜΕΤΑΜΟΡΦΩΣΗ,Πευκών και Μπάρκουλη,False,False,
2023/01/17,ΔΙΑΚΟΠΗ ΥΔΡΕΥΣΗΣ,ΝΕΟ ΨΥΧΙΚΟ,Δελφών και Στρατηγού Μακρυγιάννη,False,False,
2023/01/17,ΔΙΑΚΟΠΗ ΥΔΡΕΥΣΗΣ,Ν. ΨΥΧΙΚΟ,Δελφών και Στρατηγού Μακρυγιάννη,False,False,
2023/01/17,ΔΙΑΚΟΠΗ ΥΔΡΕΥΣΗΣ,ΓΛΥΦΑΔΑ,Ναυσικάς και Τύχης,False,False,
2023/01/17,ΔΙΑΚΟΠΗ ΥΔΡΕΥΣΗΣ,ΓΛΥΦΑΔΑ,Ναυσικάς και Τύχης,False,False,
2023/01/18,ΔΙΑΚΟΠΗ ΥΔΡΕΥΣΗΣ,ΠΕΡΑΜΑ,Ηπείρου και Πελοποννήσου,False,False,
2023/01/18,ΔΙΑΚΟΠΗ ΥΔΡΕΥΣΗΣ,ΠΕΡΑΜΑ,Ηπείρου και Πελοποννήσου,False,False,
2023/01/18,ΔΙΑΚΟΠΗ ΥΔΡΕΥΣΗΣ,ΑΝΩ ΠΑΤΗΣΙΑ,Ξανθουλίδου και Ρενιέρη,False,False,
2023/01/18,ΔΙΑΚΟΠΗ ΥΔΡΕΥΣΗΣ,ΑΘΗΝΑ,Ξανθουλίδου και Ρενιέρη,False,False,
2023/01/18,ΔΙΑΚΟΠΗ ΥΔΡΕΥΣΗΣ,ΙΛΙΟΝ,Αίαντος και Κάστορος,False,False,
2023/01/18,ΔΙΑΚΟΠΗ ΥΔΡΕΥΣΗΣ,ΙΛΙΟΝ,Αίαντος και Κάστορος,False,False,
2023/01/18,ΔΙΑΚΟΠΗ ΥΔΡΕΥΣΗΣ,ΝΕΟ ΨΥΧΙΚΟ,Στρ. Μακρυγιάννη και Δελφών,False,False,
2023/01/18,ΔΙΑΚΟΠΗ ΥΔΡΕΥΣΗΣ,Ν. ΨΥΧΙΚΟ,Στρ. Μακρυγιάννη και Δελφών,False,False,
2023/01/18,ΔΙΑΚΟΠΗ ΥΔΡΕΥΣΗΣ,ΠΕΙΡΑΙΑΣ,Χορμοβίτου και Λακωνίας,False,False,
2023/01/18,ΔΙΑΚΟΠΗ ΥΔΡΕΥΣΗΣ,ΠΕΙΡΑΙΑΣ,Χορμοβίτου και Λακωνίας,False,False,
2023/01/18,ΔΙΑΚΟΠΗ ΥΔΡΕΥΣΗΣ,ΓΚΥΖΗ,Πατριάρχου Ιερεμίου και Ανδρέα Κάλβου,False,False,
2023/01/18,ΔΙΑΚΟΠΗ ΥΔΡΕΥΣΗΣ,ΑΘΗΝΑ,Πατριάρχου Ιερεμίου και Ανδρέα Κάλβου,False,False,
2023/01/18,ΔΙΑΚΟΠΗ ΥΔΡΕΥΣΗΣ,ΜΑΡΟΥΣΙ,Χειμάρρας και Υμηττού,False,False,
2023/01/18,ΔΙΑΚΟΠΗ ΥΔΡΕΥΣΗΣ,ΜΑΡΟΥΣΙ,Χειμάρρας και Υμηττού,False,False,
2023/01/18,ΔΙΑΚΟΠΗ ΥΔΡΕΥΣΗΣ,ΓΛΥΦΑΔΑ,Δημάρχου Μεταξά και Ξάνθου,False,False,
2023/01/18,ΔΙΑΚΟΠΗ ΥΔΡΕΥΣΗΣ,ΣΑΛΑΜΙΝΑ,Λεωφόρος Ελ.Βενιζέλου και Ελπίδος,False,False,
2023/01/18,ΔΙΑΚΟΠΗ ΥΔΡΕΥΣΗΣ,ΑΜΠΕΛΑΚΙΑ,Λεωφόρος Ελ.Βενιζέλου και Ελπίδος,False,False,
2023/01/18,ΔΙΑΚΟΠΗ ΥΔΡΕΥΣΗΣ,ΚΗΦΙΣΙΑ,Ομήρου και Ταϋγέτου,False,False,
2023/01/18,ΔΙΑΚΟΠΗ ΥΔΡΕΥΣΗΣ,ΚΗΦΙΣΙΑ,Ομήρου και Ταϋγέτου,False,False,
2023/01/18,ΔΙΑΚΟΠΗ ΥΔΡΕΥΣΗΣ,ΙΛΙΟΝ,Αίαντος και Ρεθύμνης,False,False,
2023/01/18,ΔΙΑΚΟΠΗ ΥΔΡΕΥΣΗΣ,ΑΓΙΑ ΠΑΡΑΣΚΕΥΗ,Χαλανδρίου και Σουλίου,False,False,
2023/01/18,ΔΙΑΚΟΠΗ ΥΔΡΕΥΣΗΣ,ΑΧΑΡΝΕΣ,Ιωνίας και Μεστών,False,False,
2023/01/18,ΔΙΑΚΟΠΗ ΥΔΡΕΥΣΗΣ,ΠΑΛΑΙΟ ΦΑΛΗΡΟ,Κρήτης και Κνωσού,False,True,
2023/01/18,ΔΙΑΚΟΠΗ ΥΔΡΕΥΣΗΣ,ΝΕΟ ΨΥΧΙΚΟ,Στρ.Μακρυγιάννη και Δελφών,False,False,
2023/01/18,ΔΙΑΚΟΠΗ ΥΔΡΕΥΣΗΣ,ΛΑΜΠΡΙΝΗ,Σιβόρων και Ανδριτσαίνης,False,False,
2023/01/18,ΔΙΑΚΟΠΗ ΥΔΡΕΥΣΗΣ,ΑΘΗΝΑ,Σιβόρων και Ανδριτσαίνης,False,False,
2023/01/19,ΔΙΑΚΟΠΗ ΥΔΡΕΥΣΗΣ,ΚΟΛΩΝΟΣ,Λένορμαν και Βραχωρίου,False,False,
2023/01/19,ΔΙΑΚΟΠΗ ΥΔΡΕΥΣΗΣ,ΑΘΗΝΑ,Λένορμαν και Βραχωρίου,False,False,
2023/01/19,ΔΙΑΚΟΠΗ ΥΔΡΕΥΣΗΣ,ΤΑΜΠΟΥΡΙΑ,Δράμας και Ασκληπιού,False,False,
2023/01/19,ΔΙΑΚΟΠΗ ΥΔΡΕΥΣΗΣ,ΠΕΙΡΑΙΑΣ,Δράμας και Ασκληπιού,False,False,
2023/01/19,ΔΙΑΚΟΠΗ ΥΔΡΕΥΣΗΣ,ΠΕΡΙΣΤΕΡΙ,Λεωφόρο Κηφισού και Αγίας Παρασκευής,False,False,
2023/01/19,ΔΙΑΚΟΠΗ ΥΔΡΕΥΣΗΣ,ΠΕΡΙΣΤΕΡΙ,Λεωφόρο Κηφισού και Αγίας Παρασκευής,False,False,
2023/01/19,ΔΙΑΚΟΠΗ ΥΔΡΕΥΣΗΣ,ΜΕΤΑΜΟΡΦΩΣΗ,Παπανδρέου Γεωργίου και Μυτιλήνης,False,False,
2023/01/19,ΔΙΑΚΟΠΗ ΥΔΡΕΥΣΗΣ,ΜΕΤΑΜΟΡΦΩΣΗ,Παπανδρέου Γεωργίου και Μυτιλήνης,False,False,
2023/01/19,ΔΙΑΚΟΠΗ ΥΔΡΕΥΣΗΣ,ΖΩΓΡΑΦΟΣ,Αριστομένους και Οπουντίων Λοκρών,False,False,
2023/01/19,ΔΙΑΚΟΠΗ ΥΔΡΕΥΣΗΣ,ΓΟΥΔΙ,Αριστομένους και Οπουντίων Λοκρών,False,False,
2023/01/19,ΔΙΑΚΟΠΗ ΥΔΡΕΥΣΗΣ,ΙΛΙΟΝ,Λεωφ. Ανδρέα Παπανδρέου και Δουκάδων,False,False,
2023/01/19,ΔΙΑΚΟΠΗ ΥΔΡΕΥΣΗΣ,ΙΛΙΟΝ,Λεωφ. Ανδρέα Παπανδρέου και Δουκάδων,False,False,
2023/01/19,ΔΙΑΚΟΠΗ ΥΔΡΕΥΣΗΣ,ΚΟΡΥΔΑΛΛΟΣ,Σουρή και Διαμαντίδη,False,False,
2023/01/19,ΔΙΑΚΟΠΗ ΥΔΡΕΥΣΗΣ,ΚΟΡΥΔΑΛΛΟΣ,Σουρή και Διαμαντίδη,False,False,
2023/01/19,ΔΙΑΚΟΠΗ ΥΔΡΕΥΣΗΣ,ΚΕΡΑΤΣΙΝΙ,Ρήγα Φεραίου και Καποδιστρίου,False,False,
2023/01/19,ΔΙΑΚΟΠΗ ΥΔΡΕΥΣΗΣ,ΚΕΡΑΤΣΙΝΙ,Ρήγα Φεραίου και Καποδιστρίου,False,False,
2023/01/19,ΔΙΑΚΟΠΗ ΥΔΡΕΥΣΗΣ,ΧΑΛΑΝΔΡΙ,Μακεδονίας και Σπάρτης,False,False,
2023/01/19,ΔΙΑΚΟΠΗ ΥΔΡΕΥΣΗΣ,ΠΑΤΗΜΑ,Μακεδονίας και Σπάρτης,False,False,
2023/01/19,ΔΙΑΚΟΠΗ ΥΔΡΕΥΣΗΣ,ΒΟΥΛΑ,Κιλκίς και Σκρα,False,True,
2023/01/19,ΔΙΑΚΟΠΗ ΥΔΡΕΥΣΗΣ,ΒΟΥΛΑ,Κιλκίς και Σκρα,False,True,
2023/01/19,ΔΙΑΚΟΠΗ ΥΔΡΕΥΣΗΣ,ΤΕΡΨΙΘΕΑ,Σμύρνης και Γεννηματά,False,False,
2023/01/19,ΔΙΑΚΟΠΗ ΥΔΡΕΥΣΗΣ,ΓΛΥΦΑΔΑ,Σμύρνης και Γεννηματά,False,False,
2023/01/19,ΔΙΑΚΟΠΗ ΥΔΡΕΥΣΗΣ,ΓΛΥΦΑΔΑ,Αγίου Τρύφωνος και Αρχιπελάγους,False,False,
2023/01/19,ΔΙΑΚΟΠΗ ΥΔΡΕΥΣΗΣ,ΑΝΩ ΓΛΥΦΑΔΑ,Αγίου Τρύφωνος και Αρχιπελάγους,False,False,
2023/01/19,ΔΙΑΚΟΠΗ ΥΔΡΕΥΣΗΣ,ΠΕΡΑΜΑ,Σκρα και Παναγίας Γιάτρισσας Περάματος,False,False,
2023/01/19,ΔΙΑΚΟΠΗ ΥΔΡΕΥΣΗΣ,ΠΕΡΑΜΑ,Σκρα και Παναγίας Γιάτρισσας Περάματος,False,False,
2023/01/19,ΔΙΑΚΟΠΗ ΥΔΡΕΥΣΗΣ,ΒΟΥΛΑ,Σολωμού και Μεταξά,False,False,
2023/01/19,ΔΙΑΚΟΠΗ ΥΔΡΕΥΣΗΣ,ΒΟΥΛΑ,Σολωμού και Μεταξά,False,False,
2023/01/19,ΔΙΑΚΟΠΗ ΥΔΡΕΥΣΗΣ,ΠΕΙΡΑΙΑΣ,Δογάνης και Κατσαντώνη,False,False,
2023/01/19,ΔΙΑΚΟΠΗ ΥΔΡΕΥΣΗΣ,ΠΕΙΡΑΙΑΣ,Δογάνης και Κατσαντώνη,False,False,
2023/01/20,ΔΙΑΚΟΠΗ ΥΔΡΕΥΣΗΣ,ΠΕΡΑΜΑ,Πελοποννήσου και Θράκης,False,False,
2023/01/20,ΔΙΑΚΟΠΗ ΥΔΡΕΥΣΗΣ,ΠΕΡΑΜΑ,Πελοποννήσου και Θράκης,False,False,
2023/01/20,ΔΙΑΚΟΠΗ ΥΔΡΕΥΣΗΣ,ΠΑΛΛΗΝΗΣ,Κρήτης και Λέσβου,False,False,
2023/01/20,ΔΙΑΚΟΠΗ ΥΔΡΕΥΣΗΣ,ΠΑΛΛΗΝΗ,Κρήτης και Λέσβου,False,False,
2023/01/20,ΔΙΑΚΟΠΗ ΥΔΡΕΥΣΗΣ,ΠΕΡΑΜΑ,Σκρα και Μεγ. Αλεξάνδρου,False,False,
2023/01/20,ΔΙΑΚΟΠΗ ΥΔΡΕΥΣΗΣ,ΠΕΡΑΜΑ,Σκρα και Μεγ. Αλεξάνδρου,False,False,
2023/01/20,ΔΙΑΚΟΠΗ ΥΔΡΕΥΣΗΣ,ΦΙΛΟΘΕΗ,Αγ. Φιλοθέης & 28ης Οκτωβρίου,False,False,
2023/01/20,ΔΙΑΚΟΠΗ ΥΔΡΕΥΣΗΣ,ΦΙΛΟΘΕΗ,Αγ. Φιλοθέης & 28ης Οκτωβρίου,False,False,
2023/01/20,ΔΙΑΚΟΠΗ ΥΔΡΕΥΣΗΣ,ΘΡΑΚΟΜΑΚΕΔΟΝΕΣ,Καρατάσιου & Φιλίππου Β',False,False,
2023/01/20,ΔΙΑΚΟΠΗ ΥΔΡΕΥΣΗΣ,ΑΧΑΡΝΕΣ,Καρατάσιου & Φιλίππου Β',False,False,
2023/01/20,ΔΙΑΚΟΠΗ ΥΔΡΕΥΣΗΣ,ΤΕΡΨΙΘΕΑ,Δαρδανελλ?ων & Αττικής,False,False,
2023/01/20,ΔΙΑΚΟΠΗ ΥΔΡΕΥΣΗΣ,ΓΛΥΦΑΔΑ,Δαρδανελλ?ων & Αττικής,False,False,
2023/01/20,ΔΙΑΚΟΠΗ ΥΔΡΕΥΣΗΣ,ΧΑΛΑΝΔΡΙ,Σολωμού & Μαυρομιχαλέων και Π. Μελά & Γρίβα,False,False,
2023/01/20,ΔΙΑΚΟΠΗ ΥΔΡΕΥΣΗΣ,ΚΑΤΩ ΧΑΛΑΝΔΡΙ,Σολωμού & Μαυρομιχαλέων και Π. Μελά & Γρίβα,False,False,
2023/01/20,ΔΙΑΚΟΠΗ ΥΔΡΕΥΣΗΣ,ΜΑΡΟΥΣΙ,Ματρόζου & Νηρηίδων,False,False,
2023/01/20,ΔΙΑΚΟΠΗ ΥΔΡΕΥΣΗΣ,ΜΑΡΟΥΣΙ,Ματρόζου & Νηρηίδων,False,False,
2023/01/20,ΔΙΑΚΟΠΗ ΥΔΡΕΥΣΗΣ,ΠΕΡΑΜΑ,Σκρα και Παναγίας Γιάτρισσας Περάματος,False,False,
2023/01/20,ΔΙΑΚΟΠΗ ΥΔΡΕΥΣΗΣ,ΠΕΡΑΜΑ,Σκρα και Παναγίας Γιάτρισσας Περάματος,False,False,
2023/01/20,ΔΙΑΚΟΠΗ ΥΔΡΕΥΣΗΣ,ΨΥΡΡΗ,Σαρρή και Αριστοφάνους,False,False,
2023/01/20,ΔΙΑΚΟΠΗ ΥΔΡΕΥΣΗΣ,ΑΘΗΝΑ,Σαρρή και Αριστοφάνους,False,False,
2023/01/21,ΔΙΑΚΟΠΗ ΥΔΡΕΥΣΗΣ,ΚΗΦΙΣΙΑ,Βιλτανιώτη και Μενεξέδων,False,False,
2023/01/21,ΔΙΑΚΟΠΗ ΥΔΡΕΥΣΗΣ,ΚΗΦΙΣΙΑ,Βιλτανιώτη και Μενεξέδων,False,False,
2023/01/21,ΔΙΑΚΟΠΗ ΥΔΡΕΥΣΗΣ,ΠΕΡΑΜΑ,Σκρα και Παναγίας Γιάτρισσας,False,False,
2023/01/21,ΔΙΑΚΟΠΗ ΥΔΡΕΥΣΗΣ,ΠΕΡΑΜΑ,Σκρα και Παναγίας Γιάτρισσας,False,False,
2023/01/21,ΔΙΑΚΟΠΗ ΥΔΡΕΥΣΗΣ,ΑΧΑΡΝΕΣ,Κολοκοτρώνη και Ευζώνων,False,False,
2023/01/21,ΔΙΑΚΟΠΗ ΥΔΡΕΥΣΗΣ,ΑΧΑΡΝΕΣ,Κολοκοτρώνη και Ευζώνων,False,False,
2023/01/21,ΔΙΑΚΟΠΗ ΥΔΡΕΥΣΗΣ,ΑΧΑΡΝΕΣ,Αγίου Διονυσίου και Δ.Μαρίνη,False,False,
2023/01/21,ΔΙΑΚΟΠΗ ΥΔΡΕΥΣΗΣ,ΑΧΑΡΝΕΣ,Αγίου Διονυσίου και Δ.Μαρίνη,False,False,
2023/01/21,ΔΙΑΚΟΠΗ ΥΔΡΕΥΣΗΣ,ΑΧΑΡΝΕΣ,Μπουμπουλίνας και Γ.Βρεττού,False,False,
2023/01/21,ΔΙΑΚΟΠΗ ΥΔΡΕΥΣΗΣ,ΑΧΑΡΝΕΣ,Μπουμπουλίνας και Γ.Βρεττού,False,False,
2023/01/21,ΔΙΑΚΟΠΗ ΥΔΡΕΥΣΗΣ,ΨΥΧΙΚΟ,Αθανασιάδου και Δόλασικ,False,False,
2023/01/21,ΔΙΑΚΟΠΗ ΥΔΡΕΥΣΗΣ,ΨΥΧΙΚΟ,Αθανασιάδου και Δόλασικ,False,False,
2023/01/21,ΔΙΑΚΟΠΗ ΥΔΡΕΥΣΗΣ,ΧΑΛΑΝΔΡΙ,Αμυκλών και Μυκόνου,False,False,
2023/01/21,ΔΙΑΚΟΠΗ ΥΔΡΕΥΣΗΣ,ΧΑΛΑΝΔΡΙ,Αμυκλών και Μυκόνου,False,False,
2023/01/21,ΔΙΑΚΟΠΗ ΥΔΡΕΥΣΗΣ,ΒΥΡΩΝΑΣ,Ακροπολίτου 6,False,True,
2023/01/21,ΔΙΑΚΟΠΗ ΥΔΡΕΥΣΗΣ,ΝΕΑ ΣΜΥΡΝΗ,Αποστολάκη και Αιγαίου,False,True,
2023/01/21,ΔΙΑΚΟΠΗ ΥΔΡΕΥΣΗΣ,ΧΑΛΑΝΔΡΙ,Παύλου Μελά και Σολωμού,False,False,
2023/01/21,ΔΙΑΚΟΠΗ ΥΔΡΕΥΣΗΣ,ΚΡΗΤΙΚΑ,Σαμουήλ Καλογήρου και Σουλίου,False,False,
2023/01/21,ΔΙΑΚΟΠΗ ΥΔΡΕΥΣΗΣ,ΓΑΛΑΤΣΙ,Σαμουήλ Καλογήρου και Σουλίου,False,False,
2023/01/21,ΔΙΑΚΟΠΗ ΥΔΡΕΥΣΗΣ,ΠΕΡΙΣΤΕΡΙ,Ευκαλύπτων και Nηρηίδων,False,False,
2023/01/21,ΔΙΑΚΟΠΗ ΥΔΡΕΥΣΗΣ,ΠΕΡΙΣΤΕΡΙ,Ευκαλύπτων και Nηρηίδων,False,False,
2023/01/21,ΔΙΑΚΟΠΗ ΥΔΡΕΥΣΗΣ,ΧΑΛΑΝΔΡΙ,Επιδαύρου και Ποταμού Καλαμά,False,False,
2023/01/21,ΔΙΑΚΟΠΗ ΥΔΡΕΥΣΗΣ,ΧΑΛΑΝΔΡΙ,Επιδαύρου και Ποταμού Καλαμά,False,False,
2023/01/22,ΔΙΑΚΟΠΗ ΥΔΡΕΥΣΗΣ,ΚΟΡΜΠΙ,Τριπόλεως και Αστυπαλαίας,False,False,
2023/01/22,ΔΙΑΚΟΠΗ ΥΔΡΕΥΣΗΣ,ΒΑΡΗ,Τριπόλεως και Αστυπαλαίας,False,False,
2023/01/22,ΔΙΑΚΟΠΗ ΥΔΡΕΥΣΗΣ,ΠΕΙΡΑΙΑΣ,Νεωρίων και Βασ.Γεωργίου Β.,False,False,
2023/01/22,ΔΙΑΚΟΠΗ ΥΔΡΕΥΣΗΣ,ΚΑΣΤΕΛΛΑ,Νεωρίων και Βασ.Γεωργίου Β.,False,False,
2023/01/22,ΔΙΑΚΟΠΗ ΥΔΡΕΥΣΗΣ,ΣΑΛΑΜΙΝΑ,Φανερωμένης και Αγίου Γεωργίου(Στενό),False,False,
2023/01/22,ΔΙΑΚΟΠΗ ΥΔΡΕΥΣΗΣ,ΠΕΤΡΑΛΩΝΑ,Κυμαίων και Ερυσίχθονος,False,False,
2023/01/22,ΔΙΑΚΟΠΗ ΥΔΡΕΥΣΗΣ,ΑΘΗΝΑ,Κυμαίων και Ερυσίχθονος,False,False,
2023/01/22,ΔΙΑΚΟΠΗ ΥΔΡΕΥΣΗΣ,ΨΥΧΙΚΟ,Δαβάκη και Τρεμπεσίνας,False,False,
2023/01/22,ΔΙΑΚΟΠΗ ΥΔΡΕΥΣΗΣ,ΨΥΧΙΚΟ,Δαβάκη και Τρεμπεσίνας,False,False,
2023/01/22,ΔΙΑΚΟΠΗ ΥΔΡΕΥΣΗΣ,ΜΗΛΑΔΕΖΑ,Αιγαίου και Σολωμού,False,False,
2023/01/22,ΔΙΑΚΟΠΗ ΥΔΡΕΥΣΗΣ,ΒΑΡΗ,Αιγαίου και Σολωμού,False,False,
2023/01/22,ΔΙΑΚΟΠΗ ΥΔΡΕΥΣΗΣ,ΜΟΣΧΑΤΟ,Μακεδονίας και Πάτμου,False,False,
2023/01/22,ΔΙΑΚΟΠΗ ΥΔΡΕΥΣΗΣ,ΜΟΣΧΑΤΟ,Μακεδονίας και Πάτμου,False,False,
2023/01/23,ΔΙΑΚΟΠΗ ΥΔΡΕΥΣΗΣ,ΑΓΙΟΣ ΔΗΜΗΤΡΙΟΣ,Λεωφ. Αγ. Δημητρίου & Διδυμοτείχου,False,False,
2023/01/23,ΔΙΑΚΟΠΗ ΥΔΡΕΥΣΗΣ,ΑΓ. ΔΗΜΗΤΡΙΟΣ Α,Λεωφ. Αγ. Δημητρίου & Διδυμοτείχου,False,False,
2023/01/23,ΔΙΑΚΟΠΗ ΥΔΡΕΥΣΗΣ,ΓΑΛΑΤΣΙ,Ιπποκράτους και Λυσίου,False,False,
2023/01/23,ΔΙΑΚΟΠΗ ΥΔΡΕΥΣΗΣ,ΓΑΛΑΤΣΙ,Ιπποκράτους και Λυσίου,False,False,
2023/01/23,ΔΙΑΚΟΠΗ ΥΔΡΕΥΣΗΣ,ΣΑΛΑΜΙΝΑ,Αγ. Παρασκευής και Γαλαξία ΒΡΟΝΤΟΥ,False,False,
2023/01/23,ΔΙΑΚΟΠΗ ΥΔΡΕΥΣΗΣ,ΣΑΛΑΜΙΝΑ,Αγ. Παρασκευής και Γαλαξία ΒΡΟΝΤΟΥ,False,False,
2023/01/23,ΔΙΑΚΟΠΗ ΥΔΡΕΥΣΗΣ,ΑΙΑΝΤΕΙΟ,Αγ. Παρασκευής και Γαλαξία ΒΡΟΝΤΟΥ,False,False,
2023/01/23,ΔΙΑΚΟΠΗ ΥΔΡΕΥΣΗΣ,ΠΕΤΡΟΥΠΟΛΗ,Ανατολικής Ρωμυλίας και Εθν. Αντιστάσεως,False,False,
2023/01/23,ΔΙΑΚΟΠΗ ΥΔΡΕΥΣΗΣ,ΠΕΤΡΟΥΠΟΛΗ,Ανατολικής Ρωμυλίας και Εθν. Αντιστάσεως,False,False,
2023/01/23,ΔΙΑΚΟΠΗ ΥΔΡΕΥΣΗΣ,ΑΧΑΡΝΕΣ,Κλισαμπάρδα και Στρατηγού Μακρυγιάννη,False,False,
2023/01/23,ΔΙΑΚΟΠΗ ΥΔΡΕΥΣΗΣ,ΑΓ. ΠΕΤΡΟΣ,Κλισαμπάρδα και Στρατηγού Μακρυγιάννη,False,False,
2023/01/23,ΔΙΑΚΟΠΗ ΥΔΡΕΥΣΗΣ,ΝΕΑ ΣΜΥΡΝΗ,Νεαπόλεως και Εθνικής Στέγης,False,False,
2023/01/23,ΔΙΑΚΟΠΗ ΥΔΡΕΥΣΗΣ,Ν. ΣΜΥΡΝΗ Α,Νεαπόλεως και Εθνικής Στέγης,False,False,
2023/01/23,ΔΙΑΚΟΠΗ ΥΔΡΕΥΣΗΣ,ΒΟΥΛΑ,Λέρου & Αστυπάλαιας,False,False,
2023/01/23,ΔΙΑΚΟΠΗ ΥΔΡΕΥΣΗΣ,ΒΟΥΛΑ,Λέρου & Αστυπάλαιας,False,False,
2023/01/23,ΔΙΑΚΟΠΗ ΥΔΡΕΥΣΗΣ,ΖΩΓΡΑΦΟΥ,Ιπποκρήνης και Παναγούλη Αλεξάνδρου,False,False,
2023/01/23,ΔΙΑΚΟΠΗ ΥΔΡΕΥΣΗΣ,ΖΩΓΡΑΦΟΣ,Ιπποκρήνης και Παναγούλη Αλεξάνδρου,False,False,
2023/01/23,ΔΙΑΚΟΠΗ ΥΔΡΕΥΣΗΣ,ΚΑΛΛΙΘΕΑ,Γρυπάρη και Αριστογείτονος,False,False,
2023/01/23,ΔΙΑΚΟΠΗ ΥΔΡΕΥΣΗΣ,ΚΑΛΛΙΘΕΑ,Γρυπάρη και Αριστογείτονος,False,False,
2023/01/23,ΔΙΑΚΟΠΗ ΥΔΡΕΥΣΗΣ,ΑΡΓΥΡΟΥΠΟΛΗ Α,Πελοποννήσου & Επτανήσου,False,False,
2023/01/23,ΔΙΑΚΟΠΗ ΥΔΡΕΥΣΗΣ,ΑΡΓΥΡΟΥΠΟΛΗ,Πελοποννήσου & Επτανήσου,False,False,
2023/01/23,ΔΙΑΚΟΠΗ ΥΔΡΕΥΣΗΣ,ΜΕΛΙΣΣΙΑ,Ηρώων Πολυτεχνείου και Μυκόνου,False,False,
2023/01/23,ΔΙΑΚΟΠΗ ΥΔΡΕΥΣΗΣ,ΜΕΛΙΣΣΙΑ,Ηρώων Πολυτεχνείου και Μυκόνου,False,False,
2023/01/23,ΔΙΑΚΟΠΗ ΥΔΡΕΥΣΗΣ,ΓΑΛΑΤΣΙ,Ιπποκράτους και Αγίας Γλυκερίας,False,True,
2023/01/23,ΔΙΑΚΟΠΗ ΥΔΡΕΥΣΗΣ,ΓΑΛΑΤΣΙ,Ιπποκράτους και Αγίας Γλυκερίας,False,True,
2023/01/23,ΔΙΑΚΟΠΗ ΥΔΡΕΥΣΗΣ,ΑΙΓΑΛΕΩ,Ίμβρου και Έλλης,False,False,
2023/01/23,ΔΙΑΚΟΠΗ ΥΔΡΕΥΣΗΣ,ΑΙΓΑΛΕΩ,Ίμβρου και Έλλης,False,False,
2023/01/23,ΔΙΑΚΟΠΗ ΥΔΡΕΥΣΗΣ,ΑΓΙΟΣ ΔΗΜΗΤΡΙΟΣ,Θεσσαλίας και Στρατάρχου Αλεξάνδρου Παπάγου,False,False,
2023/01/23,ΔΙΑΚΟΠΗ ΥΔΡΕΥΣΗΣ,ΑΓ. ΔΗΜΗΤΡΙΟΣ Α,Θεσσαλίας και Στρατάρχου Αλεξάνδρου Παπάγου,False,False,
2023/01/23,ΔΙΑΚΟΠΗ ΥΔΡΕΥΣΗΣ,Ν. ΦΙΛΟΘΕΗ Α,Νικολάου Φλώρου και Αγαμέμνονος Μεταξά,False,True,
2023/01/23,ΔΙΑΚΟΠΗ ΥΔΡΕΥΣΗΣ,ΑΘΗΝΑ,Νικολάου Φλώρου και Αγαμέμνονος Μεταξά,False,True,
2023/01/23,ΔΙΑΚΟΠΗ ΥΔΡΕΥΣΗΣ,ΜΑΡΟΥΣΙ,Αθηνάς & Βρυώνη (Επηρεάζεται η περιοχή ΚΑΤ),False,False,
2023/01/23,ΔΙΑΚΟΠΗ ΥΔΡΕΥΣΗΣ,ΜΑΡΟΥΣΙ,Αθηνάς & Βρυώνη (Επηρεάζεται η περιοχή ΚΑΤ),False,False,
2023/01/23,ΔΙΑΚΟΠΗ ΥΔΡΕΥΣΗΣ,ΗΡΑΚΛΕΙΟ,Πλαπούτα & Ελευθερωτών,False,False,
2023/01/23,ΔΙΑΚΟΠΗ ΥΔΡΕΥΣΗΣ,ΗΡΑΚΛΕΙΟ,Πλαπούτα & Ελευθερωτών,False,False,
2023/01/23,ΔΙΑΚΟΠΗ ΥΔΡΕΥΣΗΣ,ΝΕΑ ΙΩΝΙΑ,Δωδεκανήσου & Μεσσηνίας,False,False,
2023/01/23,ΔΙΑΚΟΠΗ ΥΔΡΕΥΣΗΣ,ΑΛΣΟΥΠΟΛΗ,Δωδεκανήσου & Μεσσηνίας,False,False,
2023/01/24,ΔΙΑΚΟΠΗ ΥΔΡΕΥΣΗΣ,ΚΗΦΙΣΙΑ,Μαρ. Αντύπα και Οπλαρχηγού Αραβοσιτά ΑΓΙΑ ΚΥΡΙΑΚΗ ΟΡΙΑ ΜΕ ΛΥΚΟΒΡΥΣΗ,False,False,
2023/01/24,ΔΙΑΚΟΠΗ ΥΔΡΕΥΣΗΣ,ΚΑΤΩ ΚΗΦΙΣΙΑ,Μαρ. Αντύπα και Οπλαρχηγού Αραβοσιτά ΑΓΙΑ ΚΥΡΙΑΚΗ ΟΡΙΑ ΜΕ ΛΥΚΟΒΡΥΣΗ,False,False,
2023/01/24,ΔΙΑΚΟΠΗ ΥΔΡΕΥΣΗΣ,ΚΟΛΙΑΤΣΟΥ,Κέας και Κιθαιρώνος,False,False,
2023/01/24,ΔΙΑΚΟΠΗ ΥΔΡΕΥΣΗΣ,ΑΘΗΝΑ,Κέας και Κιθαιρώνος,False,False,
2023/01/24,ΔΙΑΚΟΠΗ ΥΔΡΕΥΣΗΣ,ΚΥΨΕΛΗ,Μάκρης & Πάρνηθος,False,True,
2023/01/24,ΔΙΑΚΟΠΗ ΥΔΡΕΥΣΗΣ,ΑΘΗΝΑ,Μάκρης & Πάρνηθος,False,True,
2023/01/24,ΔΙΑΚΟΠΗ ΥΔΡΕΥΣΗΣ,ΗΡΑΚΛΕΙΟ,Αγ.Στεφάνου & 25ης Μαρτίου,False,False,
2023/01/24,ΔΙΑΚΟΠΗ ΥΔΡΕΥΣΗΣ,ΗΡΑΚΛΕΙΟ,Αγ.Στεφάνου & 25ης Μαρτίου,False,False,
2023/01/24,ΔΙΑΚΟΠΗ ΥΔΡΕΥΣΗΣ,ΚΟΡΥΔΑΛΛΟΣ,Σουλίου & Μ. Αλεξάνδρου,False,False,
2023/01/24,ΔΙΑΚΟΠΗ ΥΔΡΕΥΣΗΣ,ΚΟΡΥΔΑΛΛΟΣ,Σουλίου & Μ. Αλεξάνδρου,False,False,
2023/01/24,ΔΙΑΚΟΠΗ ΥΔΡΕΥΣΗΣ,ΧΑΙΔΑΡΙΟΥ,Ξενοπούλου & Σουκαντζίδη,False,False,
2023/01/24,ΔΙΑΚΟΠΗ ΥΔΡΕΥΣΗΣ,ΧΑΙΔΑΡΙ,Ξενοπούλου & Σουκαντζίδη,False,False,
2023/01/24,ΔΙΑΚΟΠΗ ΥΔΡΕΥΣΗΣ,Ν. ΗΡΑΚΛΕΙΟ,Βαλτετσίου & Ευτυχίας,False,False,
2023/01/24,ΔΙΑΚΟΠΗ ΥΔΡΕΥΣΗΣ,ΗΡΑΚΛΕΙΟ,Βαλτετσίου & Ευτυχίας,False,False,
2023/01/24,ΔΙΑΚΟΠΗ ΥΔΡΕΥΣΗΣ,ΚΟΡΥΔΑΛΛΟΣ,Μεγάλου Αλεξάνδρου και Σουλίου,False,False,
2023/01/24,ΔΙΑΚΟΠΗ ΥΔΡΕΥΣΗΣ,ΚΟΡΥΔΑΛΛΟΣ,Μεγάλου Αλεξάνδρου και Σουλίου,False,False,
2023/01/24,ΔΙΑΚΟΠΗ ΥΔΡΕΥΣΗΣ,ΝΕΑ ΠΕΡΑΜΟΣ,28ης Οκτωβρίου και Θωμά Γεωργιάδου,False,False,
2023/01/24,ΔΙΑΚΟΠΗ ΥΔΡΕΥΣΗΣ,Ν. ΠΕΡΑΜΟΣ,28ης Οκτωβρίου και Θωμά Γεωργιάδου,False,False,
2023/01/24,ΔΙΑΚΟΠΗ ΥΔΡΕΥΣΗΣ,ΣΑΛΑΜΙΝΑ,Άγγελου Σικελιανού και Λεωφ. Αιαντείου,False,False,
2023/01/24,ΔΙΑΚΟΠΗ ΥΔΡΕΥΣΗΣ,ΑΙΑΝΤΕΙΟ,Άγγελου Σικελιανού και Λεωφ. Αιαντείου,False,False,
2023/01/24,ΔΙΑΚΟΠΗ ΥΔΡΕΥΣΗΣ,ΚΟΡΥΔΑΛΛΟΣ,Σκουφά & Πλαστήρα,False,True,
2023/01/24,ΔΙΑΚΟΠΗ ΥΔΡΕΥΣΗΣ,ΚΟΡΥΔΑΛΛΟΣ,Σκουφά & Πλαστήρα,False,True,
2023/01/24,ΔΙΑΚΟΠΗ ΥΔΡΕΥΣΗΣ,ΚΟΡΥΔΑΛΛΟΣ,Ηπείρου & Λαρίσης,False,True,
2023/01/24,ΔΙΑΚΟΠΗ ΥΔΡΕΥΣΗΣ,ΚΟΡΥΔΑΛΛΟΣ,Ηπείρου & Λαρίσης,False,True,
2023/01/24,ΔΙΑΚΟΠΗ ΥΔΡΕΥΣΗΣ,ΖΩΓΡΑΦΟΥ,Ιπποκρήνης & Κοκκινοπούλου,False,False,
2023/01/24,ΔΙΑΚΟΠΗ ΥΔΡΕΥΣΗΣ,ΖΩΓΡΑΦΟΣ,Ιπποκρήνης & Κοκκινοπούλου,False,False,
2023/01/24,ΔΙΑΚΟΠΗ ΥΔΡΕΥΣΗΣ,ΗΛΙΟΥΠΟΛΗ,Κυλλήνης & Λεωφ.Πατριάρχου Γρηγορίου Ε΄,False,False,
2023/01/24,ΔΙΑΚΟΠΗ ΥΔΡΕΥΣΗΣ,ΗΛΙΟΥΠΟΛΗ,Κυλλήνης & Λεωφ.Πατριάρχου Γρηγορίου Ε΄,False,False,
2023/01/24,ΔΙΑΚΟΠΗ ΥΔΡΕΥΣΗΣ,ΓΛΥΦΑΔΑ,Ρεθύμνου 18 και Λ. Ελ. Βενιζέλου,False,False,
2023/01/24,ΔΙΑΚΟΠΗ ΥΔΡΕΥΣΗΣ,ΓΛΥΦΑΔΑ,Ρεθύμνου 18 και Λ. Ελ. Βενιζέλου,False,False,
2023/01/24,ΔΙΑΚΟΠΗ ΥΔΡΕΥΣΗΣ,ΗΡΑΚΛΕΙΟ,Πρασίνου Λόφου και Μανιακίου,False,False,
2023/01/24,ΔΙΑΚΟΠΗ ΥΔΡΕΥΣΗΣ,ΗΡΑΚΛΕΙΟ,Πρασίνου Λόφου και Μανιακίου,False,False,
2023/01/24,ΔΙΑΚΟΠΗ ΥΔΡΕΥΣΗΣ,ΕΛΕΥΣΙΝΑ,Λάσκου και Μουρίκη,False,False,
2023/01/24,ΔΙΑΚΟΠΗ ΥΔΡΕΥΣΗΣ,ΕΛΕΥΣΙΝΑ,Λάσκου και Μουρίκη,False,False,
2023/01/24,ΔΙΑΚΟΠΗ ΥΔΡΕΥΣΗΣ,ΗΛΙΟΥΠΟΛΗ,Σαγγαρίου και Πλατεία Θεσσαλονίκης,False,False,
2023/01/24,ΔΙΑΚΟΠΗ ΥΔΡΕΥΣΗΣ,ΗΛΙΟΥΠΟΛΗ,Σαγγαρίου και Πλατεία Θεσσαλονίκης,False,False,
2023/01/25,ΔΙΑΚΟΠΗ ΥΔΡΕΥΣΗΣ,ΘΡΑΚΟΜΑΚΕΔΟΝΕΣ,Ολυμπίων και Μητροπόλεως,False,False,
2023/01/25,ΔΙΑΚΟΠΗ ΥΔΡΕΥΣΗΣ,ΘΡΑΚΟΜΑΚΕΔΟΝΕΣ,Ολυμπίων και Μητροπόλεως,False,False,
2023/01/25,ΔΙΑΚΟΠΗ ΥΔΡΕΥΣΗΣ,Π. ΗΡΑΚΛΕΙΟ,Στρατάρχου Αλέξ.Παπάγου και Πολέμη,False,False,
2023/01/25,ΔΙΑΚΟΠΗ ΥΔΡΕΥΣΗΣ,ΗΡΑΚΛΕΙΟ,Στρατάρχου Αλέξ.Παπάγου και Πολέμη,False,False,
2023/01/25,ΔΙΑΚΟΠΗ ΥΔΡΕΥΣΗΣ,ΝΙΚΑΙΑ,Θηβών και Ολυμπίας,False,False,
2023/01/25,ΔΙΑΚΟΠΗ ΥΔΡΕΥΣΗΣ,ΝΙΚΑΙΑ,Θηβών και Ολυμπίας,False,False,
2023/01/25,ΔΙΑΚΟΠΗ ΥΔΡΕΥΣΗΣ,ΠΛ. ΑΜΕΡΙΚΗΣ,Μηθύμνης και Δροσοπούλου,False,False,
2023/01/25,ΔΙΑΚΟΠΗ ΥΔΡΕΥΣΗΣ,ΚΥΨΕΛΗ,Μηθύμνης και Δροσοπούλου,False,False,
2023/01/25,ΔΙΑΚΟΠΗ ΥΔΡΕΥΣΗΣ,ΑΘΗΝΑ,Μηθύμνης και Δροσοπούλου,False,False,
2023/01/25,ΔΙΑΚΟΠΗ ΥΔΡΕΥΣΗΣ,ΕΛΕΥΣΙΝΑ,Κομνηνών και Μακεδονίας,False,False,
2023/01/25,ΔΙΑΚΟΠΗ ΥΔΡΕΥΣΗΣ,ΕΛΕΥΣΙΝΑ,Κομνηνών και Μακεδονίας,False,False,
2023/01/25,ΔΙΑΚΟΠΗ ΥΔΡΕΥΣΗΣ,ΠΕΥΚΗΣ,Ναυαρίνου και Νικηταρά επηρεάζεται και μέρος του Αμαρουσίου,False,False,
2023/01/25,ΔΙΑΚΟΠΗ ΥΔΡΕΥΣΗΣ,ΠΕΥΚΗ,Ναυαρίνου και Νικηταρά επηρεάζεται και μέρος του Αμαρουσίου,False,False,
2023/01/25,ΔΙΑΚΟΠΗ ΥΔΡΕΥΣΗΣ,ΕΛΛΗΝΙΚΟ Α,Μαρίνου Γ. και Ριζούντος,False,False,
2023/01/25,ΔΙΑΚΟΠΗ ΥΔΡΕΥΣΗΣ,ΕΛΛΗΝΙΚΟ,Μαρίνου Γ. και Ριζούντος,False,False,
2023/01/25,ΔΙΑΚΟΠΗ ΥΔΡΕΥΣΗΣ,ΠΕΤΡΟΥΠΟΛΗ,Υψηλάντου και Οδυσσέα Ανδρουτσου,False,False,
2023/01/25,ΔΙΑΚΟΠΗ ΥΔΡΕΥΣΗΣ,ΠΕΤΡΟΥΠΟΛΗ,Υψηλάντου και Οδυσσέα Ανδρουτσου,False,False,
2023/01/25,ΔΙΑΚΟΠΗ ΥΔΡΕΥΣΗΣ,ΠΕΙΡΑΙΑΣ,Δογάνης και Νικηταρά,False,False,
2023/01/25,ΔΙΑΚΟΠΗ ΥΔΡΕΥΣΗΣ,ΠΕΙΡΑΙΑΣ,Δογάνης και Νικηταρά,False,False,
2023/01/25,ΔΙΑΚΟΠΗ ΥΔΡΕΥΣΗΣ,ΓΚΥΖΗ,Βαρβάκη και Μητσόπουλου,False,False,
2023/01/25,ΔΙΑΚΟΠΗ ΥΔΡΕΥΣΗΣ,ΑΘΗΝΑ,Βαρβάκη και Μητσόπουλου,False,False,
2023/01/25,ΔΙΑΚΟΠΗ ΥΔΡΕΥΣΗΣ,ΑΓΙΟΣ ΔΗΜΗΤΡΙΟΣ,Σουλίου και Ναπ. Ζέρβα,False,False,
2023/01/25,ΔΙΑΚΟΠΗ ΥΔΡΕΥΣΗΣ,ΑΓ. ΔΗΜΗΤΡΙΟΣ Α,Σουλίου και Ναπ. Ζέρβα,False,False,
2023/01/25,ΔΙΑΚΟΠΗ ΥΔΡΕΥΣΗΣ,ΚΟΡΥΔΑΛΛΟΣ,Λαρίσης και Ηπείρου,False,False,
2023/01/25,ΔΙΑΚΟΠΗ ΥΔΡΕΥΣΗΣ,ΚΟΡΥΔΑΛΛΟΣ,Λαρίσης και Ηπείρου,False,False,
2023/01/25,ΔΙΑΚΟΠΗ ΥΔΡΕΥΣΗΣ,ΑΡΓΥΡΟΥΠΟΛΗ Α,Γ.Παπανδρέου και Θερμοπυλών,False,False,
2023/01/25,ΔΙΑΚΟΠΗ ΥΔΡΕΥΣΗΣ,ΑΡΓΥΡΟΥΠΟΛΗ,Γ.Παπανδρέου και Θερμοπυλών,False,False,
2023/01/26,ΔΙΑΚΟΠΗ ΥΔΡΕΥΣΗΣ,ΚΟΛΩΝΟΣ,Λένορμαν και Βραχωρίου,False,False,
2023/01/26,ΔΙΑΚΟΠΗ ΥΔΡΕΥΣΗΣ,ΑΘΗΝΑ,Λένορμαν και Βραχωρίου,False,False,
2023/01/26,ΔΙΑΚΟΠΗ ΥΔΡΕΥΣΗΣ,ΠΕΥΚΗΣ,Πόντου και 25ης Μαρτίου,False,False,
2023/01/26,ΔΙΑΚΟΠΗ ΥΔΡΕΥΣΗΣ,ΠΕΥΚΗ,Πόντου και 25ης Μαρτίου,False,False,
2023/01/26,ΔΙΑΚΟΠΗ ΥΔΡΕΥΣΗΣ,ΠΑΛΑΙΟ ΦΑΛΗΡΟ,Ανδρομάχης και Μιαούλη,False,False,
2023/01/26,ΔΙΑΚΟΠΗ ΥΔΡΕΥΣΗΣ,Π. ΦΑΛΗΡΟ,Ανδρομάχης και Μιαούλη,False,False,
2023/01/26,ΔΙΑΚΟΠΗ ΥΔΡΕΥΣΗΣ,ΚΑΛΛΙΘΕΑ,Σωκράτους και Αχιλλέως,False,False,
2023/01/26,ΔΙΑΚΟΠΗ ΥΔΡΕΥΣΗΣ,ΚΑΛΛΙΘΕΑ,Σωκράτους και Αχιλλέως,False,False,
2023/01/26,ΔΙΑΚΟΠΗ ΥΔΡΕΥΣΗΣ,ΨΑΛΙΔΙ,Κούσουλα Πέτρου και Κηφισίας,False,False,
2023/01/26,ΔΙΑΚΟΠΗ ΥΔΡΕΥΣΗΣ,ΜΑΡΟΥΣΙ,Κούσουλα Πέτρου και Κηφισίας,False,False,
2023/01/26,ΔΙΑΚΟΠΗ ΥΔΡΕΥΣΗΣ,ΜΕΝΙΔΙ,Εθνικής Αντιστάσεως και Βαμβακάρη Μάρκου,False,False,
2023/01/26,ΔΙΑΚΟΠΗ ΥΔΡΕΥΣΗΣ,ΑΧΑΡΝΕΣ,Εθνικής Αντιστάσεως και Βαμβακάρη Μάρκου,False,False,
2023/01/26,ΔΙΑΚΟΠΗ ΥΔΡΕΥΣΗΣ,ΤΣΑΚΟΣ,Παπαφλέσσα και Καραϊσκάκη,False,False,
2023/01/26,ΔΙΑΚΟΠΗ ΥΔΡΕΥΣΗΣ,ΑΓΙΑ ΠΑΡΑΣΚΕΥΗ,Παπαφλέσσα και Καραϊσκάκη,False,False,
2023/01/26,ΔΙΑΚΟΠΗ ΥΔΡΕΥΣΗΣ,ΜΕΛΙΣΣΙΑ,Δημοκρατίας και Ηρώου,False,False,
2023/01/26,ΔΙΑΚΟΠΗ ΥΔΡΕΥΣΗΣ,ΜΕΛΙΣΣΙΑ,Δημοκρατίας και Ηρώου,False,False,
2023/01/27,ΔΙΑΚΟΠΗ ΥΔΡΕΥΣΗΣ,ΨΥΧΙΚΟ,Δόλασικ και Πήγασου,False,False,
2023/01/27,ΔΙΑΚΟΠΗ ΥΔΡΕΥΣΗΣ,ΨΥΧΙΚΟ,Δόλασικ και Πήγασου,False,False,
2023/01/27,ΔΙΑΚΟΠΗ ΥΔΡΕΥΣΗΣ,ΜΑΓΟΥΛΑ,Αθ. Διάκου και Αναλήψεως,False,False,
2023/01/27,ΔΙΑΚΟΠΗ ΥΔΡΕΥΣΗΣ,ΜΑΓΟΥΛΑ,Αθ. Διάκου και Αναλήψεως,False,False,
2023/01/27,ΔΙΑΚΟΠΗ ΥΔΡΕΥΣΗΣ,ΠΕΡΙΣΤΕΡΙ,Προβελεγγίου και Καλλέργη,False,False,
2023/01/27,ΔΙΑΚΟΠΗ ΥΔΡΕΥΣΗΣ,ΠΕΡΙΣΤΕΡΙ,Προβελεγγίου και Καλλέργη,False,False,
2023/01/27,ΔΙΑΚΟΠΗ ΥΔΡΕΥΣΗΣ,ΠΕΥΚΗΣ,Αθανασίου Διάκου και Χρυσοστόμου Σμύρνης,False,False,
2023/01/27,ΔΙΑΚΟΠΗ ΥΔΡΕΥΣΗΣ,ΠΕΥΚΗ,Αθανασίου Διάκου και Χρυσοστόμου Σμύρνης,False,False,
2023/01/27,ΔΙΑΚΟΠΗ ΥΔΡΕΥΣΗΣ,ΚΑΤΩ ΠΑΤΗΣΙΑ,Χάλκης και Αχαρνών,False,False,
2023/01/27,ΔΙΑΚΟΠΗ ΥΔΡΕΥΣΗΣ,ΑΘΗΝΑ,Χάλκης και Αχαρνών,False,False,
2023/01/27,ΔΙΑΚΟΠΗ ΥΔΡΕΥΣΗΣ,ΑΓΙΟΣ ΙΩΑΝΝΗΣ ΡΕΝΤΗΣ,Μπιχάκη και Κισσάβου,False,False,
2023/01/27,ΔΙΑΚΟΠΗ ΥΔΡΕΥΣΗΣ,ΑΓ. Ι. ΡΕΝΤΗΣ,Μπιχάκη και Κισσάβου,False,False,
2023/01/27,ΔΙΑΚΟΠΗ ΥΔΡΕΥΣΗΣ,ΗΛΙΟΥΠΟΛΗ,Εθνάρχου Μακατίου και Πύρρωνος,False,False,
2023/01/27,ΔΙΑΚΟΠΗ ΥΔΡΕΥΣΗΣ,ΗΛΙΟΥΠΟΛΗ,Εθνάρχου Μακατίου και Πύρρωνος,False,False,
2023/01/27,ΔΙΑΚΟΠΗ ΥΔΡΕΥΣΗΣ,ΒΑΡΚΙΖΑ,Ωκεανίδων και Ήβης,False,False,
2023/01/27,ΔΙΑΚΟΠΗ ΥΔΡΕΥΣΗΣ,ΒΑΡΗ,Ωκεανίδων και Ήβης,False,False,
2023/01/27,ΔΙΑΚΟΠΗ ΥΔΡΕΥΣΗΣ,ΠΕΙΡΑΙΑΣ,Ομ. Σκυλίτση και Κουντουριώτου,False,True,
2023/01/27,ΔΙΑΚΟΠΗ ΥΔΡΕΥΣΗΣ,ΕΥΑΓΓΕΛΙΣΤΡΙΑ,Ομ. Σκυλίτση και Κουντουριώτου,False,True,
2023/01/27,ΔΙΑΚΟΠΗ ΥΔΡΕΥΣΗΣ,ΧΟΛΑΡΓΟΣ,17ης Νοεμβρίου και Μενίππου,False,False,
2023/01/27,ΔΙΑΚΟΠΗ ΥΔΡΕΥΣΗΣ,ΧΟΛΑΡΓΟΣ,17ης Νοεμβρίου και Μενίππου,False,False,
2023/01/27,ΔΙΑΚΟΠΗ ΥΔΡΕΥΣΗΣ,ΗΛΙΟΥΠΟΛΗ,Λεωφ. Πατριάρχου Γρηγορίου και Χελμού [Έως την αποκατάσταση θα υπάρχουν χαμηλές πιέσεις στην περιοχή Αγ. Μαρίνα (Άνω Ηλιούπολη-Υμηττός)],False,False,
2023/01/27,ΔΙΑΚΟΠΗ ΥΔΡΕΥΣΗΣ,ΗΛΙΟΥΠΟΛΗ,Λεωφ. Πατριάρχου Γρηγορίου και Χελμού [Έως την αποκατάσταση θα υπάρχουν χαμηλές πιέσεις στην περιοχή Αγ. Μαρίνα (Άνω Ηλιούπολη-Υμηττός)],False,False,
2023/01/27,ΔΙΑΚΟΠΗ ΥΔΡΕΥΣΗΣ,ΠΕΥΚΗΣ,Αγωνιστών και Γιαννοπούλου,False,False,
2023/01/27,ΔΙΑΚΟΠΗ ΥΔΡΕΥΣΗΣ,ΠΕΥΚΗ,Αγωνιστών και Γιαννοπούλου,False,False,
2023/01/27,ΔΙΑΚΟΠΗ ΥΔΡΕΥΣΗΣ,ΚΟΡΥΔΑΛΛΟΣ,Ναυάρχου Νοταρά και Ρεθύμνης,False,False,
2023/01/27,ΔΙΑΚΟΠΗ ΥΔΡΕΥΣΗΣ,ΗΛΙΟΥΠΟΛΗ,Λεωφόρος Αλ.Παναγούλη και Απόλλωνος,False,False,
2023/01/27,ΔΙΑΚΟΠΗ ΥΔΡΕΥΣΗΣ,ΖΩΓΡΑΦΟΣ,Αλέκου Παναγούλη και Γκανογιάννη,False,False,
2023/01/27,ΔΙΑΚΟΠΗ ΥΔΡΕΥΣΗΣ,ΣΑΛΑΜΙΝΑ,"Δάφνης και Πελοποννήσου, περιοχή Αγία Παρασκευή",False,False,
2023/01/27,ΔΙΑΚΟΠΗ ΥΔΡΕΥΣΗΣ,ΣΑΛΑΜΙΝΑ,"Δάφνης και Πελοποννήσου, περιοχή Αγία Παρασκευή",False,False,
2023/01/28,ΔΙΑΚΟΠΗ ΥΔΡΕΥΣΗΣ,ΒΑΡΚΙΖΑ,Ήβης και Ήρας,False,False,
2023/01/28,ΔΙΑΚΟΠΗ ΥΔΡΕΥΣΗΣ,ΒΑΡΗ,Ήβης και Ήρας,False,False,
2023/01/28,ΔΙΑΚΟΠΗ ΥΔΡΕΥΣΗΣ,ΑΧΑΡΝΕΣ,Ηγουμενίτσης και Αγίας Παρασκευής,False,False,
2023/01/28,ΔΙΑΚΟΠΗ ΥΔΡΕΥΣΗΣ,ΑΓ. ΠΑΡΑΣΚΕΥΗ,Ηγουμενίτσης και Αγίας Παρασκευής,False,False,
2023/01/28,ΔΙΑΚΟΠΗ ΥΔΡΕΥΣΗΣ,ΜΟΝΑΣΤΗΡΑΚΙ,Κολοκοτρώνη και Νικίου,False,False,
2023/01/28,ΔΙΑΚΟΠΗ ΥΔΡΕΥΣΗΣ,ΑΘΗΝΑ,Κολοκοτρώνη και Νικίου,False,False,
2023/01/28,ΔΙΑΚΟΠΗ ΥΔΡΕΥΣΗΣ,ΠΑΝΟΡΑΜΑ Α,Δαρδαμελλίων και Άρτης,False,False,
2023/01/28,ΔΙΑΚΟΠΗ ΥΔΡΕΥΣΗΣ,ΒΟΥΛΑ,Δαρδαμελλίων και Άρτης,False,False,
2023/01/28,ΔΙΑΚΟΠΗ ΥΔΡΕΥΣΗΣ,ΠΕΙΡΑΙΑΣ,ΑΡΙΣΤΕΙΔΟΥ -  ΝΑΥΑΡΙΝΟΥ,False,False,
2023/01/28,ΔΙΑΚΟΠΗ ΥΔΡΕΥΣΗΣ,ΠΕΙΡΑΙΑΣ,ΑΡΙΣΤΕΙΔΟΥ -  ΝΑΥΑΡΙΝΟΥ,False,False,
2023/01/28,ΔΙΑΚΟΠΗ ΥΔΡΕΥΣΗΣ,ΑΣΠΡΟΠΥΡΓΟΣ,Παπαφλέσσα και Σύμης,False,False,
2023/01/28,ΔΙΑΚΟΠΗ ΥΔΡΕΥΣΗΣ,ΑΣΠΡΟΠΥΡΓΟΣ,Παπαφλέσσα και Σύμης,False,False,
2023/01/28,ΔΙΑΚΟΠΗ ΥΔΡΕΥΣΗΣ,ΑΓΙΑ ΠΑΡΑΣΚΕΥΗ,Παπαφλέσσα και Καραϊσκάκη,False,False,
2023/01/28,ΔΙΑΚΟΠΗ ΥΔΡΕΥΣΗΣ,ΑΓ. ΠΑΡΑΣΚΕΥΗ,Παπαφλέσσα και Καραϊσκάκη,False,False,
2023/01/28,ΔΙΑΚΟΠΗ ΥΔΡΕΥΣΗΣ,ΗΛΙΟΥΠΟΛΗ,Φωτομαρά και Γκιώνας,False,False,
2023/01/28,ΔΙΑΚΟΠΗ ΥΔΡΕΥΣΗΣ,ΗΛΙΟΥΠΟΛΗ,Φωτομαρά και Γκιώνας,False,False,
2023/01/28,ΔΙΑΚΟΠΗ ΥΔΡΕΥΣΗΣ,ΠΕΡΑΜΑ,Σκρά και Μεγ. Αλεξάνδρου,False,True,
2023/01/28,ΔΙΑΚΟΠΗ ΥΔΡΕΥΣΗΣ,ΠΕΡΑΜΑ,Σκρά και Μεγ. Αλεξάνδρου,False,True,
2023/01/28,ΔΙΑΚΟΠΗ ΥΔΡΕΥΣΗΣ,ΚΗΦΙΣΙΑ,Μαυρομιχάλη και Δημ. Γούναρη,False,False,
2023/01/28,ΔΙΑΚΟΠΗ ΥΔΡΕΥΣΗΣ,ΚΕΦΑΛΑΡΙ,Μαυρομιχάλη και Δημ. Γούναρη,False,False,
2023/01/28,ΔΙΑΚΟΠΗ ΥΔΡΕΥΣΗΣ,ΒΥΡΩΝΑΣ,Ταταούλων και Βυζαντίου,False,True,
2023/01/28,ΔΙΑΚΟΠΗ ΥΔΡΕΥΣΗΣ,ΒΥΡΩΝΑ,Ταταούλων και Βυζαντίου,False,True,
2023/01/28,ΔΙΑΚΟΠΗ ΥΔΡΕΥΣΗΣ,ΜΟΣΧΑΤΟ,Ηρώων και Ρόδου,False,False,
2023/01/28,ΔΙΑΚΟΠΗ ΥΔΡΕΥΣΗΣ,ΜΟΣΧΑΤΟ,Ηρώων και Ρόδου,False,False,
2023/01/28,ΔΙΑΚΟΠΗ ΥΔΡΕΥΣΗΣ,ΜΕΤΑΜΟΡΦΩΣΗ,Διλόφου και Αναγεννήσεως,False,False,
2023/01/28,ΔΙΑΚΟΠΗ ΥΔΡΕΥΣΗΣ,ΜΕΤΑΜΟΡΦΩΣΗ,Διλόφου και Αναγεννήσεως,False,False,
2023/01/28,ΔΙΑΚΟΠΗ ΥΔΡΕΥΣΗΣ,ΚΟΡΥΔΑΛΛΟΣ,Ηπείρου και Μεσογείων,False,True,
2023/01/28,ΔΙΑΚΟΠΗ ΥΔΡΕΥΣΗΣ,ΚΟΡΥΔΑΛΛΟΣ,Ηπείρου και Μεσογείων,False,True,
2023/01/28,ΔΙΑΚΟΠΗ ΥΔΡΕΥΣΗΣ,ΗΛΙΟΥΠΟΛΗ,Αγίου Ιωάννου και Έλλης,False,False,
2023/01/28,ΔΙΑΚΟΠΗ ΥΔΡΕΥΣΗΣ,ΗΛΙΟΥΠΟΛΗ,Αγίου Ιωάννου και Έλλης,False,False,
2023/01/28,ΔΙΑΚΟΠΗ ΥΔΡΕΥΣΗΣ,ΠΟΛΥΔΡΟΣΟ,Παύλου Μελά και Ψαρρού,False,False,
2023/01/28,ΔΙΑΚΟΠΗ ΥΔΡΕΥΣΗΣ,ΜΑΡΟΥΣΙ,Παύλου Μελά και Ψαρρού,False,False,
2023/01/28,ΔΙΑΚΟΠΗ ΥΔΡΕΥΣΗΣ,ΧΟΛΑΡΓΟΣ,17ης Νοεμβρίου 1973 και Χίου,False,False,
2023/01/28,ΔΙΑΚΟΠΗ ΥΔΡΕΥΣΗΣ,ΧΟΛΑΡΓΟΣ,17ης Νοεμβρίου 1973 και Χίου,False,False,
2023/01/28,ΔΙΑΚΟΠΗ ΥΔΡΕΥΣΗΣ,ΗΛΙΟΥΠΟΛΗ,Ίδης και Ταϋγέτου,False,False,
2023/01/28,ΔΙΑΚΟΠΗ ΥΔΡΕΥΣΗΣ,ΗΛΙΟΥΠΟΛΗ,Ίδης και Ταϋγέτου,False,False,
2023/01/28,ΔΙΑΚΟΠΗ ΥΔΡΕΥΣΗΣ,ΧΑΛΑΝΔΡΙ,Μεσσηνίας και Πάρνωνος,False,False,
2023/01/28,ΔΙΑΚΟΠΗ ΥΔΡΕΥΣΗΣ,ΧΑΛΑΝΔΡΙ,Μεσσηνίας και Πάρνωνος,False,False,
2023/01/28,ΔΙΑΚΟΠΗ ΥΔΡΕΥΣΗΣ,ΠΕΥΚΗΣ,Αθ. Διάκου και Ελ. Βενιζέλου,False,False,
2023/01/28,ΔΙΑΚΟΠΗ ΥΔΡΕΥΣΗΣ,ΠΕΥΚΗ,Αθ. Διάκου και Ελ. Βενιζέλου,False,False,
2023/01/29,ΔΙΑΚΟΠΗ ΥΔΡΕΥΣΗΣ,ΧΑΛΑΝΔΡΙ,Αραχώβης & Σαρανταπόρου,False,False,
2023/01/29,ΔΙΑΚΟΠΗ ΥΔΡΕΥΣΗΣ,ΚΑΤΩ ΧΑΛΑΝΔΡΙ,Αραχώβης & Σαρανταπόρου,False,False,
2023/01/29,ΔΙΑΚΟΠΗ ΥΔΡΕΥΣΗΣ,ΠΕΙΡΑΙΑΣ,Μιλτιάδου & Σκουφά,False,False,
2023/01/29,ΔΙΑΚΟΠΗ ΥΔΡΕΥΣΗΣ,ΚΑΣΤΕΛΛΑ,Μιλτιάδου & Σκουφά,False,False,
2023/01/29,ΔΙΑΚΟΠΗ ΥΔΡΕΥΣΗΣ,ΛΥΚΟΤΡΥΠΑ,Γρ. Αυξεντίου και Πάτμου,False,False,
2023/01/29,ΔΙΑΚΟΠΗ ΥΔΡΕΥΣΗΣ,ΑΧΑΡΝΕΣ,Γρ. Αυξεντίου και Πάτμου,False,False,
2023/01/29,ΔΙΑΚΟΠΗ ΥΔΡΕΥΣΗΣ,ΗΛΙΟΥΠΟΛΗ,Αγ. Ιωάννου και Ζολώτα,False,False,
2023/01/29,ΔΙΑΚΟΠΗ ΥΔΡΕΥΣΗΣ,ΗΛΙΟΥΠΟΛΗ,Αγ. Ιωάννου και Ζολώτα,False,False,
2023/01/29,ΔΙΑΚΟΠΗ ΥΔΡΕΥΣΗΣ,ΤΕΡΨΙΘΕΑ,ΑΙΓΥΠΤΟΥ & ΠΡΟΠΟΝΤΙΔΟΣ,False,False,
2023/01/29,ΔΙΑΚΟΠΗ ΥΔΡΕΥΣΗΣ,ΓΛΥΦΑΔΑ,ΑΙΓΥΠΤΟΥ & ΠΡΟΠΟΝΤΙΔΟΣ,False,False,
2023/01/29,ΔΙΑΚΟΠΗ ΥΔΡΕΥΣΗΣ,ΚΑΤΩ ΠΑΤΗΣΙΑ,Περεσιάδου και Πασσώβ,False,False,
2023/01/29,ΔΙΑΚΟΠΗ ΥΔΡΕΥΣΗΣ,ΑΘΗΝΑ,Περεσιάδου και Πασσώβ,False,False,
2023/01/29,ΔΙΑΚΟΠΗ ΥΔΡΕΥΣΗΣ,ΖΩΟΔΟΧΟΣ ΠΗΓΗ,Καραολή & Δημητρίου και Φορμίωνος,False,False,
2023/01/29,ΔΙΑΚΟΠΗ ΥΔΡΕΥΣΗΣ,ΒΥΡΩΝΑΣ,Καραολή & Δημητρίου και Φορμίωνος,False,False,
2023/01/29,ΔΙΑΚΟΠΗ ΥΔΡΕΥΣΗΣ,ΝΕΑ ΣΜΥΡΝΗ,Δωδεκανήσου και Κύπρου,False,False,
2023/01/29,ΔΙΑΚΟΠΗ ΥΔΡΕΥΣΗΣ,Ν. ΣΜΥΡΝΗ Π,Δωδεκανήσου και Κύπρου,False,False,
2023/01/29,ΔΙΑΚΟΠΗ ΥΔΡΕΥΣΗΣ,ΜΑΡΟΥΣΙ,Ψαρρού και Παύλου Μελά,False,False,
2023/01/29,ΔΙΑΚΟΠΗ ΥΔΡΕΥΣΗΣ,ΜΑΡΟΥΣΙ,Ψαρρού και Παύλου Μελά,False,False,
2023/01/29,ΔΙΑΚΟΠΗ ΥΔΡΕΥΣΗΣ,ΠΕΥΚΗΣ,Αθανασίου Διάκου & Ελευθερίου Βενιζέλου,False,False,
2023/01/29,ΔΙΑΚΟΠΗ ΥΔΡΕΥΣΗΣ,ΠΕΥΚΗ,Αθανασίου Διάκου & Ελευθερίου Βενιζέλου,False,False,
2023/01/29,ΔΙΑΚΟΠΗ ΥΔΡΕΥΣΗΣ,ΝΙΚΑΙΑ,Λέσβου και Εθνικής Αντιστάσεως,False,False,
2023/01/29,ΔΙΑΚΟΠΗ ΥΔΡΕΥΣΗΣ,ΝΙΚΑΙΑ,Λέσβου και Εθνικής Αντιστάσεως,False,False,
2023/01/29,ΔΙΑΚΟΠΗ ΥΔΡΕΥΣΗΣ,ΠΕΥΚΗΣ,Μάρκου Μπότσαρη και Βασιλείου Βουλγαροκτόνου,False,False,
2023/01/29,ΔΙΑΚΟΠΗ ΥΔΡΕΥΣΗΣ,ΠΕΥΚΗ,Μάρκου Μπότσαρη και Βασιλείου Βουλγαροκτόνου,False,False,
2023/01/30,ΔΙΑΚΟΠΗ ΥΔΡΕΥΣΗΣ,ΚΗΦΙΣΙΑ,Παύλου Μελά και Τατοΐου,False,False,
2023/01/30,ΔΙΑΚΟΠΗ ΥΔΡΕΥΣΗΣ,ΚΑΤΩ ΚΗΦΙΣΙΑ,Παύλου Μελά και Τατοΐου,False,False,
2023/01/30,ΔΙΑΚΟΠΗ ΥΔΡΕΥΣΗΣ,ΑΛΙΜΟΣ Π,Τσαλδάρη και Θουκυδίδου,False,False,
2023/01/30,ΔΙΑΚΟΠΗ ΥΔΡΕΥΣΗΣ,ΑΛΙΜΟΣ,Τσαλδάρη και Θουκυδίδου,False,False,
2023/01/30,ΔΙΑΚΟΠΗ ΥΔΡΕΥΣΗΣ,ΠΕΥΚΗΣ,Λεωφόρος Ειρήνης και Δημοκρατίας,False,False,
2023/01/30,ΔΙΑΚΟΠΗ ΥΔΡΕΥΣΗΣ,ΠΕΥΚΗ,Λεωφόρος Ειρήνης και Δημοκρατίας,False,False,
2023/01/30,ΔΙΑΚΟΠΗ ΥΔΡΕΥΣΗΣ,ΠΕΥΚΑΚΙΑ,Επταπυργίου και Αργυρουπόλεως,False,False,
2023/01/30,ΔΙΑΚΟΠΗ ΥΔΡΕΥΣΗΣ,ΝΕΑ ΙΩΝΙΑ,Επταπυργίου και Αργυρουπόλεως,False,False,
2023/01/30,ΔΙΑΚΟΠΗ ΥΔΡΕΥΣΗΣ,ΕΛΕΥΣΙΝΑ,Καραϊσκάκη και Χαριλάου,False,False,
2023/01/30,ΔΙΑΚΟΠΗ ΥΔΡΕΥΣΗΣ,ΕΛΕΥΣΙΝΑ,Καραϊσκάκη και Χαριλάου,False,False,
2023/01/30,ΔΙΑΚΟΠΗ ΥΔΡΕΥΣΗΣ,ΑΣΠΡΟΠΥΡΓΟΣ,Λέωφόρο Νάτο και Μεγαρίδος,False,False,
2023/01/30,ΔΙΑΚΟΠΗ ΥΔΡΕΥΣΗΣ,ΑΣΠΡΟΠΥΡΓΟΣ,Λέωφόρο Νάτο και Μεγαρίδος,False,False,
2023/01/30,ΔΙΑΚΟΠΗ ΥΔΡΕΥΣΗΣ,ΠΕΙΡΑΙΑΣ,Νεωρίων και Τσαμαδού,False,False,
2023/01/30,ΔΙΑΚΟΠΗ ΥΔΡΕΥΣΗΣ,ΚΑΣΤΕΛΛΑ,Νεωρίων και Τσαμαδού,False,False,
2023/01/30,ΔΙΑΚΟΠΗ ΥΔΡΕΥΣΗΣ,ΚΟΡΥΔΑΛΛΟΣ,Ηπείρου και Τήνου,False,True,
2023/01/30,ΔΙΑΚΟΠΗ ΥΔΡΕΥΣΗΣ,ΚΟΡΥΔΑΛΛΟΣ,Ηπείρου και Τήνου,False,True,
2023/01/30,ΔΙΑΚΟΠΗ ΥΔΡΕΥΣΗΣ,ΑΣΠΡΟΠΥΡΓΟΣ,Αγίου Ιωάννου Προδρόμου και Αγγελοπούλου,False,False,
2023/01/30,ΔΙΑΚΟΠΗ ΥΔΡΕΥΣΗΣ,ΑΣΠΡΟΠΥΡΓΟΣ,Αγίου Ιωάννου Προδρόμου και Αγγελοπούλου,False,False,
2023/01/30,ΔΙΑΚΟΠΗ ΥΔΡΕΥΣΗΣ,ΑΝΩ ΠΑΤΗΣΙΑ,Ρίζου Νερουλού και Πασσώβ,False,False,
2023/01/30,ΔΙΑΚΟΠΗ ΥΔΡΕΥΣΗΣ,ΑΘΗΝΑ,Ρίζου Νερουλού και Πασσώβ,False,False,
2023/01/30,ΔΙΑΚΟΠΗ ΥΔΡΕΥΣΗΣ,ΧΑΛΑΝΔΡΙ,Μάρκου Μπότσαρη και Προφήτου Ηλία,False,False,
2023/01/30,ΔΙΑΚΟΠΗ ΥΔΡΕΥΣΗΣ,ΠΟΛΥΔΡΟΣΟ,Μάρκου Μπότσαρη και Προφήτου Ηλία,False,False,
2023/01/30,ΔΙΑΚΟΠΗ ΥΔΡΕΥΣΗΣ,ΠΑΛΑΤΙΑΝΗ,Κασσιανής και Θεοδώρας,False,False,
2023/01/30,ΔΙΑΚΟΠΗ ΥΔΡΕΥΣΗΣ,ΙΛΙΟΝ,Κασσιανής και Θεοδώρας,False,False,
2023/01/30,ΔΙΑΚΟΠΗ ΥΔΡΕΥΣΗΣ,ΣΑΛΑΜΙΝΑ,Μαραθώνος & Ταξιαρχών,False,False,
2023/01/30,ΔΙΑΚΟΠΗ ΥΔΡΕΥΣΗΣ,ΣΑΛΑΜΙΝΑ,Μαραθώνος & Ταξιαρχών,False,False,
2023/01/30,ΔΙΑΚΟΠΗ ΥΔΡΕΥΣΗΣ,ΜΕΛΙΣΣΙΑ,Μυκηνών & Πατρόκλου,False,False,
2023/01/30,ΔΙΑΚΟΠΗ ΥΔΡΕΥΣΗΣ,ΜΕΛΙΣΣΙΑ,Μυκηνών & Πατρόκλου,False,False,
2023/01/30,ΔΙΑΚΟΠΗ ΥΔΡΕΥΣΗΣ,ΑΜΠΕΛΟΚΗΠΟΙ,Παπαδά και Καπετάν Χρονά,False,False,
2023/01/30,ΔΙΑΚΟΠΗ ΥΔΡΕΥΣΗΣ,ΑΘΗΝΑ,Παπαδά και Καπετάν Χρονά,False,False,
2023/01/31,ΔΙΑΚΟΠΗ ΥΔΡΕΥΣΗΣ,ΝΕΑ ΦΙΛΑΔΕΛΦΕΙΑ,Ανθέων και Εφέσου,False,False,
2023/01/31,ΔΙΑΚΟΠΗ ΥΔΡΕΥΣΗΣ,Ν. ΦΙΛΑΔΕΛΦΕΙΑ,Ανθέων και Εφέσου,False,False,
2023/01/31,ΔΙΑΚΟΠΗ ΥΔΡΕΥΣΗΣ,ΗΡΑΚΛΕΙΟ,25ης Μαρτίου & Λ. Αμαρουσίου,False,False,
2023/01/31,ΔΙΑΚΟΠΗ ΥΔΡΕΥΣΗΣ,ΗΡΑΚΛΕΙΟ,25ης Μαρτίου & Λ. Αμαρουσίου,False,False,
2023/01/31,ΔΙΑΚΟΠΗ ΥΔΡΕΥΣΗΣ,ΧΑΙΔΑΡΙΟΥ,Ηρώων Πολυτεχνείου και Θάσου,False,False,
2023/01/31,ΔΙΑΚΟΠΗ ΥΔΡΕΥΣΗΣ,ΧΑΙΔΑΡΙ,Ηρώων Πολυτεχνείου και Θάσου,False,False,
2023/01/31,ΔΙΑΚΟΠΗ ΥΔΡΕΥΣΗΣ,ΗΡΑΚΛΕΙΟ,Στρ. Παπάγου και Πολέμη,False,False,
2023/01/31,ΔΙΑΚΟΠΗ ΥΔΡΕΥΣΗΣ,ΗΡΑΚΛΕΙΟ,Στρ. Παπάγου και Πολέμη,False,False,
2023/01/31,ΔΙΑΚΟΠΗ ΥΔΡΕΥΣΗΣ,ΑΛΙΜΟΣ Α,Δημητρίου Γούναρη και Χαριλάου Τρικούπη,False,False,
2023/01/31,ΔΙΑΚΟΠΗ ΥΔΡΕΥΣΗΣ,ΑΛΙΜΟΣ,Δημητρίου Γούναρη και Χαριλάου Τρικούπη,False,False,
2023/01/31,ΔΙΑΚΟΠΗ ΥΔΡΕΥΣΗΣ,ΚΕΡΑΤΣΙΝΙ,Αλεξάνδρου Παπαναστασίου και Χαριλάου Τρικούπη,False,False,
2023/01/31,ΔΙΑΚΟΠΗ ΥΔΡΕΥΣΗΣ,ΚΕΡΑΤΣΙΝΙ,Αλεξάνδρου Παπαναστασίου και Χαριλάου Τρικούπη,False,False,
2023/01/31,ΔΙΑΚΟΠΗ ΥΔΡΕΥΣΗΣ,ΠΕΙΡΑΙΑΣ,Καραΐσκου και Διστόμου,False,False,
2023/01/31,ΔΙΑΚΟΠΗ ΥΔΡΕΥΣΗΣ,ΠΕΙΡΑΙΑΣ,Καραΐσκου και Διστόμου,False,False,
2023/01/31,ΔΙΑΚΟΠΗ ΥΔΡΕΥΣΗΣ,ΠΕΝΤΕΛΗ,Δωδεκανήσου και Μάνης,False,False,
2023/01/31,ΔΙΑΚΟΠΗ ΥΔΡΕΥΣΗΣ,Ν. ΠΕΝΤΕΛΗ,Δωδεκανήσου και Μάνης,False,False,
2023/01/31,ΔΙΑΚΟΠΗ ΥΔΡΕΥΣΗΣ,ΚΑΛΛΙΘΕΑ,Δημοσθένους και Ηλέκτρας,False,False,
2023/01/31,ΔΙΑΚΟΠΗ ΥΔΡΕΥΣΗΣ,ΚΑΛΛΙΘΕΑ,Δημοσθένους και Ηλέκτρας,False,False,
2023/01/31,ΔΙΑΚΟΠΗ ΥΔΡΕΥΣΗΣ,ΚΟΡΥΔΑΛΛΟΣ,Τήνου και Σάμου,False,True,
2023/01/31,ΔΙΑΚΟΠΗ ΥΔΡΕΥΣΗΣ,ΚΟΡΥΔΑΛΛΟΣ,Τήνου και Σάμου,False,True,
2023/01/31,ΔΙΑΚΟΠΗ ΥΔΡΕΥΣΗΣ,ΑΛΙΜΟΣ,Ακροπόλεως και Κανάρη,False,False,
2023/01/31,ΔΙΑΚΟΠΗ ΥΔΡΕΥΣΗΣ,ΚΑΙΣΑΡΙΑΝΗ,Ανατολικής Θράκης και Ρήγα Φεραίου,False,False,
2023/01/31,ΔΙΑΚΟΠΗ ΥΔΡΕΥΣΗΣ,ΚΑΙΣΑΡΙΑΝΗ,Ανατολικής Θράκης και Ρήγα Φεραίου,False,False,
2023/01/31,ΔΙΑΚΟΠΗ ΥΔΡΕΥΣΗΣ,ΚΗΦΙΣΙΑ,Γεωργαντά και Δημοσθένους,False,False,
2023/01/31,ΔΙΑΚΟΠΗ ΥΔΡΕΥΣΗΣ,ΚΗΦΙΣΙΑ,Γεωργαντά και Δημοσθένους,False,False,
2023/01/31,ΔΙΑΚΟΠΗ ΥΔΡΕΥΣΗΣ,ΧΑΛΑΝΔΡΙ,Σποράδων και Καρδίτσας,False,False,
2023/01/31,ΔΙΑΚΟΠΗ ΥΔΡΕΥΣΗΣ,ΧΑΛΑΝΔΡΙ,Σποράδων και Καρδίτσας,False,False,
2023/01/31,ΔΙΑΚΟΠΗ ΥΔΡΕΥΣΗΣ,ΧΟΛΑΡΓΟΣ,Σωκράτους και Λεωφόρος Μεσογείων,False,False,
2023/01/31,ΔΙΑΚΟΠΗ ΥΔΡΕΥΣΗΣ,ΧΟΛΑΡΓΟΣ,Σωκράτους και Λεωφόρος Μεσογείων,False,False,
2023/01/31,ΔΙΑΚΟΠΗ ΥΔΡΕΥΣΗΣ,ΒΑΡΗ,Αφροδίτης και Θησέως,False,False,
2023/01/31,ΔΙΑΚΟΠΗ ΥΔΡΕΥΣΗΣ,ΒΑΡΗ,Αφροδίτης και Θησέως,False,False,
2023/01/31,ΔΙΑΚΟΠΗ ΥΔΡΕΥΣΗΣ,ΧΑΛΑΝΔΡΙ,Μ. Μπότσαρη & Προφήτου Ηλία,False,False,
2023/01/31,ΔΙΑΚΟΠΗ ΥΔΡΕΥΣΗΣ,ΠΟΛΥΔΡΟΣΟ,Μ. Μπότσαρη & Προφήτου Ηλία,False,False,
2023/01/31,ΔΙΑΚΟΠΗ ΥΔΡΕΥΣΗΣ,ΑΘΗΝΑ,Φιλιππότου και Σωσικλέους,False,False,
2023/01/31,ΔΙΑΚΟΠΗ ΥΔΡΕΥΣΗΣ,ΑΓ. ΑΡΤΕΜΙΟΣ,Φιλιππότου και Σωσικλέους,False,False,
2023/01/31,ΔΙΑΚΟΠΗ ΥΔΡΕΥΣΗΣ,ΗΡΑΚΛΕΙΟ,Αλέξ. Διάκου & Δ. Πανικού,False,False,
2023/01/31,ΔΙΑΚΟΠΗ ΥΔΡΕΥΣΗΣ,ΗΡΑΚΛΕΙΟ,Αλέξ. Διάκου & Δ. Πανικού,False,False,
2023/01/31,ΔΙΑΚΟΠΗ ΥΔΡΕΥΣΗΣ,ΠΕΡΙΣΣΟΣ,Αγ.Λαύρας και Λευκωσίας,False,False,
2023/01/31,ΔΙΑΚΟΠΗ ΥΔΡΕΥΣΗΣ,ΝΕΑ ΙΩΝΙΑ,Αγ.Λαύρας και Λευκωσίας,False,False,
2023/01/31,ΔΙΑΚΟΠΗ ΥΔΡΕΥΣΗΣ,ΧΑΛΑΝΔΡΙ,Σπάρτης και Κύπρου,False,False,
2023/01/31,ΔΙΑΚΟΠΗ ΥΔΡΕΥΣΗΣ,ΧΑΛΑΝΔΡΙ,Σπάρτης και Κύπρου,False,False,
2023/02/01,ΔΙΑΚΟΠΗ ΥΔΡΕΥΣΗΣ,ΔΡΑΠΕΤΣΩΝΑ,Αριστοτέλους και Αναλήψεως,False,False,
2023/02/01,ΔΙΑΚΟΠΗ ΥΔΡΕΥΣΗΣ,ΔΡΑΠΕΤΣΩΝΑ,Αριστοτέλους και Αναλήψεως,False,False,
2023/02/01,ΔΙΑΚΟΠΗ ΥΔΡΕΥΣΗΣ,ΑΣΠΡΟΠΥΡΓΟΣ,Αγγελόπουλου και Αγίου Ιωάννου Προδρόμου,False,False,
2023/02/01,ΔΙΑΚΟΠΗ ΥΔΡΕΥΣΗΣ,ΑΣΠΡΟΠΥΡΓΟΣ,Αγγελόπουλου και Αγίου Ιωάννου Προδρόμου,False,False,
2023/02/01,ΔΙΑΚΟΠΗ ΥΔΡΕΥΣΗΣ,ΠΕΡΙΣΤΕΡΙ,Τζουμαγιάς και Υψηλάντου,False,False,
2023/02/01,ΔΙΑΚΟΠΗ ΥΔΡΕΥΣΗΣ,ΠΕΡΙΣΤΕΡΙ,Τζουμαγιάς και Υψηλάντου,False,False,
2023/02/01,ΔΙΑΚΟΠΗ ΥΔΡΕΥΣΗΣ,ΝΕΑ ΠΕΝΤΕΛΗ,Αγίου Σύλλα και Θεσσαλίας,False,False,
2023/02/01,ΔΙΑΚΟΠΗ ΥΔΡΕΥΣΗΣ,Ν. ΠΕΝΤΕΛΗ,Αγίου Σύλλα και Θεσσαλίας,False,False,
2023/02/01,ΔΙΑΚΟΠΗ ΥΔΡΕΥΣΗΣ,ΕΛΛΗΝΙΚΟ Π,1η και Ζήτα,False,False,
2023/02/01,ΔΙΑΚΟΠΗ ΥΔΡΕΥΣΗΣ,ΕΛΛΗΝΙΚΟ,1η και Ζήτα,False,False,
2023/02/01,ΔΙΑΚΟΠΗ ΥΔΡΕΥΣΗΣ,ΧΟΛΑΡΓΟΣ,Αριστοτέλους και Μεννίπου,False,False,
2023/02/01,ΔΙΑΚΟΠΗ ΥΔΡΕΥΣΗΣ,ΧΟΛΑΡΓΟΣ,Αριστοτέλους και Μεννίπου,False,False,
2023/02/01,ΔΙΑΚΟΠΗ ΥΔΡΕΥΣΗΣ,ΒΟΥΛΙΑΓΜΕΝΗ,Λητούς και Απόλλωνος,False,False,
2023/02/01,ΔΙΑΚΟΠΗ ΥΔΡΕΥΣΗΣ,ΒΟΥΛΙΑΓΜΕΝΗ,Λητούς και Απόλλωνος,False,False,
2023/02/01,ΔΙΑΚΟΠΗ ΥΔΡΕΥΣΗΣ,ΠΑΛΛΗΝΗΣ,Ασκληπιού και Φλέμινγκ,False,False,
2023/02/01,ΔΙΑΚΟΠΗ ΥΔΡΕΥΣΗΣ,ΠΑΛΛΗΝΗ,Ασκληπιού και Φλέμινγκ,False,False,
2023/02/01,ΔΙΑΚΟΠΗ ΥΔΡΕΥΣΗΣ,ΝΙΚΑΙΑ,Αίνου και Αθανασίου Δίακου,False,False,
2023/02/01,ΔΙΑΚΟΠΗ ΥΔΡΕΥΣΗΣ,ΝΙΚΑΙΑ,Αίνου και Αθανασίου Δίακου,False,False,
2023/02/01,ΔΙΑΚΟΠΗ ΥΔΡΕΥΣΗΣ,ΑΣΠΡΟΠΥΡΓΟΣ,Απόλλωνος και Αγίας Ελένης,False,False,
2023/02/01,ΔΙΑΚΟΠΗ ΥΔΡΕΥΣΗΣ,ΑΣΠΡΟΠΥΡΓΟΣ,Απόλλωνος και Αγίας Ελένης,False,False,
2023/02/01,ΔΙΑΚΟΠΗ ΥΔΡΕΥΣΗΣ,ΚΟΛΩΝΟΣ,Άστρους και Πύλου,False,False,
2023/02/01,ΔΙΑΚΟΠΗ ΥΔΡΕΥΣΗΣ,ΑΘΗΝΑ,Άστρους και Πύλου,False,False,
2023/02/01,ΔΙΑΚΟΠΗ ΥΔΡΕΥΣΗΣ,Ν. ΦΙΛΟΘΕΗ Α,Φιλιππίδη & Γεωργίου Μπάκου,False,True,
2023/02/01,ΔΙΑΚΟΠΗ ΥΔΡΕΥΣΗΣ,ΑΘΗΝΑ,Φιλιππίδη & Γεωργίου Μπάκου,False,True,
2023/02/01,ΔΙΑΚΟΠΗ ΥΔΡΕΥΣΗΣ,ΖΩΓΡΑΦΟΥ,Γεωργίου Παπανδρέου και Δημητρίου Μπέη,False,False,
2023/02/01,ΔΙΑΚΟΠΗ ΥΔΡΕΥΣΗΣ,ΖΩΓΡΑΦΟΣ,Γεωργίου Παπανδρέου και Δημητρίου Μπέη,False,False,
2023/02/01,ΔΙΑΚΟΠΗ ΥΔΡΕΥΣΗΣ,ΑΓΙΑ ΠΑΡΑΣΚΕΥΗ,Μυρτιάς και Κουμουνδούρου,False,False,
2023/02/01,ΔΙΑΚΟΠΗ ΥΔΡΕΥΣΗΣ,ΑΓ. ΠΑΡΑΣΚΕΥΗ,Μυρτιάς και Κουμουνδούρου,False,False,
2023/02/01,ΔΙΑΚΟΠΗ ΥΔΡΕΥΣΗΣ,ΠΕΥΚΗΣ,Νάξου και Καποδιστρίου,False,False,
2023/02/01,ΔΙΑΚΟΠΗ ΥΔΡΕΥΣΗΣ,ΠΕΥΚΗ,Νάξου και Καποδιστρίου,False,False,
2023/02/01,ΔΙΑΚΟΠΗ ΥΔΡΕΥΣΗΣ,ΠΑΛΑΤΙΑΝΗ,Κασσιανής και Βασιλείου Μακεδόνος,False,False,
2023/02/01,ΔΙΑΚΟΠΗ ΥΔΡΕΥΣΗΣ,ΙΛΙΟΝ,Κασσιανής και Βασιλείου Μακεδόνος,False,False,
2023/02/01,ΔΙΑΚΟΠΗ ΥΔΡΕΥΣΗΣ,ΚΑΡΕΑΣ,28ης Οκτωβρίου και Πλατείας Βιάννου,False,False,
2023/02/01,ΔΙΑΚΟΠΗ ΥΔΡΕΥΣΗΣ,ΒΥΡΩΝΑΣ,28ης Οκτωβρίου και Πλατείας Βιάννου,False,False,
2023/02/01,ΔΙΑΚΟΠΗ ΥΔΡΕΥΣΗΣ,ΓΛΥΦΑΔΑ,Προποντίδος και Αρχιπελάγους(ΤΕΡΨΙΘΕΑ),False,False,
2023/02/01,ΔΙΑΚΟΠΗ ΥΔΡΕΥΣΗΣ,ΑΣΠΡΟΠΥΡΓΟΣ,Αγίας Μαρίνης και Τραπεζούντος,False,False,
2023/02/01,ΔΙΑΚΟΠΗ ΥΔΡΕΥΣΗΣ,ΠΕΙΡΑΙΑΣ,Υψηλάντου και Τσαμαδού,False,False,
2023/02/01,ΔΙΑΚΟΠΗ ΥΔΡΕΥΣΗΣ,ΠΕΙΡΑΙΑΣ,Υψηλάντου και Τσαμαδού,False,False,
2023/02/01,ΔΙΑΚΟΠΗ ΥΔΡΕΥΣΗΣ,ΧΑΙΔΑΡΙ,Λεωφόρος Σχιστού Σκαραμαγκα 10,False,False,
2023/02/01,ΔΙΑΚΟΠΗ ΥΔΡΕΥΣΗΣ,ΣΚΑΡΑΜΑΓΚΑΣ,Λεωφόρος Σχιστού Σκαραμαγκα 10,False,False,
2023/02/02,ΔΙΑΚΟΠΗ ΥΔΡΕΥΣΗΣ,ΚΕΡΑΤΣΙΝΙ,Χαριλάου Τρικούπη και Παπαναστασίου,False,False,
2023/02/02,ΔΙΑΚΟΠΗ ΥΔΡΕΥΣΗΣ,ΚΕΡΑΤΣΙΝΙ,Χαριλάου Τρικούπη και Παπαναστασίου,False,False,
2023/02/02,ΔΙΑΚΟΠΗ ΥΔΡΕΥΣΗΣ,ΣΑΛΑΜΙΝΑ,Βυζαντίου και Βύρωνος,False,False,
2023/02/02,ΔΙΑΚΟΠΗ ΥΔΡΕΥΣΗΣ,ΣΑΛΑΜΙΝΑ,Βυζαντίου και Βύρωνος,False,False,
2023/02/02,ΔΙΑΚΟΠΗ ΥΔΡΕΥΣΗΣ,ΛΥΚΟΒΡΥΣΗ,Χανίων και Ανδρέα Κάλβου (ΕΠΗΡΕΑΖΕΤΑΙ ΗΛΙΑΚΟ ΧΩΡΙΟ ΚΑΙ ΠΕΥΚΗ),False,False,
2023/02/02,ΔΙΑΚΟΠΗ ΥΔΡΕΥΣΗΣ,ΛΥΚΟΒΡΥΣΗ,Χανίων και Ανδρέα Κάλβου (ΕΠΗΡΕΑΖΕΤΑΙ ΗΛΙΑΚΟ ΧΩΡΙΟ ΚΑΙ ΠΕΥΚΗ),False,False,
2023/02/02,ΔΙΑΚΟΠΗ ΥΔΡΕΥΣΗΣ,ΚΗΦΙΣΙΑ,Μενεξέδων και Βιλτανιώτη,False,False,
2023/02/02,ΔΙΑΚΟΠΗ ΥΔΡΕΥΣΗΣ,ΚΗΦΙΣΙΑ,Μενεξέδων και Βιλτανιώτη,False,False,
2023/02/02,ΔΙΑΚΟΠΗ ΥΔΡΕΥΣΗΣ,ΖΩΓΡΑΦΟΣ,Υπολοχαγού Ζώγκου και Κορυτσάς,False,False,
2023/02/02,ΔΙΑΚΟΠΗ ΥΔΡΕΥΣΗΣ,ΓΟΥΔΙ,Υπολοχαγού Ζώγκου και Κορυτσάς,False,False,
2023/02/02,ΔΙΑΚΟΠΗ ΥΔΡΕΥΣΗΣ,ΑΧΑΡΝΕΣ,Παραδείσου και Σύρου,False,False,
2023/02/02,ΔΙΑΚΟΠΗ ΥΔΡΕΥΣΗΣ,ΑΓ. ΠΑΡΑΣΚΕΥΗ,Παραδείσου και Σύρου,False,False,
2023/02/02,ΔΙΑΚΟΠΗ ΥΔΡΕΥΣΗΣ,ΚΑΛΛΙΘΕΑ,Λυκούργου & Μενελάου,False,False,
2023/02/02,ΔΙΑΚΟΠΗ ΥΔΡΕΥΣΗΣ,ΚΑΛΛΙΘΕΑ,Λυκούργου & Μενελάου,False,False,
2023/02/02,ΔΙΑΚΟΠΗ ΥΔΡΕΥΣΗΣ,ΒΟΥΛΑ,Πρ. Πέτρου & Τζαβέλλα,False,False,
2023/02/02,ΔΙΑΚΟΠΗ ΥΔΡΕΥΣΗΣ,ΒΟΥΛΑ,Πρ. Πέτρου & Τζαβέλλα,False,False,
2023/02/02,ΔΙΑΚΟΠΗ ΥΔΡΕΥΣΗΣ,ΚΟΝΤΟΠΕΥΚΟ,Σουλίου & Χαλανδρίου,False,False,
2023/02/02,ΔΙΑΚΟΠΗ ΥΔΡΕΥΣΗΣ,ΑΓΙΑ ΠΑΡΑΣΚΕΥΗ,Σουλίου & Χαλανδρίου,False,False,
2023/02/02,ΔΙΑΚΟΠΗ ΥΔΡΕΥΣΗΣ,ΒΟΥΛΑ,Κρήνης & Δημητρακοπούλου,False,False,
2023/02/02,ΔΙΑΚΟΠΗ ΥΔΡΕΥΣΗΣ,ΒΟΥΛΑ,Κρήνης & Δημητρακοπούλου,False,False,
2023/02/02,ΔΙΑΚΟΠΗ ΥΔΡΕΥΣΗΣ,ΠΗΓΑΔΑΚΙΑ,Δαιδάλου & Σερίφου,False,False,
2023/02/02,ΔΙΑΚΟΠΗ ΥΔΡΕΥΣΗΣ,ΒΟΥΛΑ,Δαιδάλου & Σερίφου,False,False,
2023/02/02,ΔΙΑΚΟΠΗ ΥΔΡΕΥΣΗΣ,ΑΣΠΡΟΠΥΡΓΟΣ,Γκορυτσάς & Αγ. Ραφαήλ,False,False,
2023/02/02,ΔΙΑΚΟΠΗ ΥΔΡΕΥΣΗΣ,ΑΣΠΡΟΠΥΡΓΟΣ,Γκορυτσάς & Αγ. Ραφαήλ,False,False,
2023/02/02,ΔΙΑΚΟΠΗ ΥΔΡΕΥΣΗΣ,ΜΕΝΙΔΙΑΤΙΚΑ,Ύδρας & Ήρας,False,False,
2023/02/02,ΔΙΑΚΟΠΗ ΥΔΡΕΥΣΗΣ,ΓΑΛΑΤΣΙ,Ύδρας & Ήρας,False,False,
2023/02/02,ΔΙΑΚΟΠΗ ΥΔΡΕΥΣΗΣ,ΒΑΡΥΜΠΟΜΠΗ,Κεδρών & Κυκλαμίνων,False,False,
2023/02/02,ΔΙΑΚΟΠΗ ΥΔΡΕΥΣΗΣ,ΑΧΑΡΝΕΣ,Κεδρών & Κυκλαμίνων,False,False,
2023/02/02,ΔΙΑΚΟΠΗ ΥΔΡΕΥΣΗΣ,ΑΣΠΡΟΠΥΡΓΟΣ,Αγροτική οδός & Αττική οδός 1,False,False,
2023/02/02,ΔΙΑΚΟΠΗ ΥΔΡΕΥΣΗΣ,ΑΣΠΡΟΠΥΡΓΟΣ,Αγροτική οδός & Αττική οδός 1,False,False,
2023/02/02,ΔΙΑΚΟΠΗ ΥΔΡΕΥΣΗΣ,ΒΑΡΥΜΠΟΜΠΗ,Πεύκων & Ευκαλύπτων,False,False,
2023/02/02,ΔΙΑΚΟΠΗ ΥΔΡΕΥΣΗΣ,ΑΧΑΡΝΕΣ,Πεύκων & Ευκαλύπτων,False,False,
2023/02/02,ΔΙΑΚΟΠΗ ΥΔΡΕΥΣΗΣ,ΠΑΝΟΡΑΜΑ Α,Φλωρίνης & Σμόλικα,False,False,
2023/02/02,ΔΙΑΚΟΠΗ ΥΔΡΕΥΣΗΣ,ΒΟΥΛΑ,Φλωρίνης & Σμόλικα,False,False,
2023/02/02,ΔΙΑΚΟΠΗ ΥΔΡΕΥΣΗΣ,ΕΛΕΥΣΙΝΑ,Παγκάλου & Αισχύλου,False,False,
2023/02/02,ΔΙΑΚΟΠΗ ΥΔΡΕΥΣΗΣ,ΕΛΕΥΣΙΝΑ,Παγκάλου & Αισχύλου,False,False,
2023/02/02,ΔΙΑΚΟΠΗ ΥΔΡΕΥΣΗΣ,ΠΕΤΡΟΥΠΟΛΗ,28ης Οκτωβρίου & Ρήγα Φεραίου,False,False,
2023/02/02,ΔΙΑΚΟΠΗ ΥΔΡΕΥΣΗΣ,ΚΗΠΟΥΠΟΛΗ,28ης Οκτωβρίου & Ρήγα Φεραίου,False,False,
2023/02/03,ΔΙΑΚΟΠΗ ΥΔΡΕΥΣΗΣ,ΠΑΛΑΙΟ ΦΑΛΗΡΟ,Λεωφ. Ποσειδώνος και Άρεως,False,False,
2023/02/03,ΔΙΑΚΟΠΗ ΥΔΡΕΥΣΗΣ,Π. ΦΑΛΗΡΟ,Λεωφ. Ποσειδώνος και Άρεως,False,False,
2023/02/03,ΔΙΑΚΟΠΗ ΥΔΡΕΥΣΗΣ,ΠΕΡΙΣΤΕΡΙ,Τζουμαγιάς και Υψήλάντου,False,False,
2023/02/03,ΔΙΑΚΟΠΗ ΥΔΡΕΥΣΗΣ,ΠΕΡΙΣΤΕΡΙ,Τζουμαγιάς και Υψήλάντου,False,False,
2023/02/03,ΔΙΑΚΟΠΗ ΥΔΡΕΥΣΗΣ,ΖΩΓΡΑΦΟΥ,Ελευθ. Βενιζέλου και Αλέκου Παναγούλη,False,False,
2023/02/03,ΔΙΑΚΟΠΗ ΥΔΡΕΥΣΗΣ,ΖΩΓΡΑΦΟΣ,Ελευθ. Βενιζέλου και Αλέκου Παναγούλη,False,False,
2023/02/03,ΔΙΑΚΟΠΗ ΥΔΡΕΥΣΗΣ,ΘΥΜΑΡΑΚΙΑ,Κόρακα Μιχ. και Παρασκευοπούλου,False,False,
2023/02/03,ΔΙΑΚΟΠΗ ΥΔΡΕΥΣΗΣ,ΑΘΗΝΑ,Κόρακα Μιχ. και Παρασκευοπούλου,False,False,
2023/02/03,ΔΙΑΚΟΠΗ ΥΔΡΕΥΣΗΣ,ΧΑΛΑΝΔΡΙ,Καστελορίζου και Μικράς Ασίας,False,False,
2023/02/03,ΔΙΑΚΟΠΗ ΥΔΡΕΥΣΗΣ,ΧΑΛΑΝΔΡΙ,Καστελορίζου και Μικράς Ασίας,False,False,
2023/02/03,ΔΙΑΚΟΠΗ ΥΔΡΕΥΣΗΣ,Π. ΗΡΑΚΛΕΙΟ,Βαλτετσίου και Ευτυχίας,False,False,
2023/02/03,ΔΙΑΚΟΠΗ ΥΔΡΕΥΣΗΣ,ΗΡΑΚΛΕΙΟ,Βαλτετσίου και Ευτυχίας,False,False,
2023/02/03,ΔΙΑΚΟΠΗ ΥΔΡΕΥΣΗΣ,ΚΑΛΛΙΘΕΑ,Νηρέως και Σωκράτους,False,False,
2023/02/03,ΔΙΑΚΟΠΗ ΥΔΡΕΥΣΗΣ,ΚΑΛΛΙΘΕΑ,Νηρέως και Σωκράτους,False,False,
2023/02/03,ΔΙΑΚΟΠΗ ΥΔΡΕΥΣΗΣ,ΗΛΙΟΥΠΟΛΗ,Πάρνηθος και Λεωφ.Δημοκρατίας,False,False,
2023/02/03,ΔΙΑΚΟΠΗ ΥΔΡΕΥΣΗΣ,ΗΛΙΟΥΠΟΛΗ,Πάρνηθος και Λεωφ.Δημοκρατίας,False,False,
2023/02/03,ΔΙΑΚΟΠΗ ΥΔΡΕΥΣΗΣ,ΣΑΛΑΜΙΝΑ,Σύμης και Σουλίου,False,False,
2023/02/03,ΔΙΑΚΟΠΗ ΥΔΡΕΥΣΗΣ,ΚΑΚΗ ΒΙΓΛΑ,Σύμης και Σουλίου,False,False,
2023/02/03,ΔΙΑΚΟΠΗ ΥΔΡΕΥΣΗΣ,ΠΕΙΡΑΙΑΣ,Ακτή Δηλαβέρη και Φιλίππου,False,False,
2023/02/03,ΔΙΑΚΟΠΗ ΥΔΡΕΥΣΗΣ,Ν. ΦΑΛΗΡΟ,Ακτή Δηλαβέρη και Φιλίππου,False,False,
2023/02/03,ΔΙΑΚΟΠΗ ΥΔΡΕΥΣΗΣ,Ν. ΦΙΛΟΘΕΗ Α,Φίλιου και Μπάκου,False,True,
2023/02/03,ΔΙΑΚΟΠΗ ΥΔΡΕΥΣΗΣ,ΑΘΗΝΑ,Φίλιου και Μπάκου,False,True,
2023/02/03,ΔΙΑΚΟΠΗ ΥΔΡΕΥΣΗΣ,ΓΛΥΦΑΔΑ,Πανδώρας και Θεμιστοκλέους,False,False,
2023/02/03,ΔΙΑΚΟΠΗ ΥΔΡΕΥΣΗΣ,ΓΛΥΦΑΔΑ,Πανδώρας και Θεμιστοκλέους,False,False,
2023/02/03,ΔΙΑΚΟΠΗ ΥΔΡΕΥΣΗΣ,ΚΟΡΥΔΑΛΛΟΣ,Ηλείας και Πελοποννήσου,False,False,
2023/02/03,ΔΙΑΚΟΠΗ ΥΔΡΕΥΣΗΣ,ΚΟΡΥΔΑΛΛΟΣ,Ηλείας και Πελοποννήσου,False,False,
2023/02/03,ΔΙΑΚΟΠΗ ΥΔΡΕΥΣΗΣ,ΛΥΚΟΒΡΥΣΗ,Χανίων και Κάλβου Ανδρέα,False,False,
2023/02/03,ΔΙΑΚΟΠΗ ΥΔΡΕΥΣΗΣ,ΛΥΚΟΒΡΥΣΗ,Χανίων και Κάλβου Ανδρέα,False,False,
2023/02/03,ΔΙΑΚΟΠΗ ΥΔΡΕΥΣΗΣ,ΨΥΧΙΚΟ,Λεωφ.Δημοκρατίας και Εμμ. Τσάκωνα,False,False,
2023/02/03,ΔΙΑΚΟΠΗ ΥΔΡΕΥΣΗΣ,ΨΥΧΙΚΟ,Λεωφ.Δημοκρατίας και Εμμ. Τσάκωνα,False,False,
2023/02/03,ΔΙΑΚΟΠΗ ΥΔΡΕΥΣΗΣ,ΧΑΛΑΝΔΡΙ,Ιλιάδος και Κρήτης,False,False,
2023/02/03,ΔΙΑΚΟΠΗ ΥΔΡΕΥΣΗΣ,ΚΑΤΩ ΧΑΛΑΝΔΡΙ,Ιλιάδος και Κρήτης,False,False,
2023/02/03,ΔΙΑΚΟΠΗ ΥΔΡΕΥΣΗΣ,ΕΛΕΥΣΙΝΑ,Κοντούλη και Πεισίστρατου,False,False,
2023/02/03,ΔΙΑΚΟΠΗ ΥΔΡΕΥΣΗΣ,ΕΛΕΥΣΙΝΑ,Κοντούλη και Πεισίστρατου,False,False,
2023/02/03,ΔΙΑΚΟΠΗ ΥΔΡΕΥΣΗΣ,ΑΧΑΡΝΕΣ,Αγίου Πέτρου και Βελουχίου,False,False,
2023/02/03,ΔΙΑΚΟΠΗ ΥΔΡΕΥΣΗΣ,ΑΧΑΡΝΕΣ,Αγίου Πέτρου και Βελουχίου,False,False,
2023/02/04,ΔΙΑΚΟΠΗ ΥΔΡΕΥΣΗΣ,ΗΛΙΟΥΠΟΛΗ,Κιθαιρώνος και Αρτεμισίου,False,False,
2023/02/04,ΔΙΑΚΟΠΗ ΥΔΡΕΥΣΗΣ,ΗΛΙΟΥΠΟΛΗ,Κιθαιρώνος και Αρτεμισίου,False,False,
2023/02/04,ΔΙΑΚΟΠΗ ΥΔΡΕΥΣΗΣ,ΑΓΙΑ ΒΑΡΒΑΡΑ,Σωκράτους & Θ. Δεληγιάννη,False,False,
2023/02/04,ΔΙΑΚΟΠΗ ΥΔΡΕΥΣΗΣ,ΑΓ. ΒΑΡΒΑΡΑ,Σωκράτους & Θ. Δεληγιάννη,False,False,
2023/02/04,ΔΙΑΚΟΠΗ ΥΔΡΕΥΣΗΣ,ΑΣΠΡΟΠΥΡΓΟΣ,Αγ.Ιωάννου Προδρόμου και Πάροδος Αγ. Γεωργίου ΒΙΠΕ ΑΣΠΡΟΠΥΡΓΟΥ ΕΛΛΑΣΤΡΟΝ,False,False,
2023/02/04,ΔΙΑΚΟΠΗ ΥΔΡΕΥΣΗΣ,ΑΣΠΡΟΠΥΡΓΟΣ,Αγ.Ιωάννου Προδρόμου και Πάροδος Αγ. Γεωργίου ΒΙΠΕ ΑΣΠΡΟΠΥΡΓΟΥ ΕΛΛΑΣΤΡΟΝ,False,False,
2023/02/04,ΔΙΑΚΟΠΗ ΥΔΡΕΥΣΗΣ,ΧΑΡΑΥΓΗ Η,Ιωνίας και Ταξιαρχών,False,False,
2023/02/04,ΔΙΑΚΟΠΗ ΥΔΡΕΥΣΗΣ,ΑΧΑΡΝΕΣ,Ιωνίας και Ταξιαρχών,False,False,
2023/02/04,ΔΙΑΚΟΠΗ ΥΔΡΕΥΣΗΣ,ΑΓ. ΣΩΤΗΡΑ,Ιωνίας και Ταξιαρχών,False,False,
2023/02/04,ΔΙΑΚΟΠΗ ΥΔΡΕΥΣΗΣ,ΜΑΓΟΥΛΑ,Βύρωνος και Κολοκοτρώνη,False,False,
2023/02/04,ΔΙΑΚΟΠΗ ΥΔΡΕΥΣΗΣ,ΜΑΓΟΥΛΑ,Βύρωνος και Κολοκοτρώνη,False,False,
2023/02/04,ΔΙΑΚΟΠΗ ΥΔΡΕΥΣΗΣ,ΒΟΥΛΑ,Πλαπούτα και Παπάγου,False,False,
2023/02/04,ΔΙΑΚΟΠΗ ΥΔΡΕΥΣΗΣ,ΒΟΥΛΑ,Πλαπούτα και Παπάγου,False,False,
2023/02/04,ΔΙΑΚΟΠΗ ΥΔΡΕΥΣΗΣ,ΜΑΡΟΥΣΙ,Μεσολογγίου και Υψηλάντου,False,False,
2023/02/04,ΔΙΑΚΟΠΗ ΥΔΡΕΥΣΗΣ,ΜΑΡΟΥΣΙ,Μεσολογγίου και Υψηλάντου,False,False,
2023/02/04,ΔΙΑΚΟΠΗ ΥΔΡΕΥΣΗΣ,ΠΟΛΥΔΡΟΣΟ,Δημ. Ψαρρού και Μελά Παύλου,False,False,
2023/02/04,ΔΙΑΚΟΠΗ ΥΔΡΕΥΣΗΣ,ΜΑΡΟΥΣΙ,Δημ. Ψαρρού και Μελά Παύλου,False,False,
2023/02/04,ΔΙΑΚΟΠΗ ΥΔΡΕΥΣΗΣ,ΠΕΡΙΣΤΕΡΙ,Τερπάνδρου και Εμπεδοκλέους,False,False,
2023/02/04,ΔΙΑΚΟΠΗ ΥΔΡΕΥΣΗΣ,ΠΕΡΙΣΤΕΡΙ,Τερπάνδρου και Εμπεδοκλέους,False,False,
2023/02/04,ΔΙΑΚΟΠΗ ΥΔΡΕΥΣΗΣ,ΑΓΙΟΣ ΔΗΜΗΤΡΙΟΣ,Λιδωρικίου και Οδυσσέως,False,False,
2023/02/04,ΔΙΑΚΟΠΗ ΥΔΡΕΥΣΗΣ,ΑΓ. ΔΗΜΗΤΡΙΟΣ Α,Λιδωρικίου και Οδυσσέως,False,False,
2023/02/05,ΔΙΑΚΟΠΗ ΥΔΡΕΥΣΗΣ,ΕΛΕΥΣΙΝΑ,Κοντούλη και Χαριλάου,False,False,
2023/02/05,ΔΙΑΚΟΠΗ ΥΔΡΕΥΣΗΣ,ΕΛΕΥΣΙΝΑ,Κοντούλη και Χαριλάου,False,False,
2023/02/05,ΔΙΑΚΟΠΗ ΥΔΡΕΥΣΗΣ,ΓΛΥΦΑΔΑ,Αγ.Κωνσταντίνου και Κύπρου,False,False,
2023/02/05,ΔΙΑΚΟΠΗ ΥΔΡΕΥΣΗΣ,ΓΛΥΦΑΔΑ,Αγ.Κωνσταντίνου και Κύπρου,False,False,
2023/02/05,ΔΙΑΚΟΠΗ ΥΔΡΕΥΣΗΣ,ΠΕΙΡΑΙΑΣ,Τσαμαδού και Δημ. Γούναρη,False,False,
2023/02/05,ΔΙΑΚΟΠΗ ΥΔΡΕΥΣΗΣ,ΚΕΝΤΡΟ ΠΕΙΡΑΙΑ,Τσαμαδού και Δημ. Γούναρη,False,False,
2023/02/05,ΔΙΑΚΟΠΗ ΥΔΡΕΥΣΗΣ,ΓΛΥΦΑΔΑ,Αγ.Κωνσταντίνου και Κύπρου,False,False,
2023/02/05,ΔΙΑΚΟΠΗ ΥΔΡΕΥΣΗΣ,ΓΛΥΦΑΔΑ,Αγ.Κωνσταντίνου και Κύπρου,False,False,
2023/02/05,ΔΙΑΚΟΠΗ ΥΔΡΕΥΣΗΣ,ΘΡΑΚΟΜΑΚΕΔΟΝΕΣ,ΠΡΟΒΛΗΜΑ ΒΛΑΒΗ ΗΛΕΚΤΡΟΔΟΤΗΣΗΣ,False,False,
2023/02/05,ΔΙΑΚΟΠΗ ΥΔΡΕΥΣΗΣ,ΘΡΑΚΟΜΑΚΕΔΟΝΕΣ,ΠΡΟΒΛΗΜΑ ΒΛΑΒΗ ΗΛΕΚΤΡΟΔΟΤΗΣΗΣ,False,False,
2023/02/05,ΔΙΑΚΟΠΗ ΥΔΡΕΥΣΗΣ,ΒΑΡΥΜΠΟΜΠΗ,ΠΡΟΒΛΗΜΑ ΒΛΑΒΗ ΗΛΕΚΤΡΟΔΟΤΗΣΗΣ,False,False,
2023/02/05,ΔΙΑΚΟΠΗ ΥΔΡΕΥΣΗΣ,ΑΧΑΡΝΕΣ,ΠΡΟΒΛΗΜΑ ΒΛΑΒΗ ΗΛΕΚΤΡΟΔΟΤΗΣΗΣ,False,False,
2023/02/05,ΔΙΑΚΟΠΗ ΥΔΡΕΥΣΗΣ,ΦΡΕΑΤΤΥΔΑ,Κοτζιάδων και Μπόταση,False,False,
2023/02/05,ΔΙΑΚΟΠΗ ΥΔΡΕΥΣΗΣ,ΠΕΙΡΑΙΑΣ,Κοτζιάδων και Μπόταση,False,False,
2023/02/05,ΔΙΑΚΟΠΗ ΥΔΡΕΥΣΗΣ,ΓΛΥΦΑΔΑ,Βαρασόβης και Ιθώμης,False,False,
2023/02/05,ΔΙΑΚΟΠΗ ΥΔΡΕΥΣΗΣ,ΑΝΩ ΓΛΥΦΑΔΑ,Βαρασόβης και Ιθώμης,False,False,
2023/02/05,ΔΙΑΚΟΠΗ ΥΔΡΕΥΣΗΣ,ΑΛΙΜΟΣ Α,"Τομπάζη και Κρήτης, ΟΡΙΑ ΜΕ ΔΗΜΟ ΑΓ.ΔΗΜΗΤΡΙΟΥ",False,False,
2023/02/05,ΔΙΑΚΟΠΗ ΥΔΡΕΥΣΗΣ,ΑΛΙΜΟΣ,"Τομπάζη και Κρήτης, ΟΡΙΑ ΜΕ ΔΗΜΟ ΑΓ.ΔΗΜΗΤΡΙΟΥ",False,False,
2023/02/05,ΔΙΑΚΟΠΗ ΥΔΡΕΥΣΗΣ,ΕΛΕΥΣΙΝΑ,Περικλέους και Κοντούλη,False,False,
2023/02/05,ΔΙΑΚΟΠΗ ΥΔΡΕΥΣΗΣ,ΕΛΕΥΣΙΝΑ,Περικλέους και Κοντούλη,False,False,
2023/02/05,ΔΙΑΚΟΠΗ ΥΔΡΕΥΣΗΣ,Ν. ΚΗΦΙΣΙΑ,Χαρ. Τρικούπη και Ανοίξεως,False,False,
2023/02/05,ΔΙΑΚΟΠΗ ΥΔΡΕΥΣΗΣ,ΚΗΦΙΣΙΑ,Χαρ. Τρικούπη και Ανοίξεως,False,False,
2023/02/05,ΔΙΑΚΟΠΗ ΥΔΡΕΥΣΗΣ,ΕΛΛΗΝΙΚΟ Α,Αμαζόνων και Αθ. Διάκου,False,False,
2023/02/05,ΔΙΑΚΟΠΗ ΥΔΡΕΥΣΗΣ,ΕΛΛΗΝΙΚΟ,Αμαζόνων και Αθ. Διάκου,False,False,
2023/02/06,ΔΙΑΚΟΠΗ ΥΔΡΕΥΣΗΣ,Ν. ΚΗΦΙΣΙΑ,Πλειάδων και Χαρ. Τρικούπη,False,False,
2023/02/06,ΔΙΑΚΟΠΗ ΥΔΡΕΥΣΗΣ,ΚΗΦΙΣΙΑ,Πλειάδων και Χαρ. Τρικούπη,False,False,
2023/02/06,ΔΙΑΚΟΠΗ ΥΔΡΕΥΣΗΣ,Ν. ΚΗΦΙΣΙΑ,Αδάμων και Εσπέρου,False,False,
2023/02/06,ΔΙΑΚΟΠΗ ΥΔΡΕΥΣΗΣ,ΚΗΦΙΣΙΑ,Αδάμων και Εσπέρου,False,False,
2023/02/06,ΔΙΑΚΟΠΗ ΥΔΡΕΥΣΗΣ,Ν. ΚΗΦΙΣΙΑ,Τατοΐου και Ανθεσμίων,False,False,
2023/02/06,ΔΙΑΚΟΠΗ ΥΔΡΕΥΣΗΣ,ΚΗΦΙΣΙΑ,Τατοΐου και Ανθεσμίων,False,False,
2023/02/06,ΔΙΑΚΟΠΗ ΥΔΡΕΥΣΗΣ,ΗΛΙΟΥΠΟΛΗ,Kλεισόβης και Βασ.Βουλγαροκτόνου,False,False,
2023/02/06,ΔΙΑΚΟΠΗ ΥΔΡΕΥΣΗΣ,ΗΛΙΟΥΠΟΛΗ,Kλεισόβης και Βασ.Βουλγαροκτόνου,False,False,
2023/02/06,ΔΙΑΚΟΠΗ ΥΔΡΕΥΣΗΣ,ΝΕΑ ΣΜΥΡΝΗ,Μαγκριώτου και Πλατείας Περιμένη,False,False,
2023/02/06,ΔΙΑΚΟΠΗ ΥΔΡΕΥΣΗΣ,Ν. ΣΜΥΡΝΗ Α,Μαγκριώτου και Πλατείας Περιμένη,False,False,
2023/02/06,ΔΙΑΚΟΠΗ ΥΔΡΕΥΣΗΣ,Ν. ΚΗΦΙΣΙΑ,Χαρ. Τρικούπη και Ανοίξεως,False,False,
2023/02/06,ΔΙΑΚΟΠΗ ΥΔΡΕΥΣΗΣ,ΚΗΦΙΣΙΑ,Χαρ. Τρικούπη και Ανοίξεως,False,False,
2023/02/06,ΔΙΑΚΟΠΗ ΥΔΡΕΥΣΗΣ,Π. ΗΡΑΚΛΕΙΟ,Ελευσινίων και Δημοκρίτου,False,False,
2023/02/06,ΔΙΑΚΟΠΗ ΥΔΡΕΥΣΗΣ,ΗΡΑΚΛΕΙΟ,Ελευσινίων και Δημοκρίτου,False,False,
2023/02/06,ΔΙΑΚΟΠΗ ΥΔΡΕΥΣΗΣ,ΘΡΑΚΟΜΑΚΕΔΟΝΕΣ,Παρμενίωνος και Δημοκρίτου,False,False,
2023/02/06,ΔΙΑΚΟΠΗ ΥΔΡΕΥΣΗΣ,ΘΡΑΚΟΜΑΚΕΔΟΝΕΣ,Παρμενίωνος και Δημοκρίτου,False,False,
2023/02/06,ΔΙΑΚΟΠΗ ΥΔΡΕΥΣΗΣ,ΑΓΙΑ ΠΑΡΑΣΚΕΥΗ,Σχολείου και Μανδηλαρά,False,False,
2023/02/06,ΔΙΑΚΟΠΗ ΥΔΡΕΥΣΗΣ,ΑΓ. ΠΑΡΑΣΚΕΥΗ,Σχολείου και Μανδηλαρά,False,False,
2023/02/06,ΔΙΑΚΟΠΗ ΥΔΡΕΥΣΗΣ,ΜΟΣΧΑΤΟ,Καποδιστρίου και Κοραή,False,False,
2023/02/06,ΔΙΑΚΟΠΗ ΥΔΡΕΥΣΗΣ,ΜΟΣΧΑΤΟ,Καποδιστρίου και Κοραή,False,False,
2023/02/06,ΔΙΑΚΟΠΗ ΥΔΡΕΥΣΗΣ,ΖΩΓΡΑΦΟΥ,Χρυσίππου και Ελ.Βενιζέλου,False,False,
2023/02/06,ΔΙΑΚΟΠΗ ΥΔΡΕΥΣΗΣ,ΖΩΓΡΑΦΟΣ,Χρυσίππου και Ελ.Βενιζέλου,False,False,
2023/02/06,ΔΙΑΚΟΠΗ ΥΔΡΕΥΣΗΣ,ΑΓΙΟΣ ΔΗΜΗΤΡΙΟΣ,Ερμού και Καλλιφρονά,False,False,
2023/02/06,ΔΙΑΚΟΠΗ ΥΔΡΕΥΣΗΣ,ΑΓ. ΔΗΜΗΤΡΙΟΣ Α,Ερμού και Καλλιφρονά,False,False,
2023/02/06,ΔΙΑΚΟΠΗ ΥΔΡΕΥΣΗΣ,ΧΑΛΑΝΔΡΙ,Περικλέους και Στυμφαλίας,False,False,
2023/02/06,ΔΙΑΚΟΠΗ ΥΔΡΕΥΣΗΣ,ΧΑΛΑΝΔΡΙ,Περικλέους και Στυμφαλίας,False,False,
2023/02/06,ΔΙΑΚΟΠΗ ΥΔΡΕΥΣΗΣ,ΘΡΑΚΟΜΑΚΕΔΟΝΕΣ,Μακεδονομάχων & Καρατάσου,False,False,
2023/02/06,ΔΙΑΚΟΠΗ ΥΔΡΕΥΣΗΣ,ΘΡΑΚΟΜΑΚΕΔΟΝΕΣ,Μακεδονομάχων & Καρατάσου,False,False,
2023/02/06,ΔΙΑΚΟΠΗ ΥΔΡΕΥΣΗΣ,ΜΟΣΧΑΤΟ,Ρήγα Φεραίου και Λέρου,False,False,
2023/02/06,ΔΙΑΚΟΠΗ ΥΔΡΕΥΣΗΣ,ΜΟΣΧΑΤΟ,Ρήγα Φεραίου και Λέρου,False,False,
2023/02/06,ΔΙΑΚΟΠΗ ΥΔΡΕΥΣΗΣ,ΠΑΠΑΓΟΥ,Τζαννή Αλεβιζάτου & Παπακωνσταντίνου,False,False,
2023/02/06,ΔΙΑΚΟΠΗ ΥΔΡΕΥΣΗΣ,ΠΑΠΑΓΟΣ,Τζαννή Αλεβιζάτου & Παπακωνσταντίνου,False,False,
2023/02/06,ΔΙΑΚΟΠΗ ΥΔΡΕΥΣΗΣ,ΙΕΡΑΠΟΛΗ,Λ. Μεγάλου Αλεξάνδρου & Παναγοπούλου,False,False,
2023/02/06,ΔΙΑΚΟΠΗ ΥΔΡΕΥΣΗΣ,ΑΙΓΑΛΕΩ,Λ. Μεγάλου Αλεξάνδρου & Παναγοπούλου,False,False,
2023/02/07,ΔΙΑΚΟΠΗ ΥΔΡΕΥΣΗΣ,ΧΑΙΔΑΡΙΟΥ,Κωνσταντινουπόλεως & Λεωνιδίου,False,False,
2023/02/07,ΔΙΑΚΟΠΗ ΥΔΡΕΥΣΗΣ,ΧΑΙΔΑΡΙ,Κωνσταντινουπόλεως & Λεωνιδίου,False,False,
2023/02/07,ΔΙΑΚΟΠΗ ΥΔΡΕΥΣΗΣ,ΧΑΡΑΥΓΗ Η,Κωνσταντινουπόλεως και Μαντώς Μαυρογένους,False,False,
2023/02/07,ΔΙΑΚΟΠΗ ΥΔΡΕΥΣΗΣ,ΑΧΑΡΝΕΣ,Κωνσταντινουπόλεως και Μαντώς Μαυρογένους,False,False,
2023/02/07,ΔΙΑΚΟΠΗ ΥΔΡΕΥΣΗΣ,ΑΝΩ ΠΑΤΗΣΙΑ,Βρούτου & Θ. Αννίνου,False,False,
2023/02/07,ΔΙΑΚΟΠΗ ΥΔΡΕΥΣΗΣ,ΑΘΗΝΑ,Βρούτου & Θ. Αννίνου,False,False,
2023/02/07,ΔΙΑΚΟΠΗ ΥΔΡΕΥΣΗΣ,ΥΜΗΤΤΟΣ,Αθ. Διάκου & Θείρων,False,False,
2023/02/07,ΔΙΑΚΟΠΗ ΥΔΡΕΥΣΗΣ,ΥΜΗΤΤΟΣ,Αθ. Διάκου & Θείρων,False,False,
2023/02/07,ΔΙΑΚΟΠΗ ΥΔΡΕΥΣΗΣ,ΣΑΛΑΜΙΝΑ,Αγίου Γεωργίου και Κολοκοτρώνη,False,False,
2023/02/07,ΔΙΑΚΟΠΗ ΥΔΡΕΥΣΗΣ,ΣΑΛΑΜΙΝΑ,Αγίου Γεωργίου και Κολοκοτρώνη,False,False,
2023/02/07,ΔΙΑΚΟΠΗ ΥΔΡΕΥΣΗΣ,ΚΟΡΥΔΑΛΛΟΣ,Υγείας και Θερμοπυλών,False,False,
2023/02/07,ΔΙΑΚΟΠΗ ΥΔΡΕΥΣΗΣ,ΑΝΩ ΠΑΤΗΣΙΑ,Βρούτου και Χαλεπά,False,False,
2023/02/07,ΔΙΑΚΟΠΗ ΥΔΡΕΥΣΗΣ,ΑΘΗΝΑ,Βρούτου και Χαλεπά,False,False,
2023/02/07,ΔΙΑΚΟΠΗ ΥΔΡΕΥΣΗΣ,ΨΥΧΙΚΟ,Δάφνης και Χρυσανθέμων,False,False,
2023/02/07,ΔΙΑΚΟΠΗ ΥΔΡΕΥΣΗΣ,ΗΡΑΚΛΕΙΟ,Σουλίου 10,False,False,
2023/02/07,ΔΙΑΚΟΠΗ ΥΔΡΕΥΣΗΣ,ΗΛΙΟΥΠΟΛΗ,Κλεισόβης και Β.Βουλγαροκτόνου,False,False,
2023/02/07,ΔΙΑΚΟΠΗ ΥΔΡΕΥΣΗΣ,ΗΛΙΟΥΠΟΛΗ,Κλεισόβης και Β.Βουλγαροκτόνου,False,False,
2023/02/07,ΔΙΑΚΟΠΗ ΥΔΡΕΥΣΗΣ,ΝΕΑ ΙΩΝΙΑ,Αργυρουπόλεως και Σεβαστείας,False,False,
2023/02/07,ΔΙΑΚΟΠΗ ΥΔΡΕΥΣΗΣ,ΠΕΙΡΑΙΑΣ,Τζαβέλλα και Δυοβουνιώτη,False,False,
2023/02/07,ΔΙΑΚΟΠΗ ΥΔΡΕΥΣΗΣ,Ν. ΦΑΛΗΡΟ,Τζαβέλλα και Δυοβουνιώτη,False,False,
2023/02/07,ΔΙΑΚΟΠΗ ΥΔΡΕΥΣΗΣ,ΓΚΥΖΗ,Γούδα και Κουγκίου,False,False,
2023/02/07,ΔΙΑΚΟΠΗ ΥΔΡΕΥΣΗΣ,ΑΘΗΝΑ,Γούδα και Κουγκίου,False,False,
2023/02/07,ΔΙΑΚΟΠΗ ΥΔΡΕΥΣΗΣ,ΚΑΙΣΑΡΙΑΝΗ,Bρυούλων και Λυδίας,False,False,
2023/02/07,ΔΙΑΚΟΠΗ ΥΔΡΕΥΣΗΣ,ΚΑΙΣΑΡΙΑΝΗ,Bρυούλων και Λυδίας,False,False,
2023/02/07,ΔΙΑΚΟΠΗ ΥΔΡΕΥΣΗΣ,ΘΡΑΚΟΜΑΚΕΔΟΝΕΣ,Μ. Αλεξάνδρου & Πρωταγόρα,False,False,
2023/02/07,ΔΙΑΚΟΠΗ ΥΔΡΕΥΣΗΣ,ΘΡΑΚΟΜΑΚΕΔΟΝΕΣ,Μ. Αλεξάνδρου & Πρωταγόρα,False,False,
2023/02/07,ΔΙΑΚΟΠΗ ΥΔΡΕΥΣΗΣ,ΙΛΙΟΝ,Αγίου Νικολάου και Πίνδου,False,False,
2023/02/07,ΔΙΑΚΟΠΗ ΥΔΡΕΥΣΗΣ,ΙΛΙΟΝ,Αγίου Νικολάου και Πίνδου,False,False,
2023/02/08,ΔΙΑΚΟΠΗ ΥΔΡΕΥΣΗΣ,ΠΕΙΡΑΙΑΣ,Δυοβουνιώτη & Κουρμούλη,False,False,
2023/02/08,ΔΙΑΚΟΠΗ ΥΔΡΕΥΣΗΣ,ΚΑΣΤΕΛΛΑ,Δυοβουνιώτη & Κουρμούλη,False,False,
2023/02/08,ΔΙΑΚΟΠΗ ΥΔΡΕΥΣΗΣ,ΠΕΡΙΣΤΕΡΙ,Αμφιλοχίας & Καρκαβίτσα,False,False,
2023/02/08,ΔΙΑΚΟΠΗ ΥΔΡΕΥΣΗΣ,ΑΝΘΟΥΠΟΛΗ,Αμφιλοχίας & Καρκαβίτσα,False,False,
2023/02/08,ΔΙΑΚΟΠΗ ΥΔΡΕΥΣΗΣ,ΑΡΓΥΡΟΥΠΟΛΗ Α,Αβέρωφ & Μικράς Ασίας,False,False,
2023/02/08,ΔΙΑΚΟΠΗ ΥΔΡΕΥΣΗΣ,ΑΡΓΥΡΟΥΠΟΛΗ,Αβέρωφ & Μικράς Ασίας,False,False,
2023/02/08,ΔΙΑΚΟΠΗ ΥΔΡΕΥΣΗΣ,ΚΕΝΤΡΟ ΑΘΗΝΑΣ,Σταδίου & Εδουάρδου Λω,False,False,
2023/02/08,ΔΙΑΚΟΠΗ ΥΔΡΕΥΣΗΣ,ΑΘΗΝΑ,Σταδίου & Εδουάρδου Λω,False,False,
2023/02/08,ΔΙΑΚΟΠΗ ΥΔΡΕΥΣΗΣ,ΚΑΙΣΑΡΙΑΝΗ,Βρυούλων & Λυδίας,False,False,
2023/02/08,ΔΙΑΚΟΠΗ ΥΔΡΕΥΣΗΣ,ΚΑΙΣΑΡΙΑΝΗ,Βρυούλων & Λυδίας,False,False,
2023/02/08,ΔΙΑΚΟΠΗ ΥΔΡΕΥΣΗΣ,ΠΕΡΙΣΤΕΡΙ,Αμφιλοχίας και Καρκαβίτσα,False,False,
2023/02/08,ΔΙΑΚΟΠΗ ΥΔΡΕΥΣΗΣ,ΓΛΥΦΑΔΑ,Βίτσι και Αρετής,False,False,
2023/02/08,ΔΙΑΚΟΠΗ ΥΔΡΕΥΣΗΣ,ΖΩΓΡΑΦΟΣ,Ευρυνόμης και Σωκράτους,False,False,
2023/02/08,ΔΙΑΚΟΠΗ ΥΔΡΕΥΣΗΣ,ΠΕΙΡΑΙΑΣ,Δεληγιώργη και Βασ.Γεωργίου Β',False,False,
2023/02/08,ΔΙΑΚΟΠΗ ΥΔΡΕΥΣΗΣ,ΠΑΣΑΛΙΜΑΝΙ,Δεληγιώργη και Βασ.Γεωργίου Β',False,False,
2023/02/08,ΔΙΑΚΟΠΗ ΥΔΡΕΥΣΗΣ,ΝΕΑ ΦΙΛΑΔΕΛΦΕΙΑ,Ικονίου και Νίκαιας,False,False,
2023/02/08,ΔΙΑΚΟΠΗ ΥΔΡΕΥΣΗΣ,ΠΕΡΙΣΤΕΡΙ,Δοξάτου και Διστόμου,False,False,
2023/02/08,ΔΙΑΚΟΠΗ ΥΔΡΕΥΣΗΣ,ΠΕΡΙΣΤΕΡΙ,Δοξάτου και Διστόμου,False,False,
2023/02/08,ΔΙΑΚΟΠΗ ΥΔΡΕΥΣΗΣ,ΠΕΡΙΣΤΕΡΙ,Γουμενίτσης και Γκούρα,False,False,
2023/02/08,ΔΙΑΚΟΠΗ ΥΔΡΕΥΣΗΣ,ΠΕΡΙΣΤΕΡΙ,Γουμενίτσης και Γκούρα,False,False,
2023/02/08,ΔΙΑΚΟΠΗ ΥΔΡΕΥΣΗΣ,ΚΑΙΣΑΡΙΑΝΗ,Βρυούλων και Μοσχονησίων,False,False,
2023/02/08,ΔΙΑΚΟΠΗ ΥΔΡΕΥΣΗΣ,ΚΑΙΣΑΡΙΑΝΗ,Βρυούλων και Μοσχονησίων,False,False,
2023/02/08,ΔΙΑΚΟΠΗ ΥΔΡΕΥΣΗΣ,ΑΓΙΟΣ ΔΗΜΗΤΡΙΟΣ,Μερκούρη και Αγ. Γερασίμου,False,False,
2023/02/08,ΔΙΑΚΟΠΗ ΥΔΡΕΥΣΗΣ,ΑΓ. ΔΗΜΗΤΡΙΟΣ Α,Μερκούρη και Αγ. Γερασίμου,False,False,
2023/02/08,ΔΙΑΚΟΠΗ ΥΔΡΕΥΣΗΣ,ΑΣΠΡΟΠΥΡΓΟΣ,Γκορυτσάς και Νάτο,False,False,
2023/02/08,ΔΙΑΚΟΠΗ ΥΔΡΕΥΣΗΣ,ΑΣΠΡΟΠΥΡΓΟΣ,Γκορυτσάς και Νάτο,False,False,
2023/02/08,ΔΙΑΚΟΠΗ ΥΔΡΕΥΣΗΣ,ΑΧΑΡΝΕΣ,Αριστοβούλου & Καλαμπάκας,False,False,
2023/02/08,ΔΙΑΚΟΠΗ ΥΔΡΕΥΣΗΣ,ΑΥΛΙΖΑ,Αριστοβούλου & Καλαμπάκας,False,False,
2023/02/08,ΔΙΑΚΟΠΗ ΥΔΡΕΥΣΗΣ,ΚΕΡΑΤΣΙΝΙ,Αϊδινίου & Λυκούργου,False,False,
2023/02/08,ΔΙΑΚΟΠΗ ΥΔΡΕΥΣΗΣ,ΚΕΡΑΤΣΙΝΙ,Αϊδινίου & Λυκούργου,False,False,
2023/02/08,ΔΙΑΚΟΠΗ ΥΔΡΕΥΣΗΣ,ΚΑΛΑΜΑΚΙ,Νίκης και Ρήγα Φεραίου,False,False,
2023/02/08,ΔΙΑΚΟΠΗ ΥΔΡΕΥΣΗΣ,ΑΛΙΜΟΣ,Νίκης και Ρήγα Φεραίου,False,False,
2023/02/08,ΔΙΑΚΟΠΗ ΥΔΡΕΥΣΗΣ,ΔΑΦΝΗ,Ηλία Ηλιού & Λ. Βουλιαγμένης,False,False,
2023/02/08,ΔΙΑΚΟΠΗ ΥΔΡΕΥΣΗΣ,ΔΑΦΝΗ,Ηλία Ηλιού & Λ. Βουλιαγμένης,False,False,
2023/02/08,ΔΙΑΚΟΠΗ ΥΔΡΕΥΣΗΣ,ΗΛΙΟΥΠΟΛΗ,Κονίτσης & Λυκούργου,False,False,
2023/02/08,ΔΙΑΚΟΠΗ ΥΔΡΕΥΣΗΣ,ΗΛΙΟΥΠΟΛΗ,Κονίτσης & Λυκούργου,False,False,
2023/02/08,ΔΙΑΚΟΠΗ ΥΔΡΕΥΣΗΣ,ΘΡΑΚΟΜΑΚΕΔΟΝΕΣ,Παρμενίωνος & Δημοκρίτου,False,False,
2023/02/08,ΔΙΑΚΟΠΗ ΥΔΡΕΥΣΗΣ,ΘΡΑΚΟΜΑΚΕΔΟΝΕΣ,Παρμενίωνος & Δημοκρίτου,False,False,
2023/02/08,ΔΙΑΚΟΠΗ ΥΔΡΕΥΣΗΣ,ΓΚΥΖΗ,Κουγκίου & Γούδα,False,False,
2023/02/08,ΔΙΑΚΟΠΗ ΥΔΡΕΥΣΗΣ,ΑΘΗΝΑ,Κουγκίου & Γούδα,False,False,
2023/02/09,ΔΙΑΚΟΠΗ ΥΔΡΕΥΣΗΣ,ΑΓΙΑ ΠΑΡΑΣΚΕΥΗ,Χείλωνος και Δημοκρατίας,False,False,
2023/02/09,ΔΙΑΚΟΠΗ ΥΔΡΕΥΣΗΣ,ΑΓ. ΠΑΡΑΣΚΕΥΗ,Χείλωνος και Δημοκρατίας,False,False,
2023/02/09,ΔΙΑΚΟΠΗ ΥΔΡΕΥΣΗΣ,ΚΑΜΑΤΕΡΟ,Κνωσού και Πινδάρου,False,False,
2023/02/09,ΔΙΑΚΟΠΗ ΥΔΡΕΥΣΗΣ,ΚΑΜΑΤΕΡΟ,Κνωσού και Πινδάρου,False,False,
2023/02/09,ΔΙΑΚΟΠΗ ΥΔΡΕΥΣΗΣ,ΠΕΡΙΣΤΕΡΙ,Πελοπίδα και Πελασγίας,False,False,
2023/02/09,ΔΙΑΚΟΠΗ ΥΔΡΕΥΣΗΣ,ΠΕΡΙΣΤΕΡΙ,Πελοπίδα και Πελασγίας,False,False,
2023/02/09,ΔΙΑΚΟΠΗ ΥΔΡΕΥΣΗΣ,ΑΓΙΟΣ ΔΗΜΗΤΡΙΟΣ,Βελεστίνου και Μητροπέτροβα,False,False,
2023/02/09,ΔΙΑΚΟΠΗ ΥΔΡΕΥΣΗΣ,ΑΓ. ΔΗΜΗΤΡΙΟΣ Α,Βελεστίνου και Μητροπέτροβα,False,False,
2023/02/09,ΔΙΑΚΟΠΗ ΥΔΡΕΥΣΗΣ,ΓΚΥΖΗ,Αγαλιανού και Κουγκίου,False,False,
2023/02/09,ΔΙΑΚΟΠΗ ΥΔΡΕΥΣΗΣ,ΑΘΗΝΑ,Αγαλιανού και Κουγκίου,False,False,
2023/02/09,ΔΙΑΚΟΠΗ ΥΔΡΕΥΣΗΣ,ΠΕΙΡΑΙΑΣ,Σωτήρος Διός & Πραξιτέλους,False,False,
2023/02/09,ΔΙΑΚΟΠΗ ΥΔΡΕΥΣΗΣ,ΖΕΑ,Σωτήρος Διός & Πραξιτέλους,False,False,
2023/02/09,ΔΙΑΚΟΠΗ ΥΔΡΕΥΣΗΣ,ΗΛΙΟΥΠΟΛΗ,Καρέα & Κλεισόβης,False,False,
2023/02/09,ΔΙΑΚΟΠΗ ΥΔΡΕΥΣΗΣ,ΗΛΙΟΥΠΟΛΗ,Καρέα & Κλεισόβης,False,False,
2023/02/09,ΔΙΑΚΟΠΗ ΥΔΡΕΥΣΗΣ,ΧΑΛΑΝΔΡΙ,Λ. Μεσογείων & Βύρωνος,False,False,
2023/02/09,ΔΙΑΚΟΠΗ ΥΔΡΕΥΣΗΣ,ΚΑΤΩ ΧΑΛΑΝΔΡΙ,Λ. Μεσογείων & Βύρωνος,False,False,
2023/02/09,ΔΙΑΚΟΠΗ ΥΔΡΕΥΣΗΣ,ΘΡΑΚΟΜΑΚΕΔΟΝΕΣ,Παρμενίωνος & Ολυμπίων,False,False,
2023/02/09,ΔΙΑΚΟΠΗ ΥΔΡΕΥΣΗΣ,ΘΡΑΚΟΜΑΚΕΔΟΝΕΣ,Παρμενίωνος & Ολυμπίων,False,False,
2023/02/09,ΔΙΑΚΟΠΗ ΥΔΡΕΥΣΗΣ,ΧΑΡΑΥΓΗ Η,23ης Μαρτίου και Φραντζή,False,False,
2023/02/09,ΔΙΑΚΟΠΗ ΥΔΡΕΥΣΗΣ,ΑΧΑΡΝΕΣ,23ης Μαρτίου και Φραντζή,False,False,
2023/02/09,ΔΙΑΚΟΠΗ ΥΔΡΕΥΣΗΣ,ΠΑΛΛΗΝΗΣ,Αιόλου και Μενεξέδων,False,False,
2023/02/09,ΔΙΑΚΟΠΗ ΥΔΡΕΥΣΗΣ,ΠΑΛΛΗΝΗ,Αιόλου και Μενεξέδων,False,False,
2023/02/09,ΔΙΑΚΟΠΗ ΥΔΡΕΥΣΗΣ,Ν. ΚΗΦΙΣΙΑ,Πατρών και Κυνηγών,False,False,
2023/02/09,ΔΙΑΚΟΠΗ ΥΔΡΕΥΣΗΣ,ΚΗΦΙΣΙΑ,Πατρών και Κυνηγών,False,False,
2023/02/09,ΔΙΑΚΟΠΗ ΥΔΡΕΥΣΗΣ,ΝΕΑ ΣΜΥΡΝΗ,Βοσπόρου και Αντισυνταγματάρχου Φιλίππου,False,False,
2023/02/09,ΔΙΑΚΟΠΗ ΥΔΡΕΥΣΗΣ,Ν. ΣΜΥΡΝΗ Π,Βοσπόρου και Αντισυνταγματάρχου Φιλίππου,False,False,
2023/02/09,ΔΙΑΚΟΠΗ ΥΔΡΕΥΣΗΣ,ΣΑΛΑΜΙΝΑ,Άνδρου και Αγίου Παντελεήμονος,False,False,
2023/02/09,ΔΙΑΚΟΠΗ ΥΔΡΕΥΣΗΣ,ΣΑΛΑΜΙΝΑ,Άνδρου και Αγίου Παντελεήμονος,False,False,
2023/02/09,ΔΙΑΚΟΠΗ ΥΔΡΕΥΣΗΣ,ΓΛΥΦΑΔΑ,Άργους και Κορυτσάς,False,False,
2023/02/09,ΔΙΑΚΟΠΗ ΥΔΡΕΥΣΗΣ,ΓΛΥΦΑΔΑ,Άργους και Κορυτσάς,False,False,
2023/02/09,ΔΙΑΚΟΠΗ ΥΔΡΕΥΣΗΣ,ΗΛΙΟΥΠΟΛΗ,Ηρώων Πολυτεχνείου και Ζηνοδότου,False,False,
2023/02/09,ΔΙΑΚΟΠΗ ΥΔΡΕΥΣΗΣ,ΗΛΙΟΥΠΟΛΗ,Ηρώων Πολυτεχνείου και Ζηνοδότου,False,False,
2023/02/09,ΔΙΑΚΟΠΗ ΥΔΡΕΥΣΗΣ,ΗΛΙΟΥΠΟΛΗ,Καλλέργη και Ιάσονος,False,False,
2023/02/09,ΔΙΑΚΟΠΗ ΥΔΡΕΥΣΗΣ,ΗΛΙΟΥΠΟΛΗ,Καλλέργη και Ιάσονος,False,False,
2023/02/09,ΔΙΑΚΟΠΗ ΥΔΡΕΥΣΗΣ,ΘΥΜΑΡΑΚΙΑ,Ζερβουδάκη και Στρατηγού Δαγκλή,False,False,
2023/02/09,ΔΙΑΚΟΠΗ ΥΔΡΕΥΣΗΣ,ΑΘΗΝΑ,Ζερβουδάκη και Στρατηγού Δαγκλή,False,False,
2023/02/09,ΔΙΑΚΟΠΗ ΥΔΡΕΥΣΗΣ,ΚΑΜΑΤΕΡΟ,Μπουμπουλίνας και Μεσοποταμίας,False,False,
2023/02/09,ΔΙΑΚΟΠΗ ΥΔΡΕΥΣΗΣ,ΓΕΡΟΒΟΥΝΟ,Μπουμπουλίνας και Μεσοποταμίας,False,False,
2023/02/09,ΔΙΑΚΟΠΗ ΥΔΡΕΥΣΗΣ,ΒΟΥΛΙΑΓΜΕΝΗ,Ερμού και Ιάσονος,False,False,
2023/02/09,ΔΙΑΚΟΠΗ ΥΔΡΕΥΣΗΣ,ΒΟΥΛΙΑΓΜΕΝΗ,Ερμού και Ιάσονος,False,False,
2023/02/10,ΔΙΑΚΟΠΗ ΥΔΡΕΥΣΗΣ,ΚΑΙΣΑΡΙΑΝΗ,Βρυούλων και Μοσχονησίων,False,False,
2023/02/10,ΔΙΑΚΟΠΗ ΥΔΡΕΥΣΗΣ,ΚΑΙΣΑΡΙΑΝΗ,Βρυούλων και Μοσχονησίων,False,False,
2023/02/10,ΔΙΑΚΟΠΗ ΥΔΡΕΥΣΗΣ,ΜΕΝΙΔΙ,Αγίου Διονυσίου και Αριδαίας,False,False,
2023/02/10,ΔΙΑΚΟΠΗ ΥΔΡΕΥΣΗΣ,ΑΧΑΡΝΕΣ,Αγίου Διονυσίου και Αριδαίας,False,False,
2023/02/10,ΔΙΑΚΟΠΗ ΥΔΡΕΥΣΗΣ,ΚΑΛΛΙΘΕΑ,Ηλέκτρας και Ξενοφώντος,False,False,
2023/02/10,ΔΙΑΚΟΠΗ ΥΔΡΕΥΣΗΣ,ΚΑΛΛΙΘΕΑ,Ηλέκτρας και Ξενοφώντος,False,False,
2023/02/10,ΔΙΑΚΟΠΗ ΥΔΡΕΥΣΗΣ,ΑΓΙΟΣ ΔΗΜΗΤΡΙΟΣ,Ακταίων και Βελεστίνου,False,False,
2023/02/10,ΔΙΑΚΟΠΗ ΥΔΡΕΥΣΗΣ,ΑΓ. ΔΗΜΗΤΡΙΟΣ Α,Ακταίων και Βελεστίνου,False,False,
2023/02/10,ΔΙΑΚΟΠΗ ΥΔΡΕΥΣΗΣ,ΗΛΙΟΥΠΟΛΗ,Λεωφ. Σοφοκλή Βενιζέλου και Αρχιμήδους,False,False,
2023/02/10,ΔΙΑΚΟΠΗ ΥΔΡΕΥΣΗΣ,ΗΛΙΟΥΠΟΛΗ,Λεωφ. Σοφοκλή Βενιζέλου και Αρχιμήδους,False,False,
2023/02/10,ΔΙΑΚΟΠΗ ΥΔΡΕΥΣΗΣ,ΨΥΧΙΚΟ,Κρυστάλλη και Εμμανουήλ Ροΐδη,False,False,
2023/02/10,ΔΙΑΚΟΠΗ ΥΔΡΕΥΣΗΣ,ΨΥΧΙΚΟ,Κρυστάλλη και Εμμανουήλ Ροΐδη,False,False,
2023/02/10,ΔΙΑΚΟΠΗ ΥΔΡΕΥΣΗΣ,ΑΛΙΜΟΣ Π,Φιλελλήνων και Λεωφ. Καλαμακίου,False,False,
2023/02/10,ΔΙΑΚΟΠΗ ΥΔΡΕΥΣΗΣ,ΑΛΙΜΟΣ,Φιλελλήνων και Λεωφ. Καλαμακίου,False,False,
2023/02/10,ΔΙΑΚΟΠΗ ΥΔΡΕΥΣΗΣ,ΣΑΛΑΜΙΝΑ,Ελευθ. Βενιζέλου και Μπουμπουλίνας,False,False,
2023/02/10,ΔΙΑΚΟΠΗ ΥΔΡΕΥΣΗΣ,ΑΜΠΕΛΑΚΙΑ,Ελευθ. Βενιζέλου και Μπουμπουλίνας,False,False,
2023/02/10,ΔΙΑΚΟΠΗ ΥΔΡΕΥΣΗΣ,ΓΛΥΦΑΔΑ,Ακροκορίνθου και Φαιστού,False,False,
2023/02/10,ΔΙΑΚΟΠΗ ΥΔΡΕΥΣΗΣ,ΑΝΩ ΓΛΥΦΑΔΑ,Ακροκορίνθου και Φαιστού,False,False,
2023/02/10,ΔΙΑΚΟΠΗ ΥΔΡΕΥΣΗΣ,ΠΑΛΑΙΟ ΦΑΛΗΡΟ,Αθανασιάδου Ήβης και Καλυψούς,False,False,
2023/02/10,ΔΙΑΚΟΠΗ ΥΔΡΕΥΣΗΣ,Π. ΦΑΛΗΡΟ,Αθανασιάδου Ήβης και Καλυψούς,False,False,
2023/02/10,ΔΙΑΚΟΠΗ ΥΔΡΕΥΣΗΣ,ΧΑΛΑΝΔΡΙ,Σοφ. Βενιζέλου και Ηπείρου,False,False,
2023/02/10,ΔΙΑΚΟΠΗ ΥΔΡΕΥΣΗΣ,ΚΑΤΩ ΧΑΛΑΝΔΡΙ,Σοφ. Βενιζέλου και Ηπείρου,False,False,
2023/02/10,ΔΙΑΚΟΠΗ ΥΔΡΕΥΣΗΣ,ΧΑΛΑΝΔΡΙ,Ελικώνος και Ιωαννίνων,False,False,
2023/02/10,ΔΙΑΚΟΠΗ ΥΔΡΕΥΣΗΣ,ΧΑΛΑΝΔΡΙ,Ελικώνος και Ιωαννίνων,False,False,
2023/02/10,ΔΙΑΚΟΠΗ ΥΔΡΕΥΣΗΣ,ΝΕΑ ΣΜΥΡΝΗ,Κων/νου Παλαιολόγου και Μεγ. Αλεξάνδρου,False,False,
2023/02/10,ΔΙΑΚΟΠΗ ΥΔΡΕΥΣΗΣ,Ν. ΣΜΥΡΝΗ Α,Κων/νου Παλαιολόγου και Μεγ. Αλεξάνδρου,False,False,
2023/02/10,ΔΙΑΚΟΠΗ ΥΔΡΕΥΣΗΣ,ΑΓΙΟΣ ΔΗΜΗΤΡΙΟΣ,Αυλώνος και Βελεστίνου,False,False,
2023/02/10,ΔΙΑΚΟΠΗ ΥΔΡΕΥΣΗΣ,ΑΓ. ΔΗΜΗΤΡΙΟΣ Α,Αυλώνος και Βελεστίνου,False,False,
2023/02/10,ΔΙΑΚΟΠΗ ΥΔΡΕΥΣΗΣ,ΜΑΓΟΥΛΑ,Δαυίδ Αμαρίλιο και Γεννημετά,False,False,
2023/02/10,ΔΙΑΚΟΠΗ ΥΔΡΕΥΣΗΣ,ΜΑΓΟΥΛΑ,Δαυίδ Αμαρίλιο και Γεννημετά,False,False,
2023/02/10,ΔΙΑΚΟΠΗ ΥΔΡΕΥΣΗΣ,ΠΕΥΚΗΣ,Αγωνιστών και Ρήγα Φεραίου,False,False,
2023/02/10,ΔΙΑΚΟΠΗ ΥΔΡΕΥΣΗΣ,ΠΕΥΚΗ,Αγωνιστών και Ρήγα Φεραίου,False,False,
2023/02/10,ΔΙΑΚΟΠΗ ΥΔΡΕΥΣΗΣ,ΠΕΡΑΜΑ,3ης Σεπτεμβρίου και Κρήτης,False,False,
2023/02/10,ΔΙΑΚΟΠΗ ΥΔΡΕΥΣΗΣ,ΠΕΡΑΜΑ,3ης Σεπτεμβρίου και Κρήτης,False,False,
2023/02/10,ΔΙΑΚΟΠΗ ΥΔΡΕΥΣΗΣ,ΑΙΓΑΛΕΩ,Πίνδου και Ροδόπης,False,False,
2023/02/10,ΔΙΑΚΟΠΗ ΥΔΡΕΥΣΗΣ,ΑΙΓΑΛΕΩ,Πίνδου και Ροδόπης,False,False,
2023/02/10,ΔΙΑΚΟΠΗ ΥΔΡΕΥΣΗΣ,ΑΧΑΡΝΕΣ,Φιλαδελφείας και Π. Κουλάνη,False,False,
2023/02/10,ΔΙΑΚΟΠΗ ΥΔΡΕΥΣΗΣ,ΑΧΑΡΝΕΣ,Φιλαδελφείας και Π. Κουλάνη,False,False,
2023/02/10,ΔΙΑΚΟΠΗ ΥΔΡΕΥΣΗΣ,ΝΙΚΑΙΑ,Δημάρχου Τουντουλίδη και Νικομήδειας,False,False,
2023/02/10,ΔΙΑΚΟΠΗ ΥΔΡΕΥΣΗΣ,ΝΙΚΑΙΑ,Δημάρχου Τουντουλίδη και Νικομήδειας,False,False,
2023/02/10,ΔΙΑΚΟΠΗ ΥΔΡΕΥΣΗΣ,ΣΑΛΑΜΙΝΑ,Αριστοτέλους και Θεμιστοκλέους,False,False,
2023/02/10,ΔΙΑΚΟΠΗ ΥΔΡΕΥΣΗΣ,ΣΑΛΑΜΙΝΑ,Αριστοτέλους και Θεμιστοκλέους,False,False,
2023/02/10,ΔΙΑΚΟΠΗ ΥΔΡΕΥΣΗΣ,ΑΣΠΡΟΠΥΡΓΟΣ,Κορυτσάς και Αγίας Ελένης,False,False,
2023/02/10,ΔΙΑΚΟΠΗ ΥΔΡΕΥΣΗΣ,ΑΣΠΡΟΠΥΡΓΟΣ,Κορυτσάς και Αγίας Ελένης,False,False,
2023/02/10,ΔΙΑΚΟΠΗ ΥΔΡΕΥΣΗΣ,ΑΓΙΟΣ ΙΩΑΝΝΗΣ ΡΕΝΤΗΣ,28ης Οκτωβρίου και Στρατηγού Μακρυγιάννη,False,False,
2023/02/10,ΔΙΑΚΟΠΗ ΥΔΡΕΥΣΗΣ,ΑΓ. Ι. ΡΕΝΤΗΣ,28ης Οκτωβρίου και Στρατηγού Μακρυγιάννη,False,False,
2023/02/10,ΔΙΑΚΟΠΗ ΥΔΡΕΥΣΗΣ,ΧΑΛΑΝΔΡΙ,Θράκης και Καστελλορίζου,False,False,
2023/02/10,ΔΙΑΚΟΠΗ ΥΔΡΕΥΣΗΣ,Ν. ΦΙΛΟΘΕΗ Α,Ψαρρού και Περρίκου,False,True,
2023/02/10,ΔΙΑΚΟΠΗ ΥΔΡΕΥΣΗΣ,ΑΘΗΝΑ,Ψαρρού και Περρίκου,False,True,
2023/02/10,ΔΙΑΚΟΠΗ ΥΔΡΕΥΣΗΣ,ΦΛΕΒΑ,Αρετής και Μυκόνου,False,False,
2023/02/10,ΔΙΑΚΟΠΗ ΥΔΡΕΥΣΗΣ,ΙΛΙΟΝ,Αρετής και Μυκόνου,False,False,
2023/02/10,ΔΙΑΚΟΠΗ ΥΔΡΕΥΣΗΣ,ΚΑΤΩ ΠΑΤΗΣΙΑ,Στρατηγού Καλλάρη και Ναυάρχου Βότση,False,False,
2023/02/10,ΔΙΑΚΟΠΗ ΥΔΡΕΥΣΗΣ,ΑΘΗΝΑ,Στρατηγού Καλλάρη και Ναυάρχου Βότση,False,False,
2023/02/10,ΔΙΑΚΟΠΗ ΥΔΡΕΥΣΗΣ,ΑΓΙΟΙ ΑΝΑΡΓΥΡΟΙ,Βασιλικών και Διστόμου,False,False,
2023/02/10,ΔΙΑΚΟΠΗ ΥΔΡΕΥΣΗΣ,ΑΓ. ΑΝΑΡΓΥΡΟΙ,Βασιλικών και Διστόμου,False,False,
2023/02/10,ΔΙΑΚΟΠΗ ΥΔΡΕΥΣΗΣ,ΗΡΑΚΛΕΙΟ,Κρίνων και Πρασίνου Λόφου,False,False,
2023/02/10,ΔΙΑΚΟΠΗ ΥΔΡΕΥΣΗΣ,ΗΡΑΚΛΕΙΟ,Κρίνων και Πρασίνου Λόφου,False,False,
2023/02/10,ΔΙΑΚΟΠΗ ΥΔΡΕΥΣΗΣ,ΡΙΜΙΝΙΤΩΝ,Διομήδους και Αφροδίτης,False,False,
2023/02/10,ΔΙΑΚΟΠΗ ΥΔΡΕΥΣΗΣ,ΙΛΙΟΝ,Διομήδους και Αφροδίτης,False,False,
2023/02/10,ΔΙΑΚΟΠΗ ΥΔΡΕΥΣΗΣ,Ν. ΚΟΣΜΟΣ,Μάουερ και Σαρκουδίνου,False,False,
2023/02/10,ΔΙΑΚΟΠΗ ΥΔΡΕΥΣΗΣ,ΑΘΗΝΑ,Μάουερ και Σαρκουδίνου,False,False,
2023/02/10,ΔΙΑΚΟΠΗ ΥΔΡΕΥΣΗΣ,ΤΕΡΨΙΘΕΑ,Ελευθέρου Ανθρώπου και Ανατολικής Ρωμυλίας,False,False,
2023/02/10,ΔΙΑΚΟΠΗ ΥΔΡΕΥΣΗΣ,ΓΛΥΦΑΔΑ,Ελευθέρου Ανθρώπου και Ανατολικής Ρωμυλίας,False,False,
2023/02/10,ΔΙΑΚΟΠΗ ΥΔΡΕΥΣΗΣ,ΕΛΛΗΝΟΡΩΣΩΝ,Λεωφ. Κηφισίας και Παπαδά,False,False,
2023/02/10,ΔΙΑΚΟΠΗ ΥΔΡΕΥΣΗΣ,ΑΘΗΝΑ,Λεωφ. Κηφισίας και Παπαδά,False,False,
2023/02/10,ΔΙΑΚΟΠΗ ΥΔΡΕΥΣΗΣ,ΝΕΑ ΧΑΛΚΗΔΟΝΑ,Στρατηγού Μακρυγιάννη και Ελ. Βενιζέλου,False,False,
2023/02/10,ΔΙΑΚΟΠΗ ΥΔΡΕΥΣΗΣ,Ν. ΧΑΛΚΗΔΟΝΑ,Στρατηγού Μακρυγιάννη και Ελ. Βενιζέλου,False,False,
2023/02/11,ΔΙΑΚΟΠΗ ΥΔΡΕΥΣΗΣ,ΚΟΡΥΔΑΛΛΟΣ,Δεξαμενής και Ιωαννίνων ΕΠΗΡΕΑΖΕΤΑΙ ΚΑΙ ΠΕΡΙΟΧΗ ΤΟΥ ΔΗΜΟΥ ΝΙΚΑΙΑΣ,False,False,
2023/02/11,ΔΙΑΚΟΠΗ ΥΔΡΕΥΣΗΣ,ΚΟΡΥΔΑΛΛΟΣ,Δεξαμενής και Ιωαννίνων ΕΠΗΡΕΑΖΕΤΑΙ ΚΑΙ ΠΕΡΙΟΧΗ ΤΟΥ ΔΗΜΟΥ ΝΙΚΑΙΑΣ,False,False,
2023/02/11,ΔΙΑΚΟΠΗ ΥΔΡΕΥΣΗΣ,ΓΚΥΖΗ,Καστριώτου και Βώκου,False,False,
2023/02/11,ΔΙΑΚΟΠΗ ΥΔΡΕΥΣΗΣ,ΑΘΗΝΑ,Καστριώτου και Βώκου,False,False,
2023/02/11,ΔΙΑΚΟΠΗ ΥΔΡΕΥΣΗΣ,ΚΕΡΑΤΣΙΝΙ,Λεωφ. Παύλου Φύσσα και Καλαβρύτων,False,False,
2023/02/11,ΔΙΑΚΟΠΗ ΥΔΡΕΥΣΗΣ,ΚΕΡΑΤΣΙΝΙ,Λεωφ. Παύλου Φύσσα και Καλαβρύτων,False,False,
2023/02/11,ΔΙΑΚΟΠΗ ΥΔΡΕΥΣΗΣ,ΓΚΥΖΗ,Αγαλιανού και Αμφείας,False,False,
2023/02/11,ΔΙΑΚΟΠΗ ΥΔΡΕΥΣΗΣ,ΑΘΗΝΑ,Αγαλιανού και Αμφείας,False,False,
2023/02/11,ΔΙΑΚΟΠΗ ΥΔΡΕΥΣΗΣ,ΥΜΗΤΤΟΣ,Δορυλαίου και Βρυούλων,False,False,
2023/02/11,ΔΙΑΚΟΠΗ ΥΔΡΕΥΣΗΣ,ΥΜΗΤΤΟΣ,Δορυλαίου και Βρυούλων,False,False,
2023/02/11,ΔΙΑΚΟΠΗ ΥΔΡΕΥΣΗΣ,ΤΡΕΙΣ ΓΕΦΥΡΕΣ,Σιώκου και Αυλώνος,False,False,
2023/02/11,ΔΙΑΚΟΠΗ ΥΔΡΕΥΣΗΣ,ΑΘΗΝΑ,Σιώκου και Αυλώνος,False,False,
2023/02/11,ΔΙΑΚΟΠΗ ΥΔΡΕΥΣΗΣ,ΛΥΚΟΤΡΥΠΑ,Φιλαδελφείας και Κουλάνη,False,False,
2023/02/11,ΔΙΑΚΟΠΗ ΥΔΡΕΥΣΗΣ,ΑΧΑΡΝΕΣ,Φιλαδελφείας και Κουλάνη,False,False,
2023/02/11,ΔΙΑΚΟΠΗ ΥΔΡΕΥΣΗΣ,ΣΑΛΑΜΙΝΑ,Κολοκοτρώνη και Νικηταρά,False,False,
2023/02/11,ΔΙΑΚΟΠΗ ΥΔΡΕΥΣΗΣ,ΣΑΛΑΜΙΝΑ,Κολοκοτρώνη και Νικηταρά,False,False,
2023/02/11,ΔΙΑΚΟΠΗ ΥΔΡΕΥΣΗΣ,ΨΥΧΙΚΟ,Ανθέων και Αμαρυλλίδος,False,False,
2023/02/11,ΔΙΑΚΟΠΗ ΥΔΡΕΥΣΗΣ,ΨΥΧΙΚΟ,Ανθέων και Αμαρυλλίδος,False,False,
2023/02/11,ΔΙΑΚΟΠΗ ΥΔΡΕΥΣΗΣ,ΓΛΥΦΑΔΑ,Σπετσών και Βουλιαγμένης,False,False,
2023/02/11,ΔΙΑΚΟΠΗ ΥΔΡΕΥΣΗΣ,ΓΛΥΦΑΔΑ,Σπετσών και Βουλιαγμένης,False,False,
2023/02/11,ΔΙΑΚΟΠΗ ΥΔΡΕΥΣΗΣ,ΚΟΛΟΚΥΝΘΟΥ,Ευκλείδου και Άστρους,False,False,
2023/02/11,ΔΙΑΚΟΠΗ ΥΔΡΕΥΣΗΣ,ΑΘΗΝΑ,Ευκλείδου και Άστρους,False,False,
2023/02/11,ΔΙΑΚΟΠΗ ΥΔΡΕΥΣΗΣ,ΚΑΙΣΑΡΙΑΝΗ,Σταματιάδου και Οδεμησίου,False,False,
2023/02/11,ΔΙΑΚΟΠΗ ΥΔΡΕΥΣΗΣ,ΚΑΙΣΑΡΙΑΝΗ,Σταματιάδου και Οδεμησίου,False,False,
2023/02/11,ΔΙΑΚΟΠΗ ΥΔΡΕΥΣΗΣ,ΑΣΠΡΟΠΥΡΓΟΣ,Λεωφ. Νάτο και Κριεζή,False,False,
2023/02/11,ΔΙΑΚΟΠΗ ΥΔΡΕΥΣΗΣ,ΑΣΠΡΟΠΥΡΓΟΣ,Λεωφ. Νάτο και Κριεζή,False,False,
2023/02/11,ΔΙΑΚΟΠΗ ΥΔΡΕΥΣΗΣ,ΝΕΑ ΠΕΡΑΜΟΣ,Τόλκα και Σωτήρος,False,False,
2023/02/11,ΔΙΑΚΟΠΗ ΥΔΡΕΥΣΗΣ,Ν. ΠΕΡΑΜΟΣ,Τόλκα και Σωτήρος,False,False,
2023/02/11,ΔΙΑΚΟΠΗ ΥΔΡΕΥΣΗΣ,ΣΑΛΑΜΙΝΑ,Αγίου Πέτρου και Άγίου Κυπριανού,False,False,
2023/02/11,ΔΙΑΚΟΠΗ ΥΔΡΕΥΣΗΣ,ΑΜΠΕΛΑΚΙΑ,Αγίου Πέτρου και Άγίου Κυπριανού,False,False,
2023/02/11,ΔΙΑΚΟΠΗ ΥΔΡΕΥΣΗΣ,ΨΥΧΙΚΟ,Παράσχου Αχιλλέως και Διαδόχου Παύλου,False,False,
2023/02/11,ΔΙΑΚΟΠΗ ΥΔΡΕΥΣΗΣ,ΨΥΧΙΚΟ,Παράσχου Αχιλλέως και Διαδόχου Παύλου,False,False,
2023/02/11,ΔΙΑΚΟΠΗ ΥΔΡΕΥΣΗΣ,ΧΟΛΑΡΓΟΣ,Σωκράτους και Λεωφ. Μεσογείων,False,True,
2023/02/11,ΔΙΑΚΟΠΗ ΥΔΡΕΥΣΗΣ,ΧΟΛΑΡΓΟΣ,Σωκράτους και Λεωφ. Μεσογείων,False,True,
2023/02/11,ΔΙΑΚΟΠΗ ΥΔΡΕΥΣΗΣ,ΚΕΝΤΡΟ ΑΘΗΝΑΣ,Φιλελλήνων και Σιμωνίδου,False,False,
2023/02/11,ΔΙΑΚΟΠΗ ΥΔΡΕΥΣΗΣ,ΑΘΗΝΑ,Φιλελλήνων και Σιμωνίδου,False,False,
2023/02/11,ΔΙΑΚΟΠΗ ΥΔΡΕΥΣΗΣ,ΚΑΜΑΤΕΡΟ,"Βίκτωρος Ουγκώ και Μακεδονίας , Αράχθου και Μακεδονίας",False,True,
2023/02/11,ΔΙΑΚΟΠΗ ΥΔΡΕΥΣΗΣ,ΓΕΡΟΒΟΥΝΟ,"Βίκτωρος Ουγκώ και Μακεδονίας , Αράχθου και Μακεδονίας",False,True,
2023/02/11,ΔΙΑΚΟΠΗ ΥΔΡΕΥΣΗΣ,Ν. ΦΙΛΟΘΕΗ Α,Περρίκου και Μπάκου,False,True,
2023/02/11,ΔΙΑΚΟΠΗ ΥΔΡΕΥΣΗΣ,ΑΘΗΝΑ,Περρίκου και Μπάκου,False,True,
2023/02/11,ΔΙΑΚΟΠΗ ΥΔΡΕΥΣΗΣ,ΨΥΧΙΚΟ,Μουσών και Υπολοχαγού Αλεξάνδρου Διάκου,False,False,
2023/02/11,ΔΙΑΚΟΠΗ ΥΔΡΕΥΣΗΣ,ΨΥΧΙΚΟ,Μουσών και Υπολοχαγού Αλεξάνδρου Διάκου,False,False,
2023/02/11,ΔΙΑΚΟΠΗ ΥΔΡΕΥΣΗΣ,ΜΕΝΙΔΙΑΤΙΚΑ,Ακτημόνων και Λυκούργου,False,False,
2023/02/11,ΔΙΑΚΟΠΗ ΥΔΡΕΥΣΗΣ,ΓΑΛΑΤΣΙ,Ακτημόνων και Λυκούργου,False,False,
2023/02/11,ΔΙΑΚΟΠΗ ΥΔΡΕΥΣΗΣ,ΠΕΡΙΣΤΕΡΙ,Αμφιλοχίας και Αριστοτέλους,False,False,
2023/02/11,ΔΙΑΚΟΠΗ ΥΔΡΕΥΣΗΣ,ΑΝΘΟΥΠΟΛΗ,Αμφιλοχίας και Αριστοτέλους,False,False,
2023/02/12,ΔΙΑΚΟΠΗ ΥΔΡΕΥΣΗΣ,ΠΟΛΥΔΡΟΣΟ,Διονυσίου Αρεοπαγίτου και Ακακιών,False,False,
2023/02/12,ΔΙΑΚΟΠΗ ΥΔΡΕΥΣΗΣ,ΜΑΡΟΥΣΙ,Διονυσίου Αρεοπαγίτου και Ακακιών,False,False,
2023/02/12,ΔΙΑΚΟΠΗ ΥΔΡΕΥΣΗΣ,ΤΕΡΨΙΘΕΑ,Ελεύθερου Ανθρώπου και Δαρδανελλίων,False,False,
2023/02/12,ΔΙΑΚΟΠΗ ΥΔΡΕΥΣΗΣ,ΓΛΥΦΑΔΑ,Ελεύθερου Ανθρώπου και Δαρδανελλίων,False,False,
2023/02/12,ΔΙΑΚΟΠΗ ΥΔΡΕΥΣΗΣ,ΠΑΛΑΤΙΑΝΗ,Κασσιανής και Θεοδώρας,False,False,
2023/02/12,ΔΙΑΚΟΠΗ ΥΔΡΕΥΣΗΣ,ΙΛΙΟΝ,Κασσιανής και Θεοδώρας,False,False,
2023/02/12,ΔΙΑΚΟΠΗ ΥΔΡΕΥΣΗΣ,ΠΕΙΡΑΙΑΣ,Λουδοβίκου και Ακτή Κονδύλη,False,False,
2023/02/12,ΔΙΑΚΟΠΗ ΥΔΡΕΥΣΗΣ,ΠΕΙΡΑΙΑΣ,Λουδοβίκου και Ακτή Κονδύλη,False,False,
2023/02/12,ΔΙΑΚΟΠΗ ΥΔΡΕΥΣΗΣ,ΦΙΛΟΘΕΗ,Θησέως και Παπαδιαμάντη(επηρεάζει την ευρύτερη περιοχή),False,False,
2023/02/12,ΔΙΑΚΟΠΗ ΥΔΡΕΥΣΗΣ,ΧΑΡΑΥΓΗ Η,Αθανασίου Μπόσδα και Π. Βλάχου,False,False,
2023/02/12,ΔΙΑΚΟΠΗ ΥΔΡΕΥΣΗΣ,ΑΧΑΡΝΕΣ,Αθανασίου Μπόσδα και Π. Βλάχου,False,False,
2023/02/12,ΔΙΑΚΟΠΗ ΥΔΡΕΥΣΗΣ,ΥΜΗΤΤΟΣ,Κουντουριώτου και Κερασούντος,False,False,
2023/02/12,ΔΙΑΚΟΠΗ ΥΔΡΕΥΣΗΣ,ΥΜΗΤΤΟΣ,Κουντουριώτου και Κερασούντος,False,False,
2023/02/12,ΔΙΑΚΟΠΗ ΥΔΡΕΥΣΗΣ,ΑΧΑΡΝΕΣ,Ειρήνης και Γρανικού,False,False,
2023/02/12,ΔΙΑΚΟΠΗ ΥΔΡΕΥΣΗΣ,ΑΥΛΙΖΑ,Ειρήνης και Γρανικού,False,False,
2023/02/12,ΔΙΑΚΟΠΗ ΥΔΡΕΥΣΗΣ,ΜΑΡΟΥΣΙ,Βασιλέως Αλεξάνδρου και Ναυάρχου Δεμέστιχα,False,False,
2023/02/12,ΔΙΑΚΟΠΗ ΥΔΡΕΥΣΗΣ,ΜΑΡΟΥΣΙ,Βασιλέως Αλεξάνδρου και Ναυάρχου Δεμέστιχα,False,False,
2023/02/12,ΔΙΑΚΟΠΗ ΥΔΡΕΥΣΗΣ,ΣΑΛΑΜΙΝΑ,Αγίου Παντελεήμονος και Ρεθύμνης,False,False,
2023/02/12,ΔΙΑΚΟΠΗ ΥΔΡΕΥΣΗΣ,ΑΜΠΕΛΑΚΙΑ,Αγίου Παντελεήμονος και Ρεθύμνης,False,False,
2023/02/12,ΔΙΑΚΟΠΗ ΥΔΡΕΥΣΗΣ,ΦΥΛΗ,ΜΟΝΗ ΚΛΕΙΣΤΩΝ -& ΤΕΡΜΑ ΑΓΙΑΣ ΣΟΦΙΑΣ,False,False,
2023/02/12,ΔΙΑΚΟΠΗ ΥΔΡΕΥΣΗΣ,ΦΥΛΗ,ΜΟΝΗ ΚΛΕΙΣΤΩΝ -& ΤΕΡΜΑ ΑΓΙΑΣ ΣΟΦΙΑΣ,False,False,
2023/02/12,ΔΙΑΚΟΠΗ ΥΔΡΕΥΣΗΣ,ΠΑΛΑΙΟ ΦΑΛΗΡΟ,Αίαντος και Τρίτωνος,False,False,
2023/02/12,ΔΙΑΚΟΠΗ ΥΔΡΕΥΣΗΣ,Π. ΦΑΛΗΡΟ,Αίαντος και Τρίτωνος,False,False,
2023/02/12,ΔΙΑΚΟΠΗ ΥΔΡΕΥΣΗΣ,ΧΑΛΑΝΔΡΙ,Ηρακλέους και Δήμητρας,False,False,
2023/02/12,ΔΙΑΚΟΠΗ ΥΔΡΕΥΣΗΣ,ΧΑΛΑΝΔΡΙ,Ηρακλέους και Δήμητρας,False,False,
2023/02/12,ΔΙΑΚΟΠΗ ΥΔΡΕΥΣΗΣ,ΓΚΥΖΗ,Αγαλιανού και Κουγκίου και Καστριώτου και Γούδα,False,False,
2023/02/12,ΔΙΑΚΟΠΗ ΥΔΡΕΥΣΗΣ,ΑΘΗΝΑ,Αγαλιανού και Κουγκίου και Καστριώτου και Γούδα,False,False,
2023/02/12,ΔΙΑΚΟΠΗ ΥΔΡΕΥΣΗΣ,ΧΑΙΔΑΡΙΟΥ,Λεωφόρος Αθηνών και Σατωβριάνδου,False,False,
2023/02/12,ΔΙΑΚΟΠΗ ΥΔΡΕΥΣΗΣ,ΧΑΙΔΑΡΙ,Λεωφόρος Αθηνών και Σατωβριάνδου,False,False,
2023/02/12,ΔΙΑΚΟΠΗ ΥΔΡΕΥΣΗΣ,ΚΑΜΑΤΕΡΟ,Κωστή Παλαμά και Γενναδίου,False,False,
2023/02/12,ΔΙΑΚΟΠΗ ΥΔΡΕΥΣΗΣ,ΓΕΡΟΒΟΥΝΟ,Κωστή Παλαμά και Γενναδίου,False,False,
2023/02/12,ΔΙΑΚΟΠΗ ΥΔΡΕΥΣΗΣ,ΨΥΧΙΚΟ,Αμαρυλλίδος και Ανθέων,False,False,
2023/02/12,ΔΙΑΚΟΠΗ ΥΔΡΕΥΣΗΣ,ΨΥΧΙΚΟ,Αμαρυλλίδος και Ανθέων,False,False,
2023/02/12,ΔΙΑΚΟΠΗ ΥΔΡΕΥΣΗΣ,ΠΛ. ΒΙΚΤΩΡΙΑΣ,Μονής Προδρόμου και Αριστοτέλους,False,False,
2023/02/12,ΔΙΑΚΟΠΗ ΥΔΡΕΥΣΗΣ,ΑΘΗΝΑ,Μονής Προδρόμου και Αριστοτέλους,False,False,
2023/02/12,ΔΙΑΚΟΠΗ ΥΔΡΕΥΣΗΣ,ΧΟΛΑΡΓΟΣ,Υμηττού και Βουτσινά,False,False,
2023/02/13,ΔΙΑΚΟΠΗ ΥΔΡΕΥΣΗΣ,ΑΝΩ ΠΑΤΗΣΙΑ,Κρυστάλλη και Χαλεπά,False,False,
2023/02/13,ΔΙΑΚΟΠΗ ΥΔΡΕΥΣΗΣ,ΑΘΗΝΑ,Κρυστάλλη και Χαλεπά,False,False,
2023/02/13,ΔΙΑΚΟΠΗ ΥΔΡΕΥΣΗΣ,ΠΑΛΑΙΟ ΦΑΛΗΡΟ,Νηρηίδων και Δεξαμενής,False,False,
2023/02/13,ΔΙΑΚΟΠΗ ΥΔΡΕΥΣΗΣ,Π. ΦΑΛΗΡΟ,Νηρηίδων και Δεξαμενής,False,False,
2023/02/13,ΔΙΑΚΟΠΗ ΥΔΡΕΥΣΗΣ,ΚΑΙΣΑΡΙΑΝΗ,Σιβρισαρίου και Νέας Εφέσσου,False,False,
2023/02/13,ΔΙΑΚΟΠΗ ΥΔΡΕΥΣΗΣ,ΚΑΙΣΑΡΙΑΝΗ,Σιβρισαρίου και Νέας Εφέσσου,False,False,
2023/02/13,ΔΙΑΚΟΠΗ ΥΔΡΕΥΣΗΣ,ΚΟΥΚΑΚΙ,Μπότσαρη Νότη και Βείκου,False,False,
2023/02/13,ΔΙΑΚΟΠΗ ΥΔΡΕΥΣΗΣ,ΑΘΗΝΑ,Μπότσαρη Νότη και Βείκου,False,False,
2023/02/13,ΔΙΑΚΟΠΗ ΥΔΡΕΥΣΗΣ,ΜΕΓΑΡΑ,Νέας Ζωής και 25ης Μαρτίου,False,False,
2023/02/13,ΔΙΑΚΟΠΗ ΥΔΡΕΥΣΗΣ,ΜΕΓΑΡΑ,Νέας Ζωής και 25ης Μαρτίου,False,False,
2023/02/13,ΔΙΑΚΟΠΗ ΥΔΡΕΥΣΗΣ,ΚΥΨΕΛΗ,Δοχειαρίου και Σπετσών,False,False,
2023/02/13,ΔΙΑΚΟΠΗ ΥΔΡΕΥΣΗΣ,ΑΘΗΝΑ,Δοχειαρίου και Σπετσών,False,False,
2023/02/13,ΔΙΑΚΟΠΗ ΥΔΡΕΥΣΗΣ,ΜΕΛΙΣΣΙΑ,Διονύσου και Βάρναλη Κώστα,False,False,
2023/02/13,ΔΙΑΚΟΠΗ ΥΔΡΕΥΣΗΣ,ΜΕΛΙΣΣΙΑ,Διονύσου και Βάρναλη Κώστα,False,False,
2023/02/13,ΔΙΑΚΟΠΗ ΥΔΡΕΥΣΗΣ,ΗΛΙΟΥΠΟΛΗ,Καλλέργη Δ. και Ιάσονος,False,False,
2023/02/13,ΔΙΑΚΟΠΗ ΥΔΡΕΥΣΗΣ,ΗΛΙΟΥΠΟΛΗ,Καλλέργη Δ. και Ιάσονος,False,False,
2023/02/13,ΔΙΑΚΟΠΗ ΥΔΡΕΥΣΗΣ,ΠΑΛΑΙΟ ΦΑΛΗΡΟ,Βενιζέλου Ελευθ. και Φλέμινγκ,False,False,
2023/02/13,ΔΙΑΚΟΠΗ ΥΔΡΕΥΣΗΣ,Π. ΦΑΛΗΡΟ,Βενιζέλου Ελευθ. και Φλέμινγκ,False,False,
2023/02/13,ΔΙΑΚΟΠΗ ΥΔΡΕΥΣΗΣ,ΧΑΛΑΝΔΡΙ,Ελικώνος και Πέλλης,False,False,
2023/02/13,ΔΙΑΚΟΠΗ ΥΔΡΕΥΣΗΣ,ΣΑΛΑΜΙΝΑ,Καλλέργη και Σπάρτης,False,False,
2023/02/13,ΔΙΑΚΟΠΗ ΥΔΡΕΥΣΗΣ,ΑΝΑΚΑΣΑ,Κνωσού και Κουντουριώτου,False,False,
2023/02/13,ΔΙΑΚΟΠΗ ΥΔΡΕΥΣΗΣ,ΑΓΙΟΙ ΑΝΑΡΓΥΡΟΙ,Κνωσού και Κουντουριώτου,False,False,
2023/02/13,ΔΙΑΚΟΠΗ ΥΔΡΕΥΣΗΣ,ΑΘΗΝΑ,Δερεχάνη και Χρυσοστόμου Σμύρνης,False,False,
2023/02/13,ΔΙΑΚΟΠΗ ΥΔΡΕΥΣΗΣ,ΑΓ. ΕΛΕΥΘΕΡΙΟΣ,Δερεχάνη και Χρυσοστόμου Σμύρνης,False,False,
2023/02/13,ΔΙΑΚΟΠΗ ΥΔΡΕΥΣΗΣ,ΝΕΑ ΦΙΛΑΔΕΛΦΕΙΑ,25ης Μαρτίου και Εμμανουηλίδη,False,False,
2023/02/13,ΔΙΑΚΟΠΗ ΥΔΡΕΥΣΗΣ,Ν. ΦΙΛΑΔΕΛΦΕΙΑ,25ης Μαρτίου και Εμμανουηλίδη,False,False,
2023/02/13,ΔΙΑΚΟΠΗ ΥΔΡΕΥΣΗΣ,ΧΑΙΔΑΡΙΟΥ,Λεωφ. Αθηνών και Κύπρου,False,False,
2023/02/13,ΔΙΑΚΟΠΗ ΥΔΡΕΥΣΗΣ,ΧΑΙΔΑΡΙ,Λεωφ. Αθηνών και Κύπρου,False,False,
2023/02/13,ΔΙΑΚΟΠΗ ΥΔΡΕΥΣΗΣ,ΜΕΝΙΔΙ,Κωνσταντινουπόλεως και Δημοκρατίας,False,False,
2023/02/13,ΔΙΑΚΟΠΗ ΥΔΡΕΥΣΗΣ,ΑΧΑΡΝΕΣ,Κωνσταντινουπόλεως και Δημοκρατίας,False,False,
2023/02/13,ΔΙΑΚΟΠΗ ΥΔΡΕΥΣΗΣ,ΝΙΚΑΙΑ,Λαοδικείας και Μερσίνης,False,False,
2023/02/13,ΔΙΑΚΟΠΗ ΥΔΡΕΥΣΗΣ,ΝΙΚΑΙΑ,Λαοδικείας και Μερσίνης,False,False,
2023/02/13,ΔΙΑΚΟΠΗ ΥΔΡΕΥΣΗΣ,ΤΡΕΙΣ ΓΕΦΥΡΕΣ,Λεγκράν και Μονής Φιλοσόφου,False,False,
2023/02/13,ΔΙΑΚΟΠΗ ΥΔΡΕΥΣΗΣ,ΑΘΗΝΑ,Λεγκράν και Μονής Φιλοσόφου,False,False,
2023/02/13,ΔΙΑΚΟΠΗ ΥΔΡΕΥΣΗΣ,Ν. ΦΙΛΟΘΕΗ Α,Ψαρρού και Περρίκου,False,True,
2023/02/13,ΔΙΑΚΟΠΗ ΥΔΡΕΥΣΗΣ,ΑΘΗΝΑ,Ψαρρού και Περρίκου,False,True,
2023/02/13,ΔΙΑΚΟΠΗ ΥΔΡΕΥΣΗΣ,ΣΑΛΑΜΙΝΑ,Αμαλθείας και Κρήτης,False,False,
2023/02/13,ΔΙΑΚΟΠΗ ΥΔΡΕΥΣΗΣ,ΣΑΛΑΜΙΝΑ,Αμαλθείας και Κρήτης,False,False,
2023/02/13,ΔΙΑΚΟΠΗ ΥΔΡΕΥΣΗΣ,ΚΗΦΙΣΙΑ,Λύρα και Χελιδονούς,False,False,
2023/02/13,ΔΙΑΚΟΠΗ ΥΔΡΕΥΣΗΣ,ΚΗΦΙΣΙΑ,Λύρα και Χελιδονούς,False,False,
2023/02/13,ΔΙΑΚΟΠΗ ΥΔΡΕΥΣΗΣ,ΠΟΛΥΓΩΝΟ,Καστριώτου και Γούδα,False,False,
2023/02/13,ΔΙΑΚΟΠΗ ΥΔΡΕΥΣΗΣ,ΑΘΗΝΑ,Καστριώτου και Γούδα,False,False,
2023/02/14,ΔΙΑΚΟΠΗ ΥΔΡΕΥΣΗΣ,ΠΑΛΑΤΙΑΝΗ,Δεσποτάτου Μυστρά & Βασιλείου Μακεδόνος,False,False,
2023/02/14,ΔΙΑΚΟΠΗ ΥΔΡΕΥΣΗΣ,ΙΛΙΟΝ,Δεσποτάτου Μυστρά & Βασιλείου Μακεδόνος,False,False,
2023/02/14,ΔΙΑΚΟΠΗ ΥΔΡΕΥΣΗΣ,ΚΗΦΙΣΙΑ,Χαρ.Τρικούπη και Τατοϊου,False,False,
2023/02/14,ΔΙΑΚΟΠΗ ΥΔΡΕΥΣΗΣ,ΚΗΦΙΣΙΑ,Χαρ.Τρικούπη και Τατοϊου,False,False,
2023/02/14,ΔΙΑΚΟΠΗ ΥΔΡΕΥΣΗΣ,ΝΕΑ ΦΙΛΑΔΕΛΦΕΙΑ,Εμμανουηλίδη και 25ης Μαρτίου,False,False,
2023/02/14,ΔΙΑΚΟΠΗ ΥΔΡΕΥΣΗΣ,Ν. ΦΙΛΑΔΕΛΦΕΙΑ,Εμμανουηλίδη και 25ης Μαρτίου,False,False,
2023/02/14,ΔΙΑΚΟΠΗ ΥΔΡΕΥΣΗΣ,ΑΝΩ ΠΑΤΗΣΙΑ,Βαλλιάνων και Μακ Μίλαν,False,False,
2023/02/14,ΔΙΑΚΟΠΗ ΥΔΡΕΥΣΗΣ,ΑΘΗΝΑ,Βαλλιάνων και Μακ Μίλαν,False,False,
2023/02/14,ΔΙΑΚΟΠΗ ΥΔΡΕΥΣΗΣ,ΣΑΛΑΜΙΝΑ,Αγ. Μηνά και Κουταλιανού,False,False,
2023/02/14,ΔΙΑΚΟΠΗ ΥΔΡΕΥΣΗΣ,ΣΑΛΑΜΙΝΑ,Αγ. Μηνά και Κουταλιανού,False,False,
2023/02/14,ΔΙΑΚΟΠΗ ΥΔΡΕΥΣΗΣ,ΝΕΑ ΠΕΝΤΕΛΗ,Πελοποννήσου και Αγ. Σύλλα,False,False,
2023/02/14,ΔΙΑΚΟΠΗ ΥΔΡΕΥΣΗΣ,Ν. ΠΕΝΤΕΛΗ,Πελοποννήσου και Αγ. Σύλλα,False,False,
2023/02/14,ΔΙΑΚΟΠΗ ΥΔΡΕΥΣΗΣ,ΝΕΑ ΠΕΡΑΜΟΣ,Αριστείδου και Θεμιστοκλέους,False,False,
2023/02/14,ΔΙΑΚΟΠΗ ΥΔΡΕΥΣΗΣ,Ν. ΠΕΡΑΜΟΣ,Αριστείδου και Θεμιστοκλέους,False,False,
2023/02/14,ΔΙΑΚΟΠΗ ΥΔΡΕΥΣΗΣ,ΠΕΡΑΜΑ,Μεγάλου Αλεξάνδρου και Λογοθέτη,False,False,
2023/02/14,ΔΙΑΚΟΠΗ ΥΔΡΕΥΣΗΣ,ΠΕΡΑΜΑ,Μεγάλου Αλεξάνδρου και Λογοθέτη,False,False,
2023/02/14,ΔΙΑΚΟΠΗ ΥΔΡΕΥΣΗΣ,ΜΕΤΑΞΟΥΡΓΕΙΟ,Γερμανικού και Μαραθώνος,False,False,
2023/02/14,ΔΙΑΚΟΠΗ ΥΔΡΕΥΣΗΣ,ΑΘΗΝΑ,Γερμανικού και Μαραθώνος,False,False,
2023/02/14,ΔΙΑΚΟΠΗ ΥΔΡΕΥΣΗΣ,ΕΛΕΥΣΙΝΑ,Δήμητρος και Χατζηδάκη,False,False,
2023/02/14,ΔΙΑΚΟΠΗ ΥΔΡΕΥΣΗΣ,ΕΛΕΥΣΙΝΑ,Δήμητρος και Χατζηδάκη,False,False,
2023/02/14,ΔΙΑΚΟΠΗ ΥΔΡΕΥΣΗΣ,ΑΣΠΡΟΠΥΡΓΟΣ,Αλησμόνητων Πατρίδων και Μετεώρων,False,False,
2023/02/14,ΔΙΑΚΟΠΗ ΥΔΡΕΥΣΗΣ,ΑΣΠΡΟΠΥΡΓΟΣ,Αλησμόνητων Πατρίδων και Μετεώρων,False,False,
2023/02/14,ΔΙΑΚΟΠΗ ΥΔΡΕΥΣΗΣ,ΑΝΩ ΠΑΤΗΣΙΑ,Λεωφ. Ιωνίας και Αννίνου,False,False,
2023/02/14,ΔΙΑΚΟΠΗ ΥΔΡΕΥΣΗΣ,ΑΘΗΝΑ,Λεωφ. Ιωνίας και Αννίνου,False,False,
2023/02/14,ΔΙΑΚΟΠΗ ΥΔΡΕΥΣΗΣ,ΠΕΙΡΑΙΑΣ,Ρήγα Φεραίου και Ρεθύμνης,False,False,
2023/02/14,ΔΙΑΚΟΠΗ ΥΔΡΕΥΣΗΣ,ΚΑΣΤΕΛΛΑ,Ρήγα Φεραίου και Ρεθύμνης,False,False,
2023/02/14,ΔΙΑΚΟΠΗ ΥΔΡΕΥΣΗΣ,ΠΕΡΙΣΤΕΡΙ,Λεωφ. Κηφισού και Κορώνης,False,False,
2023/02/14,ΔΙΑΚΟΠΗ ΥΔΡΕΥΣΗΣ,ΠΕΡΙΣΤΕΡΙ,Λεωφ. Κηφισού και Κορώνης,False,False,
2023/02/14,ΔΙΑΚΟΠΗ ΥΔΡΕΥΣΗΣ,ΓΚΥΖΗ,Αγγελίδου και Αμφείας,False,False,
2023/02/14,ΔΙΑΚΟΠΗ ΥΔΡΕΥΣΗΣ,ΑΘΗΝΑ,Αγγελίδου και Αμφείας,False,False,
2023/02/14,ΔΙΑΚΟΠΗ ΥΔΡΕΥΣΗΣ,ΓΚΥΖΗ,Γούδα και Κουγκίου,False,False,
2023/02/14,ΔΙΑΚΟΠΗ ΥΔΡΕΥΣΗΣ,ΑΘΗΝΑ,Γούδα και Κουγκίου,False,False,
2023/02/14,ΔΙΑΚΟΠΗ ΥΔΡΕΥΣΗΣ,ΜΕΝΙΔΙ,Αυξεντίου και Δεληγιάννη,False,False,
2023/02/14,ΔΙΑΚΟΠΗ ΥΔΡΕΥΣΗΣ,ΑΧΑΡΝΕΣ,Αυξεντίου και Δεληγιάννη,False,False,
2023/02/14,ΔΙΑΚΟΠΗ ΥΔΡΕΥΣΗΣ,ΑΣΠΡΟΠΥΡΓΟΣ,Γκορυτσάς και Αγίας Ελένης,False,True,
2023/02/14,ΔΙΑΚΟΠΗ ΥΔΡΕΥΣΗΣ,ΑΣΠΡΟΠΥΡΓΟΣ,Γκορυτσάς και Αγίας Ελένης,False,True,
2023/02/14,ΔΙΑΚΟΠΗ ΥΔΡΕΥΣΗΣ,ΗΛΙΟΥΠΟΛΗ,Πλατεία 25ης Μαρτίου και Κοτζιά,False,False,
2023/02/14,ΔΙΑΚΟΠΗ ΥΔΡΕΥΣΗΣ,ΗΛΙΟΥΠΟΛΗ,Πλατεία 25ης Μαρτίου και Κοτζιά,False,False,
2023/02/14,ΔΙΑΚΟΠΗ ΥΔΡΕΥΣΗΣ,ΚΑΛΛΙΘΕΑ,Δοϊράνης & Συνταγματάρχου Δαβάκη,False,False,
2023/02/14,ΔΙΑΚΟΠΗ ΥΔΡΕΥΣΗΣ,ΚΑΛΛΙΘΕΑ,Δοϊράνης & Συνταγματάρχου Δαβάκη,False,False,
2023/02/14,ΔΙΑΚΟΠΗ ΥΔΡΕΥΣΗΣ,ΚΕΡΑΤΣΙΝΙ,Λ. Δημοκρατίας & Αδριανουπόλεως,False,False,
2023/02/14,ΔΙΑΚΟΠΗ ΥΔΡΕΥΣΗΣ,ΚΕΡΑΤΣΙΝΙ,Λ. Δημοκρατίας & Αδριανουπόλεως,False,False,
2023/02/14,ΔΙΑΚΟΠΗ ΥΔΡΕΥΣΗΣ,ΠΑΛΑΤΙΑΝΗ,Αγ. Γεωργίου & Αδριανού,False,False,
2023/02/14,ΔΙΑΚΟΠΗ ΥΔΡΕΥΣΗΣ,ΙΛΙΟΝ,Αγ. Γεωργίου & Αδριανού,False,False,
2023/02/14,ΔΙΑΚΟΠΗ ΥΔΡΕΥΣΗΣ,ΠΟΛΥΓΩΝΟ,Γούδα & Κουγκίου,False,False,
2023/02/14,ΔΙΑΚΟΠΗ ΥΔΡΕΥΣΗΣ,ΑΘΗΝΑ,Γούδα & Κουγκίου,False,False,
2023/02/14,ΔΙΑΚΟΠΗ ΥΔΡΕΥΣΗΣ,ΠΟΛΥΓΩΝΟ,Καστριώτου & Βώκου,False,False,
2023/02/14,ΔΙΑΚΟΠΗ ΥΔΡΕΥΣΗΣ,ΑΘΗΝΑ,Καστριώτου & Βώκου,False,False,
2023/02/14,ΔΙΑΚΟΠΗ ΥΔΡΕΥΣΗΣ,ΑΝΑΚΑΣΑ,Ευβοίας & Πρεμετής,False,False,
2023/02/14,ΔΙΑΚΟΠΗ ΥΔΡΕΥΣΗΣ,ΑΓΙΟΙ ΑΝΑΡΓΥΡΟΙ,Ευβοίας & Πρεμετής,False,False,
2023/02/15,ΔΙΑΚΟΠΗ ΥΔΡΕΥΣΗΣ,ΗΛΙΟΥΠΟΛΗ,Αγίου Ιωάννου και Έλλης,False,False,
2023/02/15,ΔΙΑΚΟΠΗ ΥΔΡΕΥΣΗΣ,ΗΛΙΟΥΠΟΛΗ,Αγίου Ιωάννου και Έλλης,False,False,
2023/02/15,ΔΙΑΚΟΠΗ ΥΔΡΕΥΣΗΣ,ΓΚΥΖΗ,Βεργοβίτσης και Πάλλη Αλ.,False,False,
2023/02/15,ΔΙΑΚΟΠΗ ΥΔΡΕΥΣΗΣ,ΑΘΗΝΑ,Βεργοβίτσης και Πάλλη Αλ.,False,False,
2023/02/15,ΔΙΑΚΟΠΗ ΥΔΡΕΥΣΗΣ,ΚΕΡΑΤΣΙΝΙ,Λεωφ. Δημοκρατίας και Βύρωνος,False,False,
2023/02/15,ΔΙΑΚΟΠΗ ΥΔΡΕΥΣΗΣ,ΚΕΡΑΤΣΙΝΙ,Λεωφ. Δημοκρατίας και Βύρωνος,False,False,
2023/02/15,ΔΙΑΚΟΠΗ ΥΔΡΕΥΣΗΣ,ΠΑΛΑΤΙΑΝΗ,Δεσποτάτου Μυστρά & Βασιλείου Μακεδόνος,False,False,
2023/02/15,ΔΙΑΚΟΠΗ ΥΔΡΕΥΣΗΣ,ΙΛΙΟΝ,Δεσποτάτου Μυστρά & Βασιλείου Μακεδόνος,False,False,
2023/02/15,ΔΙΑΚΟΠΗ ΥΔΡΕΥΣΗΣ,ΜΕΤΑΜΟΡΦΩΣΗ,Αναγεννήσεως και Διλόφου (επηρεάζεται και η περιοχή της Ν. Φιλαδέλφειας),False,False,
2023/02/15,ΔΙΑΚΟΠΗ ΥΔΡΕΥΣΗΣ,ΜΕΤΑΜΟΡΦΩΣΗ,Αναγεννήσεως και Διλόφου (επηρεάζεται και η περιοχή της Ν. Φιλαδέλφειας),False,False,
2023/02/15,ΔΙΑΚΟΠΗ ΥΔΡΕΥΣΗΣ,ΤΕΡΨΙΘΕΑ,Γεννηματά Γ. & Μικράς Ασίας,False,False,
2023/02/15,ΔΙΑΚΟΠΗ ΥΔΡΕΥΣΗΣ,ΓΛΥΦΑΔΑ,Γεννηματά Γ. & Μικράς Ασίας,False,False,
2023/02/15,ΔΙΑΚΟΠΗ ΥΔΡΕΥΣΗΣ,ΑΓΙΟΙ ΑΝΑΡΓΥΡΟΙ,Κωνσταντινουπόλεως & Γράμμου,False,False,
2023/02/15,ΔΙΑΚΟΠΗ ΥΔΡΕΥΣΗΣ,ΑΓ. ΑΝΑΡΓΥΡΟΙ,Κωνσταντινουπόλεως & Γράμμου,False,False,
2023/02/15,ΔΙΑΚΟΠΗ ΥΔΡΕΥΣΗΣ,ΑΝΑΚΑΣΑ,Μαραθωνομάχων & Κνωσού,False,False,
2023/02/15,ΔΙΑΚΟΠΗ ΥΔΡΕΥΣΗΣ,ΑΓΙΟΙ ΑΝΑΡΓΥΡΟΙ,Μαραθωνομάχων & Κνωσού,False,False,
2023/02/15,ΔΙΑΚΟΠΗ ΥΔΡΕΥΣΗΣ,ΠΑΛΑΙΟ ΦΑΛΗΡΟ,Πρωτέως και Τροίας,False,False,
2023/02/15,ΔΙΑΚΟΠΗ ΥΔΡΕΥΣΗΣ,Π. ΦΑΛΗΡΟ,Πρωτέως και Τροίας,False,False,
2023/02/15,ΔΙΑΚΟΠΗ ΥΔΡΕΥΣΗΣ,ΜΕΝΙΔΙ,Κολοκοτρώνη και Αριστοτέλους,False,False,
2023/02/15,ΔΙΑΚΟΠΗ ΥΔΡΕΥΣΗΣ,ΑΧΑΡΝΕΣ,Κολοκοτρώνη και Αριστοτέλους,False,False,
2023/02/15,ΔΙΑΚΟΠΗ ΥΔΡΕΥΣΗΣ,ΛΑΜΠΡΙΝΗ,Συρακουσών και Χριστιανουπόλεως,False,False,
2023/02/15,ΔΙΑΚΟΠΗ ΥΔΡΕΥΣΗΣ,ΑΘΗΝΑ,Συρακουσών και Χριστιανουπόλεως,False,False,
2023/02/15,ΔΙΑΚΟΠΗ ΥΔΡΕΥΣΗΣ,ΝΕΑ ΦΙΛΑΔΕΛΦΕΙΑ,Ιασωνίδη και Πλαστήρα,False,False,
2023/02/15,ΔΙΑΚΟΠΗ ΥΔΡΕΥΣΗΣ,Ν. ΦΙΛΑΔΕΛΦΕΙΑ,Ιασωνίδη και Πλαστήρα,False,False,
2023/02/15,ΔΙΑΚΟΠΗ ΥΔΡΕΥΣΗΣ,ΝΕΑ ΣΜΥΡΝΗ,Ικονίου και Προσκόπων Αϊδινίου,False,False,
2023/02/15,ΔΙΑΚΟΠΗ ΥΔΡΕΥΣΗΣ,Ν. ΣΜΥΡΝΗ Π,Ικονίου και Προσκόπων Αϊδινίου,False,False,
2023/02/15,ΔΙΑΚΟΠΗ ΥΔΡΕΥΣΗΣ,ΜΕΝΙΔΙ,Δεκελείας και Δημοσθένους,False,False,
2023/02/15,ΔΙΑΚΟΠΗ ΥΔΡΕΥΣΗΣ,ΑΧΑΡΝΕΣ,Δεκελείας και Δημοσθένους,False,False,
2023/02/15,ΔΙΑΚΟΠΗ ΥΔΡΕΥΣΗΣ,ΣΑΛΑΜΙΝΑ,Γερανίων και Μενεξέδων,False,False,
2023/02/15,ΔΙΑΚΟΠΗ ΥΔΡΕΥΣΗΣ,ΣΑΛΑΜΙΝΑ,Γερανίων και Μενεξέδων,False,False,
2023/02/15,ΔΙΑΚΟΠΗ ΥΔΡΕΥΣΗΣ,ΠΕΙΡΑΙΑΣ,Ελευθερίου Βενιζέλου και Ζωσιμάδων,False,False,
2023/02/15,ΔΙΑΚΟΠΗ ΥΔΡΕΥΣΗΣ,Ν. ΦΑΛΗΡΟ,Ελευθερίου Βενιζέλου και Ζωσιμάδων,False,False,
2023/02/15,ΔΙΑΚΟΠΗ ΥΔΡΕΥΣΗΣ,ΜΕΤΑΜΟΡΦΩΣΗ,Κώστα Βάρναλη και Αχιλλέως,False,False,
2023/02/15,ΔΙΑΚΟΠΗ ΥΔΡΕΥΣΗΣ,ΜΕΤΑΜΟΡΦΩΣΗ,Κώστα Βάρναλη και Αχιλλέως,False,False,
2023/02/15,ΔΙΑΚΟΠΗ ΥΔΡΕΥΣΗΣ,ΚΑΜΑΤΕΡΟ,Καρύτσου και Ευαγγελιστρίας,False,False,
2023/02/15,ΔΙΑΚΟΠΗ ΥΔΡΕΥΣΗΣ,ΚΑΜΑΤΕΡΟ,Καρύτσου και Ευαγγελιστρίας,False,False,
2023/02/15,ΔΙΑΚΟΠΗ ΥΔΡΕΥΣΗΣ,ΧΑΙΔΑΡΙΟΥ,Άγγελου Σικελιανού και Ηρώων Πολυτεχνείου,False,False,
2023/02/15,ΔΙΑΚΟΠΗ ΥΔΡΕΥΣΗΣ,ΧΑΙΔΑΡΙ,Άγγελου Σικελιανού και Ηρώων Πολυτεχνείου,False,False,
2023/02/15,ΔΙΑΚΟΠΗ ΥΔΡΕΥΣΗΣ,ΚΟΛΩΝΑΚΙ,Πλατεία Φιλικής Εταιρίας και Κουμπάρη,False,True,
2023/02/15,ΔΙΑΚΟΠΗ ΥΔΡΕΥΣΗΣ,ΑΘΗΝΑ,Πλατεία Φιλικής Εταιρίας και Κουμπάρη,False,True,
2023/02/15,ΔΙΑΚΟΠΗ ΥΔΡΕΥΣΗΣ,ΣΑΛΑΜΙΝΑ,Αιαντείου και Θέμιδος,False,False,
2023/02/15,ΔΙΑΚΟΠΗ ΥΔΡΕΥΣΗΣ,ΑΙΑΝΤΕΙΟ,Αιαντείου και Θέμιδος,False,False,
2023/02/15,ΔΙΑΚΟΠΗ ΥΔΡΕΥΣΗΣ,ΛΟΦΟΣ ΣΚΟΥΖΕ,Αγίας Σοφίας και Ελλησπόντου,False,False,
2023/02/15,ΔΙΑΚΟΠΗ ΥΔΡΕΥΣΗΣ,ΑΘΗΝΑ,Αγίας Σοφίας και Ελλησπόντου,False,False,
2023/02/16,ΔΙΑΚΟΠΗ ΥΔΡΕΥΣΗΣ,ΣΑΛΑΜΙΝΑ,Σύμης και Σουλίου,False,False,
2023/02/16,ΔΙΑΚΟΠΗ ΥΔΡΕΥΣΗΣ,ΣΑΛΑΜΙΝΑ,Σύμης και Σουλίου,False,False,
2023/02/16,ΔΙΑΚΟΠΗ ΥΔΡΕΥΣΗΣ,ΑΙΓΑΛΕΩ,Μητροπολίτου Ηλείας Αντωνίου και Εδέσσης,False,False,
2023/02/16,ΔΙΑΚΟΠΗ ΥΔΡΕΥΣΗΣ,ΑΙΓΑΛΕΩ,Μητροπολίτου Ηλείας Αντωνίου και Εδέσσης,False,False,
2023/02/16,ΔΙΑΚΟΠΗ ΥΔΡΕΥΣΗΣ,ΑΓΙΟΣ ΔΗΜΗΤΡΙΟΣ,Λουκιανού και Παπαζαχαρίου,False,False,
2023/02/16,ΔΙΑΚΟΠΗ ΥΔΡΕΥΣΗΣ,ΑΓ. ΔΗΜΗΤΡΙΟΣ Α,Λουκιανού και Παπαζαχαρίου,False,False,
2023/02/16,ΔΙΑΚΟΠΗ ΥΔΡΕΥΣΗΣ,ΚΑΤΩ ΠΑΤΗΣΙΑ,Δημακοπούλου & Κριτοβουλίδου,False,False,
2023/02/16,ΔΙΑΚΟΠΗ ΥΔΡΕΥΣΗΣ,ΑΘΗΝΑ,Δημακοπούλου & Κριτοβουλίδου,False,False,
2023/02/16,ΔΙΑΚΟΠΗ ΥΔΡΕΥΣΗΣ,ΛΥΚΟΤΡΥΠΑ,Ηλία Βενέζη & Λεωνίδου,False,False,
2023/02/16,ΔΙΑΚΟΠΗ ΥΔΡΕΥΣΗΣ,ΑΧΑΡΝΕΣ,Ηλία Βενέζη & Λεωνίδου,False,False,
2023/02/16,ΔΙΑΚΟΠΗ ΥΔΡΕΥΣΗΣ,ΝΙΚΑΙΑ,Τουντουλίδη & Κιλικίας,False,True,
2023/02/16,ΔΙΑΚΟΠΗ ΥΔΡΕΥΣΗΣ,ΝΙΚΑΙΑ,Τουντουλίδη & Κιλικίας,False,True,
2023/02/16,ΔΙΑΚΟΠΗ ΥΔΡΕΥΣΗΣ,ΠΕΙΡΑΙΑΣ,Μ. Αλεξάνδρου & Μαδύτου,False,False,
2023/02/16,ΔΙΑΚΟΠΗ ΥΔΡΕΥΣΗΣ,ΚΑΣΤΕΛΛΑ,Μ. Αλεξάνδρου & Μαδύτου,False,False,
2023/02/16,ΔΙΑΚΟΠΗ ΥΔΡΕΥΣΗΣ,ΑΛΙΜΟΣ Α,Ξάνθης & Κάσου,False,False,
2023/02/16,ΔΙΑΚΟΠΗ ΥΔΡΕΥΣΗΣ,ΑΛΙΜΟΣ,Ξάνθης & Κάσου,False,False,
2023/02/16,ΔΙΑΚΟΠΗ ΥΔΡΕΥΣΗΣ,Ν. ΛΕΣΒΟΣ,Αγιάσου & Σαπφούς,False,True,
2023/02/16,ΔΙΑΚΟΠΗ ΥΔΡΕΥΣΗΣ,ΜΑΡΟΥΣΙ,Αγιάσου & Σαπφούς,False,True,
2023/02/16,ΔΙΑΚΟΠΗ ΥΔΡΕΥΣΗΣ,ΑΛΙΜΟΣ Α,Θεσσαλίας & Ηπείρου,False,False,
2023/02/16,ΔΙΑΚΟΠΗ ΥΔΡΕΥΣΗΣ,ΑΛΙΜΟΣ,Θεσσαλίας & Ηπείρου,False,False,
2023/02/16,ΔΙΑΚΟΠΗ ΥΔΡΕΥΣΗΣ,ΖΩΓΡΑΦΟΥ,Τραυλαντώνη & Ελ. Βενιζέλου,False,False,
2023/02/16,ΔΙΑΚΟΠΗ ΥΔΡΕΥΣΗΣ,ΖΩΓΡΑΦΟΣ,Τραυλαντώνη & Ελ. Βενιζέλου,False,False,
2023/02/16,ΔΙΑΚΟΠΗ ΥΔΡΕΥΣΗΣ,ΚΕΡΑΤΣΙΝΙ,Κουντουριώτου & Πανόρμου,False,False,
2023/02/16,ΔΙΑΚΟΠΗ ΥΔΡΕΥΣΗΣ,ΚΕΡΑΤΣΙΝΙ,Κουντουριώτου & Πανόρμου,False,False,
2023/02/16,ΔΙΑΚΟΠΗ ΥΔΡΕΥΣΗΣ,ΑΘΗΝΑ,Αμπατιέλου και Χρυσοστόμου Σμύρνης,False,False,
2023/02/16,ΔΙΑΚΟΠΗ ΥΔΡΕΥΣΗΣ,ΑΓ. ΕΛΕΥΘΕΡΙΟΣ,Αμπατιέλου και Χρυσοστόμου Σμύρνης,False,False,
2023/02/16,ΔΙΑΚΟΠΗ ΥΔΡΕΥΣΗΣ,ΓΚΥΖΗ,Βεργοβίτσας & Αλ. Πάλλη,False,False,
2023/02/16,ΔΙΑΚΟΠΗ ΥΔΡΕΥΣΗΣ,ΑΘΗΝΑ,Βεργοβίτσας & Αλ. Πάλλη,False,False,
2023/02/16,ΔΙΑΚΟΠΗ ΥΔΡΕΥΣΗΣ,ΠΑΛΑΤΙΑΝΗ,Δεσποτάτου Μυστρά & Βασιλείου Μακεδόνος,False,False,
2023/02/16,ΔΙΑΚΟΠΗ ΥΔΡΕΥΣΗΣ,ΙΛΙΟΝ,Δεσποτάτου Μυστρά & Βασιλείου Μακεδόνος,False,False,
2023/02/16,ΔΙΑΚΟΠΗ ΥΔΡΕΥΣΗΣ,ΙΛΙΟΝ,Δεσποτάτου Μυστρά & Βασιλείου Μακεδόνος,False,False,
2023/02/16,ΔΙΑΚΟΠΗ ΥΔΡΕΥΣΗΣ,ΚΕΡΑΤΣΙΝΙ,Λ. Δημοκρατίας & Αδριανουπόλεως,False,False,
2023/02/16,ΔΙΑΚΟΠΗ ΥΔΡΕΥΣΗΣ,ΚΕΡΑΤΣΙΝΙ,Λ. Δημοκρατίας & Αδριανουπόλεως,False,False,
2023/02/16,ΔΙΑΚΟΠΗ ΥΔΡΕΥΣΗΣ,ΠΕΤΡΑΛΩΝΑ,Δωριέων και Τριών Ιεραρχών,False,False,
2023/02/16,ΔΙΑΚΟΠΗ ΥΔΡΕΥΣΗΣ,ΑΘΗΝΑ,Δωριέων και Τριών Ιεραρχών,False,False,
2023/02/16,ΔΙΑΚΟΠΗ ΥΔΡΕΥΣΗΣ,ΑΣΠΡΟΠΥΡΓΟΣ,Γκορυτσάς & Αγίου Ραφαήλ,False,True,
2023/02/16,ΔΙΑΚΟΠΗ ΥΔΡΕΥΣΗΣ,ΑΣΠΡΟΠΥΡΓΟΣ,Γκορυτσάς & Αγίου Ραφαήλ,False,True,
2023/02/17,ΔΙΑΚΟΠΗ ΥΔΡΕΥΣΗΣ,ΝΕΑ ΠΕΝΤΕΛΗ,Λεωφ Αγίου Σύλλα και Πηνειού,False,False,
2023/02/17,ΔΙΑΚΟΠΗ ΥΔΡΕΥΣΗΣ,Ν. ΠΕΝΤΕΛΗ,Λεωφ Αγίου Σύλλα και Πηνειού,False,False,
2023/02/17,ΔΙΑΚΟΠΗ ΥΔΡΕΥΣΗΣ,ΑΙΓΑΛΕΩ,Κορυτσάς και Κωστή Παλαμά,False,False,
2023/02/17,ΔΙΑΚΟΠΗ ΥΔΡΕΥΣΗΣ,ΑΙΓΑΛΕΩ,Κορυτσάς και Κωστή Παλαμά,False,False,
2023/02/17,ΔΙΑΚΟΠΗ ΥΔΡΕΥΣΗΣ,ΑΣΠΡΟΠΥΡΓΟΣ,Καλαβρύτων και Κύπρου,False,False,
2023/02/17,ΔΙΑΚΟΠΗ ΥΔΡΕΥΣΗΣ,ΑΣΠΡΟΠΥΡΓΟΣ,Καλαβρύτων και Κύπρου,False,False,
2023/02/17,ΔΙΑΚΟΠΗ ΥΔΡΕΥΣΗΣ,ΕΛΕΥΣΙΝΑ,Περικλέους και Κοντούλη,False,False,
2023/02/17,ΔΙΑΚΟΠΗ ΥΔΡΕΥΣΗΣ,ΕΛΕΥΣΙΝΑ,Περικλέους και Κοντούλη,False,False,
2023/02/17,ΔΙΑΚΟΠΗ ΥΔΡΕΥΣΗΣ,ΒΑΡΚΙΖΑ,Αιόλου και Ταντάλου,False,False,
2023/02/17,ΔΙΑΚΟΠΗ ΥΔΡΕΥΣΗΣ,ΒΑΡΗ,Αιόλου και Ταντάλου,False,False,
2023/02/17,ΔΙΑΚΟΠΗ ΥΔΡΕΥΣΗΣ,ΗΛΙΟΥΠΟΛΗ,Αναστάσεως και Ηροδότου,False,False,
2023/02/17,ΔΙΑΚΟΠΗ ΥΔΡΕΥΣΗΣ,ΗΛΙΟΥΠΟΛΗ,Αναστάσεως και Ηροδότου,False,False,
2023/02/17,ΔΙΑΚΟΠΗ ΥΔΡΕΥΣΗΣ,ΑΓΙΟΣ ΔΗΜΗΤΡΙΟΣ,Λουκιανού και Παπαζαχαρίου,False,False,
2023/02/17,ΔΙΑΚΟΠΗ ΥΔΡΕΥΣΗΣ,ΑΓ. ΔΗΜΗΤΡΙΟΣ Α,Λουκιανού και Παπαζαχαρίου,False,False,
2023/02/17,ΔΙΑΚΟΠΗ ΥΔΡΕΥΣΗΣ,ΓΚΥΖΗ,Βεργοβίτσας και Μπουκουβάλα,False,False,
2023/02/17,ΔΙΑΚΟΠΗ ΥΔΡΕΥΣΗΣ,ΑΘΗΝΑ,Βεργοβίτσας και Μπουκουβάλα,False,False,
2023/02/17,ΔΙΑΚΟΠΗ ΥΔΡΕΥΣΗΣ,ΜΟΣΧΑΤΟ,Πειραιώς και Μυτιλήνης,False,False,
2023/02/17,ΔΙΑΚΟΠΗ ΥΔΡΕΥΣΗΣ,ΜΟΣΧΑΤΟ,Πειραιώς και Μυτιλήνης,False,False,
2023/02/17,ΔΙΑΚΟΠΗ ΥΔΡΕΥΣΗΣ,ΑΣΠΡΟΠΥΡΓΟΣ,Πατρός Αναστασίου Μαυρίδη και Μιλήτου,False,False,
2023/02/17,ΔΙΑΚΟΠΗ ΥΔΡΕΥΣΗΣ,ΑΣΠΡΟΠΥΡΓΟΣ,Πατρός Αναστασίου Μαυρίδη και Μιλήτου,False,False,
2023/02/17,ΔΙΑΚΟΠΗ ΥΔΡΕΥΣΗΣ,ΠΕΤΡΟΥΠΟΛΗ,Μαυρογένους και Ανδρούτσου,False,False,
2023/02/17,ΔΙΑΚΟΠΗ ΥΔΡΕΥΣΗΣ,ΠΕΤΡΟΥΠΟΛΗ,Μαυρογένους και Ανδρούτσου,False,False,
2023/02/17,ΔΙΑΚΟΠΗ ΥΔΡΕΥΣΗΣ,ΚΕΡΑΤΣΙΝΙ,Πλαστήρα και Κουντουριώτου,False,False,
2023/02/17,ΔΙΑΚΟΠΗ ΥΔΡΕΥΣΗΣ,ΚΕΡΑΤΣΙΝΙ,Πλαστήρα και Κουντουριώτου,False,False,
2023/02/17,ΔΙΑΚΟΠΗ ΥΔΡΕΥΣΗΣ,ΓΑΛΑΤΣΙ,Γαλατσίου και Μπουμπουλίνας,False,True,
2023/02/17,ΔΙΑΚΟΠΗ ΥΔΡΕΥΣΗΣ,ΓΑΛΑΤΣΙ,Γαλατσίου και Μπουμπουλίνας,False,True,
2023/02/17,ΔΙΑΚΟΠΗ ΥΔΡΕΥΣΗΣ,ΑΛΙΜΟΣ Π,Σακελλαρίου και Αγίου Δημητρίου,False,False,
2023/02/17,ΔΙΑΚΟΠΗ ΥΔΡΕΥΣΗΣ,ΑΛΙΜΟΣ,Σακελλαρίου και Αγίου Δημητρίου,False,False,
2023/02/17,ΔΙΑΚΟΠΗ ΥΔΡΕΥΣΗΣ,ΚΟΚΚΙΝΑΡΑΣ,Νυμφών και Κοκκιναρά,False,False,
2023/02/17,ΔΙΑΚΟΠΗ ΥΔΡΕΥΣΗΣ,ΚΗΦΙΣΙΑ,Νυμφών και Κοκκιναρά,False,False,
2023/02/17,ΔΙΑΚΟΠΗ ΥΔΡΕΥΣΗΣ,ΙΛΙΟΝ,Μυστρά και Βασιλείου Μακεδόνας,False,False,
2023/02/17,ΔΙΑΚΟΠΗ ΥΔΡΕΥΣΗΣ,ΙΛΙΟΝ,Μυστρά και Βασιλείου Μακεδόνας,False,False,
2023/02/17,ΔΙΑΚΟΠΗ ΥΔΡΕΥΣΗΣ,ΑΛΙΜΟΣ Π,Γρανικού και Θεσπρωτίας,False,False,
2023/02/17,ΔΙΑΚΟΠΗ ΥΔΡΕΥΣΗΣ,ΑΛΙΜΟΣ,Γρανικού και Θεσπρωτίας,False,False,
2023/02/17,ΔΙΑΚΟΠΗ ΥΔΡΕΥΣΗΣ,ΒΟΥΛΑ,Λεωφ. Βασ. Παύλου και Άργους,False,False,
2023/02/17,ΔΙΑΚΟΠΗ ΥΔΡΕΥΣΗΣ,ΒΟΥΛΑ,Λεωφ. Βασ. Παύλου και Άργους,False,False,
2023/02/17,ΔΙΑΚΟΠΗ ΥΔΡΕΥΣΗΣ,ΑΣΠΡΟΠΥΡΓΟΣ,Αγ. Ραφαήλ και Γκορυτσάς,False,False,
2023/02/17,ΔΙΑΚΟΠΗ ΥΔΡΕΥΣΗΣ,ΑΣΠΡΟΠΥΡΓΟΣ,Αγ. Ραφαήλ και Γκορυτσάς,False,False,
2023/02/17,ΔΙΑΚΟΠΗ ΥΔΡΕΥΣΗΣ,ΠΕΤΡΟΥΠΟΛΗ,Μαντώς Μαυρογένους & Ανατολικής Ρωμυλίας,False,False,
2023/02/17,ΔΙΑΚΟΠΗ ΥΔΡΕΥΣΗΣ,ΠΕΤΡΟΥΠΟΛΗ,Μαντώς Μαυρογένους & Ανατολικής Ρωμυλίας,False,False,
2023/02/17,ΔΙΑΚΟΠΗ ΥΔΡΕΥΣΗΣ,ΠΕΡΙΣΤΕΡΙ,Ερμιονίδων και Παλιγγενεσίας,False,False,
2023/02/17,ΔΙΑΚΟΠΗ ΥΔΡΕΥΣΗΣ,Ν. ΖΩΗ,Ερμιονίδων και Παλιγγενεσίας,False,False,
2023/02/18,ΔΙΑΚΟΠΗ ΥΔΡΕΥΣΗΣ,ΡΙΖΟΥΠΟΛΗ,Γάγγρας και Βερενίκης,False,False,
2023/02/18,ΔΙΑΚΟΠΗ ΥΔΡΕΥΣΗΣ,ΑΘΗΝΑ,Γάγγρας και Βερενίκης,False,False,
2023/02/18,ΔΙΑΚΟΠΗ ΥΔΡΕΥΣΗΣ,ΠΕΙΡΑΙΑΣ,Λεωφόρος Πειραιώς και Αμοργού,False,False,
2023/02/18,ΔΙΑΚΟΠΗ ΥΔΡΕΥΣΗΣ,ΚΑΜΙΝΙΑ,Λεωφόρος Πειραιώς και Αμοργού,False,False,
2023/02/18,ΔΙΑΚΟΠΗ ΥΔΡΕΥΣΗΣ,ΣΑΛΑΜΙΝΑ,Αγίου Φανουρίου και Προφήτη Ηλία,False,False,
2023/02/18,ΔΙΑΚΟΠΗ ΥΔΡΕΥΣΗΣ,ΣΑΛΑΜΙΝΑ,Αγίου Φανουρίου και Προφήτη Ηλία,False,False,
2023/02/18,ΔΙΑΚΟΠΗ ΥΔΡΕΥΣΗΣ,ΠΕΔΙΟΝ ΑΡΕΩΣ,Σαριπόλου και Μετσόβου,False,False,
2023/02/18,ΔΙΑΚΟΠΗ ΥΔΡΕΥΣΗΣ,ΑΘΗΝΑ,Σαριπόλου και Μετσόβου,False,False,
2023/02/18,ΔΙΑΚΟΠΗ ΥΔΡΕΥΣΗΣ,ΑΓΙΑ ΠΑΡΑΣΚΕΥΗ,Λουκή Ακρίτα και Φθιώτιδος,False,False,
2023/02/18,ΔΙΑΚΟΠΗ ΥΔΡΕΥΣΗΣ,ΑΓ. ΠΑΡΑΣΚΕΥΗ,Λουκή Ακρίτα και Φθιώτιδος,False,False,
2023/02/18,ΔΙΑΚΟΠΗ ΥΔΡΕΥΣΗΣ,ΑΓΙΟΣ ΔΗΜΗΤΡΙΟΣ,Χανίων και Σάμου,False,False,
2023/02/18,ΔΙΑΚΟΠΗ ΥΔΡΕΥΣΗΣ,ΑΣΠΡΟΠΥΡΓΟΣ,ΓΕΝΟΚΤΟΝΙΑΣ & ΑΓ. ΧΑΡΑΛΑΜΠΟΥΣ,False,False,
2023/02/18,ΔΙΑΚΟΠΗ ΥΔΡΕΥΣΗΣ,ΑΣΠΡΟΠΥΡΓΟΣ,ΓΕΝΟΚΤΟΝΙΑΣ & ΑΓ. ΧΑΡΑΛΑΜΠΟΥΣ,False,False,
2023/02/18,ΔΙΑΚΟΠΗ ΥΔΡΕΥΣΗΣ,ΑΣΠΡΟΠΥΡΓΟΣ,ΦΥΛΗΣ &  ΝΙΚΗΣ,False,False,
2023/02/18,ΔΙΑΚΟΠΗ ΥΔΡΕΥΣΗΣ,ΑΣΠΡΟΠΥΡΓΟΣ,ΦΥΛΗΣ &  ΝΙΚΗΣ,False,False,
2023/02/18,ΔΙΑΚΟΠΗ ΥΔΡΕΥΣΗΣ,ΘΡΑΚΟΜΑΚΕΔΟΝΕΣ,Παύλου Μελά και Φιλώτα,False,False,
2023/02/18,ΔΙΑΚΟΠΗ ΥΔΡΕΥΣΗΣ,ΑΧΑΡΝΕΣ,Παύλου Μελά και Φιλώτα,False,False,
2023/02/18,ΔΙΑΚΟΠΗ ΥΔΡΕΥΣΗΣ,ΚΕΡΑΤΣΙΝΙ,Κουντουριώτου και Δωδεκανήσου,False,False,
2023/02/18,ΔΙΑΚΟΠΗ ΥΔΡΕΥΣΗΣ,ΚΕΡΑΤΣΙΝΙ,Κουντουριώτου και Αϊδινίου,False,False,
2023/02/18,ΔΙΑΚΟΠΗ ΥΔΡΕΥΣΗΣ,ΠΟΛΥΔΡΟΣΟ,Διον.Αρεοπαγίτου και Καμέλιας,False,False,
2023/02/18,ΔΙΑΚΟΠΗ ΥΔΡΕΥΣΗΣ,ΜΑΡΟΥΣΙ,Διον.Αρεοπαγίτου και Καμέλιας,False,False,
2023/02/18,ΔΙΑΚΟΠΗ ΥΔΡΕΥΣΗΣ,ΑΣΠΡΟΠΥΡΓΟΣ,Γκορύτσας και Νάτο,False,False,
2023/02/18,ΔΙΑΚΟΠΗ ΥΔΡΕΥΣΗΣ,ΚΑΙΣΑΡΙΑΝΗ,Αγίου Πολυκάρπου και Λυδίας,False,False,
2023/02/18,ΔΙΑΚΟΠΗ ΥΔΡΕΥΣΗΣ,ΚΑΙΣΑΡΙΑΝΗ,Αγίου Πολυκάρπου και Λυδίας,False,False,
2023/02/18,ΔΙΑΚΟΠΗ ΥΔΡΕΥΣΗΣ,ΙΛΙΟΝ,Μυστρά και Βασιλείου Μακεδωνος,False,False,
2023/02/18,ΔΙΑΚΟΠΗ ΥΔΡΕΥΣΗΣ,ΙΛΙΟΝ,Μυστρά και Βασιλείου Μακεδωνος,False,False,
2023/02/18,ΔΙΑΚΟΠΗ ΥΔΡΕΥΣΗΣ,ΓΛΥΦΑΔΑ,Μαραθωνος και Αυλώνος,False,False,
2023/02/18,ΔΙΑΚΟΠΗ ΥΔΡΕΥΣΗΣ,ΓΛΥΦΑΔΑ,Μαραθωνος και Αυλώνος,False,False,
2023/02/18,ΔΙΑΚΟΠΗ ΥΔΡΕΥΣΗΣ,ΚΗΦΙΣΙΑ,Χαριλάου Τρικούπη και Ιωνίας,False,False,
2023/02/18,ΔΙΑΚΟΠΗ ΥΔΡΕΥΣΗΣ,ΚΗΦΙΣΙΑ,Χαριλάου Τρικούπη και Ιωνίας,False,False,
2023/02/18,ΔΙΑΚΟΠΗ ΥΔΡΕΥΣΗΣ,ΤΕΡΨΙΘΕΑ,Αγαμέμνονος και Βενεζουέλας,False,False,
2023/02/18,ΔΙΑΚΟΠΗ ΥΔΡΕΥΣΗΣ,ΓΛΥΦΑΔΑ,Αγαμέμνονος και Βενεζουέλας,False,False,
2023/02/18,ΔΙΑΚΟΠΗ ΥΔΡΕΥΣΗΣ,ΧΟΛΑΡΓΟΣ,Ασπασίας και Λεωφ.Περικλέους,False,False,
2023/02/18,ΔΙΑΚΟΠΗ ΥΔΡΕΥΣΗΣ,ΧΟΛΑΡΓΟΣ,Ασπασίας και Λεωφ.Περικλέους,False,False,
2023/02/18,ΔΙΑΚΟΠΗ ΥΔΡΕΥΣΗΣ,ΝΕΑ ΣΜΥΡΝΗ,Περγάμου και Λεωφ.Συγγρού,False,False,
2023/02/18,ΔΙΑΚΟΠΗ ΥΔΡΕΥΣΗΣ,Ν. ΣΜΥΡΝΗ Π,Περγάμου και Λεωφ.Συγγρού,False,False,
2023/02/18,ΔΙΑΚΟΠΗ ΥΔΡΕΥΣΗΣ,ΠΛ. ΑΜΕΡΙΚΗΣ,Τενέδου και 28ης Οκτωβρίου,False,False,
2023/02/18,ΔΙΑΚΟΠΗ ΥΔΡΕΥΣΗΣ,ΑΘΗΝΑ,Τενέδου και 28ης Οκτωβρίου,False,False,
2023/02/19,ΔΙΑΚΟΠΗ ΥΔΡΕΥΣΗΣ,ΠΕΙΡΑΙΑΣ,ΚΟΝΩΝΟΣ & ΜΑΥΡΟΜΙΧΑΛΗ,False,False,
2023/02/19,ΔΙΑΚΟΠΗ ΥΔΡΕΥΣΗΣ,ΠΕΙΡΑΙΑΣ,ΚΟΝΩΝΟΣ & ΜΑΥΡΟΜΙΧΑΛΗ,False,False,
2023/02/19,ΔΙΑΚΟΠΗ ΥΔΡΕΥΣΗΣ,ΚΑΙΣΑΡΙΑΝΗ,Νάξου και Λεωφ.Εθνικής Αντιστάσεως,False,False,
2023/02/19,ΔΙΑΚΟΠΗ ΥΔΡΕΥΣΗΣ,ΜΕΓΑΡΑ,ΑΓΙΑΣ ΜΑΡΚΕΛΛΑΣ & ΑΓ. ΑΠΟΣΤΟΛΩΝ,False,False,
2023/02/19,ΔΙΑΚΟΠΗ ΥΔΡΕΥΣΗΣ,ΜΕΓΑΡΑ,ΑΓΙΑΣ ΜΑΡΚΕΛΛΑΣ & ΑΓ. ΑΠΟΣΤΟΛΩΝ,False,False,
2023/02/19,ΔΙΑΚΟΠΗ ΥΔΡΕΥΣΗΣ,ΠΛ. ΒΙΚΤΩΡΙΑΣ,Ιουλιανού και Αριστοτέλους,False,False,
2023/02/19,ΔΙΑΚΟΠΗ ΥΔΡΕΥΣΗΣ,ΑΘΗΝΑ,Ιουλιανού και Αριστοτέλους,False,False,
2023/02/19,ΔΙΑΚΟΠΗ ΥΔΡΕΥΣΗΣ,ΑΓΙΟΙ ΑΝΑΡΓΥΡΟΙ,Σπύρου Λούη και Λεωφ.Δημοκρατίας,False,False,
2023/02/19,ΔΙΑΚΟΠΗ ΥΔΡΕΥΣΗΣ,ΗΛΙΟΥΠΟΛΗ,Ζηνοδότου και Φειδίου,False,False,
2023/02/19,ΔΙΑΚΟΠΗ ΥΔΡΕΥΣΗΣ,ΠΟΛΥΓΩΝΟ,Γιαννούλη Αιτωλού και Αυγερινού,False,False,
2023/02/19,ΔΙΑΚΟΠΗ ΥΔΡΕΥΣΗΣ,ΑΘΗΝΑ,Γιαννούλη Αιτωλού και Αυγερινού,False,False,
2023/02/19,ΔΙΑΚΟΠΗ ΥΔΡΕΥΣΗΣ,ΕΛΛΗΝΙΚΟ,Πραξιτέλους και Αγίας Παρασκευής,False,False,
2023/02/19,ΔΙΑΚΟΠΗ ΥΔΡΕΥΣΗΣ,ΧΑΛΑΝΔΡΙ,Φρύνης και Φιλικής Εταιρίας,False,False,
2023/02/19,ΔΙΑΚΟΠΗ ΥΔΡΕΥΣΗΣ,ΑΓΙΟΙ ΑΝΑΡΓΥΡΟΙ,Λάμπρου Κατσώνη και Μαυρομιχάλη,False,False,
2023/02/19,ΔΙΑΚΟΠΗ ΥΔΡΕΥΣΗΣ,ΑΓ. ΑΝΑΡΓΥΡΟΙ,Λάμπρου Κατσώνη και Μαυρομιχάλη,False,False,
2023/02/20,ΔΙΑΚΟΠΗ ΥΔΡΕΥΣΗΣ,ΑΜΠΕΛΟΚΗΠΟΙ,Λουίζης Ριανκούρ και Πανόρμου,False,False,
2023/02/20,ΔΙΑΚΟΠΗ ΥΔΡΕΥΣΗΣ,ΑΘΗΝΑ,Λουίζης Ριανκούρ και Πανόρμου,False,False,
2023/02/20,ΔΙΑΚΟΠΗ ΥΔΡΕΥΣΗΣ,Ν. ΚΗΦΙΣΙΑ,Ανοίξεως και Πλατείας Ηρώων Πολυτεχνείου,False,False,
2023/02/20,ΔΙΑΚΟΠΗ ΥΔΡΕΥΣΗΣ,ΚΗΦΙΣΙΑ,Ανοίξεως και Πλατείας Ηρώων Πολυτεχνείου,False,False,
2023/02/20,ΔΙΑΚΟΠΗ ΥΔΡΕΥΣΗΣ,ΑΣΠΡΟΠΥΡΓΟΣ,Φυλής και Αναγεννήσεως,False,False,
2023/02/20,ΔΙΑΚΟΠΗ ΥΔΡΕΥΣΗΣ,ΣΑΛΑΜΙΝΑ,Λεωφ. Ιπποκράτους & Λεωφ. Αιαντείου,False,False,
2023/02/20,ΔΙΑΚΟΠΗ ΥΔΡΕΥΣΗΣ,ΣΑΛΑΜΙΝΑ,Λεωφ. Ιπποκράτους & Λεωφ. Αιαντείου,False,False,
2023/02/20,ΔΙΑΚΟΠΗ ΥΔΡΕΥΣΗΣ,ΗΛΙΟΥΠΟΛΗ,Βησσαρίου & Χρυσοστόμου Σμύρνης,False,False,
2023/02/20,ΔΙΑΚΟΠΗ ΥΔΡΕΥΣΗΣ,ΗΛΙΟΥΠΟΛΗ,Βησσαρίου & Χρυσοστόμου Σμύρνης,False,False,
2023/02/20,ΔΙΑΚΟΠΗ ΥΔΡΕΥΣΗΣ,ΑΓΙΑ ΠΑΡΑΣΚΕΥΗ,Ναυπακτίας & Ρούμελης,False,False,
2023/02/20,ΔΙΑΚΟΠΗ ΥΔΡΕΥΣΗΣ,ΑΓ. ΠΑΡΑΣΚΕΥΗ,Ναυπακτίας & Ρούμελης,False,False,
2023/02/20,ΔΙΑΚΟΠΗ ΥΔΡΕΥΣΗΣ,ΑΓΙΑ ΠΑΡΑΣΚΕΥΗ,Περικλέους & Ύδρας,False,True,
2023/02/20,ΔΙΑΚΟΠΗ ΥΔΡΕΥΣΗΣ,ΑΓ. ΠΑΡΑΣΚΕΥΗ,Περικλέους & Ύδρας,False,True,
2023/02/20,ΔΙΑΚΟΠΗ ΥΔΡΕΥΣΗΣ,ΑΓΙΟΣ ΙΩΑΝΝΗΣ ΡΕΝΤΗΣ,Θεσσαλονίκης & Χατζηανέστη,False,False,
2023/02/20,ΔΙΑΚΟΠΗ ΥΔΡΕΥΣΗΣ,ΑΓ. Ι. ΡΕΝΤΗΣ,Θεσσαλονίκης & Χατζηανέστη,False,False,
2023/02/20,ΔΙΑΚΟΠΗ ΥΔΡΕΥΣΗΣ,ΠΕΙΡΑΙΑΣ,Κενταύρου & Μυκάλης,False,False,
2023/02/20,ΔΙΑΚΟΠΗ ΥΔΡΕΥΣΗΣ,ΠΕΙΡΑΙΑΣ,Κενταύρου & Μυκάλης,False,False,
2023/02/20,ΔΙΑΚΟΠΗ ΥΔΡΕΥΣΗΣ,ΚΥΨΕΛΗ,Κεφαλληνίας & Σποράδων,False,False,
2023/02/20,ΔΙΑΚΟΠΗ ΥΔΡΕΥΣΗΣ,ΑΘΗΝΑ,Κεφαλληνίας & Σποράδων,False,False,
2023/02/20,ΔΙΑΚΟΠΗ ΥΔΡΕΥΣΗΣ,ΑΣΠΡΟΠΥΡΓΟΣ,Ελ. Βενιζέλου & Διοσκούρων,False,True,
2023/02/20,ΔΙΑΚΟΠΗ ΥΔΡΕΥΣΗΣ,ΑΣΠΡΟΠΥΡΓΟΣ,Ελ. Βενιζέλου & Διοσκούρων,False,True,
2023/02/20,ΔΙΑΚΟΠΗ ΥΔΡΕΥΣΗΣ,ΑΣΠΡΟΠΥΡΓΟΣ,Γκορυτσάς & Λεωχάρους,False,False,
2023/02/20,ΔΙΑΚΟΠΗ ΥΔΡΕΥΣΗΣ,ΑΣΠΡΟΠΥΡΓΟΣ,Γκορυτσάς & Λεωχάρους,False,False,
2023/02/20,ΔΙΑΚΟΠΗ ΥΔΡΕΥΣΗΣ,ΝΙΚΑΙΑ,Ακροπόλεως & Αίσωπου,False,False,
2023/02/20,ΔΙΑΚΟΠΗ ΥΔΡΕΥΣΗΣ,ΝΙΚΑΙΑ,Ακροπόλεως & Αίσωπου,False,False,
2023/02/20,ΔΙΑΚΟΠΗ ΥΔΡΕΥΣΗΣ,ΣΑΛΑΜΙΝΑ,Ανδριανού και Καλυψούς,False,False,
2023/02/20,ΔΙΑΚΟΠΗ ΥΔΡΕΥΣΗΣ,ΣΑΛΑΜΙΝΑ,Ανδριανού και Καλυψούς,False,False,
2023/02/20,ΔΙΑΚΟΠΗ ΥΔΡΕΥΣΗΣ,ΑΙΓΑΛΕΩ,Ανδριανού και Καλυψούς,False,False,
2023/02/20,ΔΙΑΚΟΠΗ ΥΔΡΕΥΣΗΣ,ΖΩΓΡΑΦΟΥ,Παπακωνσταντίνου και Βακτριανής,False,False,
2023/02/20,ΔΙΑΚΟΠΗ ΥΔΡΕΥΣΗΣ,ΖΩΓΡΑΦΟΣ,Παπακωνσταντίνου και Βακτριανής,False,False,
2023/02/21,ΔΙΑΚΟΠΗ ΥΔΡΕΥΣΗΣ,ΖΩΓΡΑΦΟΥ,Αράδου και Αγ. Γερασίμου,False,False,
2023/02/21,ΔΙΑΚΟΠΗ ΥΔΡΕΥΣΗΣ,ΖΩΓΡΑΦΟΣ,Αράδου και Αγ. Γερασίμου,False,False,
2023/02/21,ΔΙΑΚΟΠΗ ΥΔΡΕΥΣΗΣ,ΦΡΕΑΤΤΥΔΑ,Μπόταση και Στρ. Μακρυγιάννη,False,False,
2023/02/21,ΔΙΑΚΟΠΗ ΥΔΡΕΥΣΗΣ,ΠΕΙΡΑΙΑΣ,Μπόταση και Στρ. Μακρυγιάννη,False,False,
2023/02/21,ΔΙΑΚΟΠΗ ΥΔΡΕΥΣΗΣ,ΑΛΙΜΟΣ Α,Βαλλιάνου και Θεοτόκη,False,False,
2023/02/21,ΔΙΑΚΟΠΗ ΥΔΡΕΥΣΗΣ,ΑΛΙΜΟΣ,Βαλλιάνου και Θεοτόκη,False,False,
2023/02/21,ΔΙΑΚΟΠΗ ΥΔΡΕΥΣΗΣ,ΝΕΑ ΦΙΛΑΔΕΛΦΕΙΑ,Πλαστήρα και Ιασωνίδη,False,False,
2023/02/21,ΔΙΑΚΟΠΗ ΥΔΡΕΥΣΗΣ,Ν. ΦΙΛΑΔΕΛΦΕΙΑ,Πλαστήρα και Ιασωνίδη,False,False,
2023/02/21,ΔΙΑΚΟΠΗ ΥΔΡΕΥΣΗΣ,ΑΧΑΡΝΕΣ,Καρτερίας και Αβίας,False,False,
2023/02/21,ΔΙΑΚΟΠΗ ΥΔΡΕΥΣΗΣ,ΑΓ. ΠΑΡΑΣΚΕΥΗ,Καρτερίας και Αβίας,False,False,
2023/02/21,ΔΙΑΚΟΠΗ ΥΔΡΕΥΣΗΣ,ΚΕΝΤΡΟ ΑΘΗΝΑΣ,Κολοκοτρώνη και Θησέως,False,False,
2023/02/21,ΔΙΑΚΟΠΗ ΥΔΡΕΥΣΗΣ,ΑΘΗΝΑ,Κολοκοτρώνη και Θησέως,False,False,
2023/02/21,ΔΙΑΚΟΠΗ ΥΔΡΕΥΣΗΣ,ΛΙΟΥΜΗ,Ρίμινι και Σκουφά,False,False,
2023/02/21,ΔΙΑΚΟΠΗ ΥΔΡΕΥΣΗΣ,ΑΙΓΑΛΕΩ,Ρίμινι και Σκουφά,False,False,
2023/02/21,ΔΙΑΚΟΠΗ ΥΔΡΕΥΣΗΣ,ΑΓΙΟΣ ΙΩΑΝΝΗΣ ΡΕΝΤΗΣ,Λεωφ. Φλέμινγκ και Περικλέους,False,False,
2023/02/21,ΔΙΑΚΟΠΗ ΥΔΡΕΥΣΗΣ,ΑΓ. Ι. ΡΕΝΤΗΣ,Λεωφ. Φλέμινγκ και Περικλέους,False,False,
2023/02/21,ΔΙΑΚΟΠΗ ΥΔΡΕΥΣΗΣ,ΜΑΡΟΥΣΙ,Ειρήνης και Διός,False,False,
2023/02/21,ΔΙΑΚΟΠΗ ΥΔΡΕΥΣΗΣ,ΜΑΡΟΥΣΙ,Ειρήνης και Διός,False,False,
2023/02/21,ΔΙΑΚΟΠΗ ΥΔΡΕΥΣΗΣ,ΚΑΙΣΑΡΙΑΝΗ,Λογοθέτη και Σεβαστοπούλου,False,False,
2023/02/21,ΔΙΑΚΟΠΗ ΥΔΡΕΥΣΗΣ,ΚΑΙΣΑΡΙΑΝΗ,Λογοθέτη και Σεβαστοπούλου,False,False,
2023/02/21,ΔΙΑΚΟΠΗ ΥΔΡΕΥΣΗΣ,ΑΧΑΡΝΕΣ,Τριφυλλίας και Παναγίας Τήνου,False,False,
2023/02/21,ΔΙΑΚΟΠΗ ΥΔΡΕΥΣΗΣ,ΑΧΑΡΝΕΣ,Τριφυλλίας και Παναγίας Τήνου,False,False,
2023/02/21,ΔΙΑΚΟΠΗ ΥΔΡΕΥΣΗΣ,ΚΟΥΚΑΚΙ,Λαζαίων και Ζαχαρίτσα,False,False,
2023/02/21,ΔΙΑΚΟΠΗ ΥΔΡΕΥΣΗΣ,ΑΘΗΝΑ,Λαζαίων και Ζαχαρίτσα,False,False,
2023/02/21,ΔΙΑΚΟΠΗ ΥΔΡΕΥΣΗΣ,Π. ΗΡΑΚΛΕΙΟ,Πευκών και Θερμοπυλών,False,False,
2023/02/21,ΔΙΑΚΟΠΗ ΥΔΡΕΥΣΗΣ,ΗΡΑΚΛΕΙΟ,Πευκών και Θερμοπυλών,False,False,
2023/02/21,ΔΙΑΚΟΠΗ ΥΔΡΕΥΣΗΣ,ΑΧΑΡΝΕΣ,Παύλου Μελά και Κολοκοτρώνη,False,False,
2023/02/21,ΔΙΑΚΟΠΗ ΥΔΡΕΥΣΗΣ,ΑΧΑΡΝΕΣ,Παύλου Μελά και Κολοκοτρώνη,False,False,
2023/02/21,ΔΙΑΚΟΠΗ ΥΔΡΕΥΣΗΣ,ΜΕΤΑΜΟΡΦΩΣΗ,Χλόης και Κοραή,False,False,
2023/02/21,ΔΙΑΚΟΠΗ ΥΔΡΕΥΣΗΣ,ΜΕΤΑΜΟΡΦΩΣΗ,Χλόης και Κοραή,False,False,
2023/02/21,ΔΙΑΚΟΠΗ ΥΔΡΕΥΣΗΣ,ΑΜΠΕΛΟΚΗΠΟΙ,Πανόρμου και Δουκίσσης Πλακεντίας,False,False,
2023/02/21,ΔΙΑΚΟΠΗ ΥΔΡΕΥΣΗΣ,ΑΘΗΝΑ,Πανόρμου και Δουκίσσης Πλακεντίας,False,False,
2023/02/21,ΔΙΑΚΟΠΗ ΥΔΡΕΥΣΗΣ,ΜΕΤΑΜΟΡΦΩΣΗ,Χλόης και Ι. Ρίτσου,False,False,
2023/02/21,ΔΙΑΚΟΠΗ ΥΔΡΕΥΣΗΣ,ΜΕΤΑΜΟΡΦΩΣΗ,Χλόης και Ι. Ρίτσου,False,False,
2023/02/21,ΔΙΑΚΟΠΗ ΥΔΡΕΥΣΗΣ,ΝΕΑ ΦΙΛΑΔΕΛΦΕΙΑ,Στερήσεις και χαμηλές πιέσεις λόγω βλάβης κεντρικού τροφοδοτικού αγωγού.,False,False,
2023/02/21,ΔΙΑΚΟΠΗ ΥΔΡΕΥΣΗΣ,ΝΕΑ ΙΩΝΙΑ,Στερήσεις και χαμηλές πιέσεις λόγω βλάβης κεντρικού τροφοδοτικού αγωγού.,False,False,
2023/02/21,ΔΙΑΚΟΠΗ ΥΔΡΕΥΣΗΣ,Ν. ΦΙΛΑΔΕΛΦΕΙΑ,Στερήσεις και χαμηλές πιέσεις λόγω βλάβης κεντρικού τροφοδοτικού αγωγού.,False,False,
2023/02/21,ΔΙΑΚΟΠΗ ΥΔΡΕΥΣΗΣ,Ν. ΙΩΝΙΑ,Στερήσεις και χαμηλές πιέσεις λόγω βλάβης κεντρικού τροφοδοτικού αγωγού.,False,False,
2023/02/22,ΔΙΑΚΟΠΗ ΥΔΡΕΥΣΗΣ,ΣΑΛΑΜΙΝΑ,Ταξιαρχών και Ευρυτανίας,False,False,
2023/02/22,ΔΙΑΚΟΠΗ ΥΔΡΕΥΣΗΣ,ΣΑΛΑΜΙΝΑ,Ταξιαρχών και Ευρυτανίας,False,False,
2023/02/22,ΔΙΑΚΟΠΗ ΥΔΡΕΥΣΗΣ,ΓΛΥΦΑΔΑ Π,Μπακογιάννη και Διαδόχου Παύλου,False,False,
2023/02/22,ΔΙΑΚΟΠΗ ΥΔΡΕΥΣΗΣ,ΓΛΥΦΑΔΑ,Μπακογιάννη και Διαδόχου Παύλου,False,False,
2023/02/22,ΔΙΑΚΟΠΗ ΥΔΡΕΥΣΗΣ,ΗΛΙΟΥΠΟΛΗ,Ροβέρτου Γκάλλι και Γαβριηλίδου,False,False,
2023/02/22,ΔΙΑΚΟΠΗ ΥΔΡΕΥΣΗΣ,ΗΛΙΟΥΠΟΛΗ,Ροβέρτου Γκάλλι και Γαβριηλίδου,False,False,
2023/02/22,ΔΙΑΚΟΠΗ ΥΔΡΕΥΣΗΣ,ΝΕΑ ΠΕΝΤΕΛΗ,Λεωφ. Αγ. Σύλλα και Σπερχειού,False,False,
2023/02/22,ΔΙΑΚΟΠΗ ΥΔΡΕΥΣΗΣ,Ν. ΠΕΝΤΕΛΗ,Λεωφ. Αγ. Σύλλα και Σπερχειού,False,False,
2023/02/22,ΔΙΑΚΟΠΗ ΥΔΡΕΥΣΗΣ,ΚΗΦΙΣΙΑ,Τατοΐου και Παύλου Μελά,False,False,
2023/02/22,ΔΙΑΚΟΠΗ ΥΔΡΕΥΣΗΣ,ΚΗΦΙΣΙΑ,Τατοΐου και Παύλου Μελά,False,False,
2023/02/22,ΔΙΑΚΟΠΗ ΥΔΡΕΥΣΗΣ,ΣΕΛΙΝΙΑ,Ειρήνης και Αγίου Βασιλείου,False,False,
2023/02/22,ΔΙΑΚΟΠΗ ΥΔΡΕΥΣΗΣ,ΣΑΛΑΜΙΝΑ,Ειρήνης και Αγίου Βασιλείου,False,False,
2023/02/22,ΔΙΑΚΟΠΗ ΥΔΡΕΥΣΗΣ,ΛΥΚΟΤΡΥΠΑ,25ης Μαρτίου και Κυπαρισσίας,False,False,
2023/02/22,ΔΙΑΚΟΠΗ ΥΔΡΕΥΣΗΣ,ΑΧΑΡΝΕΣ,25ης Μαρτίου και Κυπαρισσίας,False,False,
2023/02/22,ΔΙΑΚΟΠΗ ΥΔΡΕΥΣΗΣ,ΚΗΦΙΣΙΑ,Ξενίας και Αύρας,False,False,
2023/02/22,ΔΙΑΚΟΠΗ ΥΔΡΕΥΣΗΣ,ΚΕΦΑΛΑΡΙ,Ξενίας και Αύρας,False,False,
2023/02/22,ΔΙΑΚΟΠΗ ΥΔΡΕΥΣΗΣ,ΚΑΛΛΙΘΕΑ,Σοφοκλέους και Αθηνάς,False,False,
2023/02/22,ΔΙΑΚΟΠΗ ΥΔΡΕΥΣΗΣ,ΚΑΛΛΙΘΕΑ,Σοφοκλέους και Αθηνάς,False,False,
2023/02/22,ΔΙΑΚΟΠΗ ΥΔΡΕΥΣΗΣ,ΚΑΛΛΙΘΕΑ,Κεφαλληνίας και Λυκούργου,False,False,
2023/02/22,ΔΙΑΚΟΠΗ ΥΔΡΕΥΣΗΣ,ΚΑΛΛΙΘΕΑ,Κεφαλληνίας και Λυκούργου,False,False,
2023/02/22,ΔΙΑΚΟΠΗ ΥΔΡΕΥΣΗΣ,ΖΩΓΡΑΦΟΥ,Ιπποκρήνης και Διακρίας,False,False,
2023/02/22,ΔΙΑΚΟΠΗ ΥΔΡΕΥΣΗΣ,ΖΩΓΡΑΦΟΣ,Ιπποκρήνης και Διακρίας,False,False,
2023/02/22,ΔΙΑΚΟΠΗ ΥΔΡΕΥΣΗΣ,ΚΕΡΑΤΣΙΝΙ,Μέτρων και Χαλκηδόνος,False,False,
2023/02/22,ΔΙΑΚΟΠΗ ΥΔΡΕΥΣΗΣ,ΚΕΡΑΤΣΙΝΙ,Μέτρων και Χαλκηδόνος,False,False,
2023/02/22,ΔΙΑΚΟΠΗ ΥΔΡΕΥΣΗΣ,ΑΓΙΟΙ ΑΝΑΡΓΥΡΟΙ,Kρήτης και Αγίων Αναργύρων,False,False,
2023/02/22,ΔΙΑΚΟΠΗ ΥΔΡΕΥΣΗΣ,ΑΓ. ΑΝΑΡΓΥΡΟΙ,Kρήτης και Αγίων Αναργύρων,False,False,
2023/02/22,ΔΙΑΚΟΠΗ ΥΔΡΕΥΣΗΣ,ΗΛΙΟΥΠΟΛΗ,Λεωφόρος Κυπρίων Ηρώων και Εθνάρχου Μακαρίου,False,False,
2023/02/22,ΔΙΑΚΟΠΗ ΥΔΡΕΥΣΗΣ,ΗΛΙΟΥΠΟΛΗ,Λεωφόρος Κυπρίων Ηρώων και Εθνάρχου Μακαρίου,False,False,
2023/02/22,ΔΙΑΚΟΠΗ ΥΔΡΕΥΣΗΣ,ΙΛΙΣΙΑ,Διονυσίου Αιγινήτου και Μαιάνδρου,False,False,
2023/02/22,ΔΙΑΚΟΠΗ ΥΔΡΕΥΣΗΣ,ΑΘΗΝΑ,Διονυσίου Αιγινήτου και Μαιάνδρου,False,False,
2023/02/22,ΔΙΑΚΟΠΗ ΥΔΡΕΥΣΗΣ,ΧΟΛΑΡΓΟΣ,Ναυαρίνου και Βελισσαρίου,False,False,
2023/02/22,ΔΙΑΚΟΠΗ ΥΔΡΕΥΣΗΣ,ΧΟΛΑΡΓΟΣ,Ναυαρίνου και Βελισσαρίου,False,False,
2023/02/22,ΔΙΑΚΟΠΗ ΥΔΡΕΥΣΗΣ,ΖΩΓΡΑΦΟΥ,Αράδου και Αρβήλων,False,False,
2023/02/22,ΔΙΑΚΟΠΗ ΥΔΡΕΥΣΗΣ,ΖΩΓΡΑΦΟΣ,Αράδου και Αρβήλων,False,False,
2023/02/22,ΔΙΑΚΟΠΗ ΥΔΡΕΥΣΗΣ,ΑΣΠΡΟΠΥΡΓΟΣ,Γκορυτσάς και Λεωφ. Νάτο,False,False,
2023/02/22,ΔΙΑΚΟΠΗ ΥΔΡΕΥΣΗΣ,ΑΣΠΡΟΠΥΡΓΟΣ,Γκορυτσάς και Λεωφ. Νάτο,False,False,
2023/02/23,ΔΙΑΚΟΠΗ ΥΔΡΕΥΣΗΣ,ΠΑΛΑΙΟ ΦΑΛΗΡΟ,Δαναών & Κρήτης,False,False,
2023/02/23,ΔΙΑΚΟΠΗ ΥΔΡΕΥΣΗΣ,Π. ΦΑΛΗΡΟ,Δαναών & Κρήτης,False,False,
2023/02/23,ΔΙΑΚΟΠΗ ΥΔΡΕΥΣΗΣ,ΝΙΚΑΙΑ,Πέτρου Ράλλη & Κασταμονής,False,False,
2023/02/23,ΔΙΑΚΟΠΗ ΥΔΡΕΥΣΗΣ,ΝΙΚΑΙΑ,Πέτρου Ράλλη & Κασταμονής,False,False,
2023/02/23,ΔΙΑΚΟΠΗ ΥΔΡΕΥΣΗΣ,ΑΓΙΟΣ ΔΗΜΗΤΡΙΟΣ,Θ. Κολοκοτρώνη & Βασ. Αμαλίας,False,False,
2023/02/23,ΔΙΑΚΟΠΗ ΥΔΡΕΥΣΗΣ,ΑΓ. ΔΗΜΗΤΡΙΟΣ Α,Θ. Κολοκοτρώνη & Βασ. Αμαλίας,False,False,
2023/02/23,ΔΙΑΚΟΠΗ ΥΔΡΕΥΣΗΣ,ΧΑΛΑΝΔΡΙ,Προφήτου Ηλία και Ζαλόγγου,False,False,
2023/02/23,ΔΙΑΚΟΠΗ ΥΔΡΕΥΣΗΣ,ΠΟΛΥΔΡΟΣΟ,Προφήτου Ηλία και Ζαλόγγου,False,False,
2023/02/23,ΔΙΑΚΟΠΗ ΥΔΡΕΥΣΗΣ,ΓΛΥΦΑΔΑ,Αττικής και Γεννηματά,False,False,
2023/02/23,ΔΙΑΚΟΠΗ ΥΔΡΕΥΣΗΣ,ΓΛΥΦΑΔΑ,Αττικής και Γεννηματά,False,False,
2023/02/23,ΔΙΑΚΟΠΗ ΥΔΡΕΥΣΗΣ,ΛΑΘΕΑ,Μάντζαρου και Ηλέκτρας,False,False,
2023/02/23,ΔΙΑΚΟΠΗ ΥΔΡΕΥΣΗΣ,ΑΧΑΡΝΕΣ,Μάντζαρου και Ηλέκτρας,False,False,
2023/02/23,ΔΙΑΚΟΠΗ ΥΔΡΕΥΣΗΣ,ΚΟΡΥΔΑΛΛΟΣ,Αγίου Γεωργίου και Κρήτης,False,False,
2023/02/23,ΔΙΑΚΟΠΗ ΥΔΡΕΥΣΗΣ,ΚΟΡΥΔΑΛΛΟΣ,Αγίου Γεωργίου και Κρήτης,False,False,
2023/02/23,ΔΙΑΚΟΠΗ ΥΔΡΕΥΣΗΣ,ΑΓΙΑ ΠΑΡΑΣΚΕΥΗ,Αμαρυλλίδος και Καλαβρύτων,False,False,
2023/02/23,ΔΙΑΚΟΠΗ ΥΔΡΕΥΣΗΣ,ΑΓ. ΠΑΡΑΣΚΕΥΗ,Αμαρυλλίδος και Καλαβρύτων,False,False,
2023/02/23,ΔΙΑΚΟΠΗ ΥΔΡΕΥΣΗΣ,ΠΑΛΑΙΟ ΦΑΛΗΡΟ,Δαναών και Κρήτης,False,False,
2023/02/23,ΔΙΑΚΟΠΗ ΥΔΡΕΥΣΗΣ,Π. ΦΑΛΗΡΟ,Δαναών και Κρήτης,False,False,
2023/02/23,ΔΙΑΚΟΠΗ ΥΔΡΕΥΣΗΣ,ΝΙΚΑΙΑ,Λαοδικείας και Κιλικίας,False,True,
2023/02/23,ΔΙΑΚΟΠΗ ΥΔΡΕΥΣΗΣ,ΝΙΚΑΙΑ,Λαοδικείας και Κιλικίας,False,True,
2023/02/23,ΔΙΑΚΟΠΗ ΥΔΡΕΥΣΗΣ,ΑΜΠΕΛΟΚΗΠΟΙ,Σεβαστοπούλου και Μοισιόδακος,False,True,
2023/02/23,ΔΙΑΚΟΠΗ ΥΔΡΕΥΣΗΣ,ΑΘΗΝΑ,Σεβαστοπούλου και Μοισιόδακος,False,True,
2023/02/23,ΔΙΑΚΟΠΗ ΥΔΡΕΥΣΗΣ,ΖΩΓΡΑΦΟΥ,3ης Ορεινής Ταξιαρχίας και Ιωάννου Θεολόγου,False,False,
2023/02/23,ΔΙΑΚΟΠΗ ΥΔΡΕΥΣΗΣ,ΖΩΓΡΑΦΟΣ,3ης Ορεινής Ταξιαρχίας και Ιωάννου Θεολόγου,False,False,
2023/02/23,ΔΙΑΚΟΠΗ ΥΔΡΕΥΣΗΣ,ΗΡΑΚΛΕΙΟ,Χλόης και Αριστοτέλους,False,False,
2023/02/23,ΔΙΑΚΟΠΗ ΥΔΡΕΥΣΗΣ,ΗΡΑΚΛΕΙΟ,Χλόης και Αριστοτέλους,False,False,
2023/02/23,ΔΙΑΚΟΠΗ ΥΔΡΕΥΣΗΣ,ΑΜΠΕΛΟΚΗΠΟΙ,Πανόρμου και Λουίζης Ριανκούρ,False,False,
2023/02/23,ΔΙΑΚΟΠΗ ΥΔΡΕΥΣΗΣ,ΑΘΗΝΑ,Πανόρμου και Λουίζης Ριανκούρ,False,False,
2023/02/24,ΔΙΑΚΟΠΗ ΥΔΡΕΥΣΗΣ,ΑΣΠΡΟΠΥΡΓΟΣ,Θρασυβούλου ακι Πίνδου και Γρ. Λαμπράκη και Αγίου Γεωργίου,False,False,
2023/02/24,ΔΙΑΚΟΠΗ ΥΔΡΕΥΣΗΣ,ΑΣΠΡΟΠΥΡΓΟΣ,Θρασυβούλου ακι Πίνδου και Γρ. Λαμπράκη και Αγίου Γεωργίου,False,False,
2023/02/24,ΔΙΑΚΟΠΗ ΥΔΡΕΥΣΗΣ,ΠΕΡΙΣΤΕΡΙ,Μήδειας και Ερμιονιδών,False,False,
2023/02/24,ΔΙΑΚΟΠΗ ΥΔΡΕΥΣΗΣ,ΠΕΡΙΣΤΕΡΙ,Μήδειας και Ερμιονιδών,False,False,
2023/02/24,ΔΙΑΚΟΠΗ ΥΔΡΕΥΣΗΣ,ΧΑΛΑΝΔΡΙ,Χρυσοστόμου Σμύρνης και Δραγατσανίου,False,False,
2023/02/24,ΔΙΑΚΟΠΗ ΥΔΡΕΥΣΗΣ,ΧΑΛΑΝΔΡΙ,Χρυσοστόμου Σμύρνης και Δραγατσανίου,False,False,
2023/02/24,ΔΙΑΚΟΠΗ ΥΔΡΕΥΣΗΣ,ΝΕΑ ΧΑΛΚΗΔΟΝΑ,Λεωφ. Κηφισού και Λεωφ. Δημοκρατίας,False,False,
2023/02/24,ΔΙΑΚΟΠΗ ΥΔΡΕΥΣΗΣ,Ν. ΧΑΛΚΗΔΟΝΑ,Λεωφ. Κηφισού και Λεωφ. Δημοκρατίας,False,False,
2023/02/24,ΔΙΑΚΟΠΗ ΥΔΡΕΥΣΗΣ,ΚΗΦΙΣΙΑ,Άργους και Σφακτηρίας,False,False,
2023/02/24,ΔΙΑΚΟΠΗ ΥΔΡΕΥΣΗΣ,ΚΗΦΙΣΙΑ,Άργους και Σφακτηρίας,False,False,
2023/02/24,ΔΙΑΚΟΠΗ ΥΔΡΕΥΣΗΣ,ΠΛ. ΚΟΛΙΑΤΣΟΥ,Πάτμου και Σερίφου,False,False,
2023/02/24,ΔΙΑΚΟΠΗ ΥΔΡΕΥΣΗΣ,ΑΘΗΝΑ,Πάτμου και Σερίφου,False,False,
2023/02/24,ΔΙΑΚΟΠΗ ΥΔΡΕΥΣΗΣ,ΖΩΓΡΑΦΟΥ,Ιπποκρήνης και Διακρίας,False,False,
2023/02/24,ΔΙΑΚΟΠΗ ΥΔΡΕΥΣΗΣ,ΖΩΓΡΑΦΟΣ,Ιπποκρήνης και Διακρίας,False,False,
2023/02/24,ΔΙΑΚΟΠΗ ΥΔΡΕΥΣΗΣ,ΓΑΛΑΤΣΙ,Γαλατσίου και Αγίας Γλυκερίας,False,False,
2023/02/24,ΔΙΑΚΟΠΗ ΥΔΡΕΥΣΗΣ,ΓΑΛΑΤΣΙ,Γαλατσίου και Αγίας Γλυκερίας,False,False,
2023/02/24,ΔΙΑΚΟΠΗ ΥΔΡΕΥΣΗΣ,ΑΛΙΜΟΣ Α,Σολωμού και Κουμουνδούρου,False,False,
2023/02/24,ΔΙΑΚΟΠΗ ΥΔΡΕΥΣΗΣ,ΑΛΙΜΟΣ,Σολωμού και Κουμουνδούρου,False,False,
2023/02/24,ΔΙΑΚΟΠΗ ΥΔΡΕΥΣΗΣ,ΝΕΑ ΠΕΝΤΕΛΗ,Παπανδρέου και Δελφών,False,False,
2023/02/24,ΔΙΑΚΟΠΗ ΥΔΡΕΥΣΗΣ,Ν. ΠΕΝΤΕΛΗ,Παπανδρέου και Δελφών,False,False,
2023/02/24,ΔΙΑΚΟΠΗ ΥΔΡΕΥΣΗΣ,ΖΕΦΥΡΙ,Άρτης και Δράκου Κόγκα,False,False,
2023/02/24,ΔΙΑΚΟΠΗ ΥΔΡΕΥΣΗΣ,ΖΕΦΥΡΙ,Άρτης και Δράκου Κόγκα,False,False,
2023/02/24,ΔΙΑΚΟΠΗ ΥΔΡΕΥΣΗΣ,ΓΑΛΑΤΣΙ,Αγίων Αναργύρων και Φανερωμένης,False,False,
2023/02/24,ΔΙΑΚΟΠΗ ΥΔΡΕΥΣΗΣ,ΓΑΛΑΤΣΙ,Αγίων Αναργύρων και Φανερωμένης,False,False,
2023/02/24,ΔΙΑΚΟΠΗ ΥΔΡΕΥΣΗΣ,ΑΣΠΡΟΠΥΡΓΟΣ,Βαλκανιονίκη Μίχα και Αγίας Σοφίας,False,False,
2023/02/24,ΔΙΑΚΟΠΗ ΥΔΡΕΥΣΗΣ,ΑΣΠΡΟΠΥΡΓΟΣ,Βαλκανιονίκη Μίχα και Αγίας Σοφίας,False,False,
2023/02/24,ΔΙΑΚΟΠΗ ΥΔΡΕΥΣΗΣ,ΤΡΕΙΣ ΓΕΦΥΡΕΣ,Νιρβάνα και Λιοσίων,False,True,
2023/02/24,ΔΙΑΚΟΠΗ ΥΔΡΕΥΣΗΣ,ΑΘΗΝΑ,Νιρβάνα και Λιοσίων,False,True,
2023/02/24,ΔΙΑΚΟΠΗ ΥΔΡΕΥΣΗΣ,ΜΕΤΑΜΟΡΦΩΣΗ,Χλόης & Κοράη,False,False,
2023/02/24,ΔΙΑΚΟΠΗ ΥΔΡΕΥΣΗΣ,ΜΕΤΑΜΟΡΦΩΣΗ,Χλόης & Κοράη,False,False,
2023/02/24,ΔΙΑΚΟΠΗ ΥΔΡΕΥΣΗΣ,ΜΙΧΕΛΗ,Λ. Αγ. Νικολάου & Δερβενακίων,False,False,
2023/02/24,ΔΙΑΚΟΠΗ ΥΔΡΕΥΣΗΣ,ΙΛΙΟΝ,Λ. Αγ. Νικολάου & Δερβενακίων,False,False,
2023/02/25,ΔΙΑΚΟΠΗ ΥΔΡΕΥΣΗΣ,ΑΚΑΔ. ΠΛΑΤΩΝΟΣ,Πλάτωνος και Τριπόλεως,False,False,
2023/02/25,ΔΙΑΚΟΠΗ ΥΔΡΕΥΣΗΣ,ΑΘΗΝΑ,Πλάτωνος και Τριπόλεως,False,False,
2023/02/25,ΔΙΑΚΟΠΗ ΥΔΡΕΥΣΗΣ,ΑΧΑΡΝΕΣ,Γαλήνης και Αιγαίου,False,False,
2023/02/25,ΔΙΑΚΟΠΗ ΥΔΡΕΥΣΗΣ,ΑΧΑΡΝΕΣ,Γαλήνης και Αιγαίου,False,False,
2023/02/25,ΔΙΑΚΟΠΗ ΥΔΡΕΥΣΗΣ,ΧΑΛΑΝΔΡΙ,Χρυσοστόμου Σμύρνης και Δραγατσανίου,False,False,
2023/02/25,ΔΙΑΚΟΠΗ ΥΔΡΕΥΣΗΣ,ΧΑΛΑΝΔΡΙ,Χρυσοστόμου Σμύρνης και Δραγατσανίου,False,False,
2023/02/25,ΔΙΑΚΟΠΗ ΥΔΡΕΥΣΗΣ,ΜΑΓΟΥΛΑ,Αγ. Στυλιανού 7,False,False,
2023/02/25,ΔΙΑΚΟΠΗ ΥΔΡΕΥΣΗΣ,ΜΑΓΟΥΛΑ,Αγ. Στυλιανού 7,False,False,
2023/02/25,ΔΙΑΚΟΠΗ ΥΔΡΕΥΣΗΣ,ΖΕΦΥΡΙ,Άρτης και Δράκου Κόγκα,False,False,
2023/02/25,ΔΙΑΚΟΠΗ ΥΔΡΕΥΣΗΣ,ΖΕΦΥΡΙ,Άρτης και Δράκου Κόγκα,False,False,
2023/02/25,ΔΙΑΚΟΠΗ ΥΔΡΕΥΣΗΣ,ΚΕΝΤΡΟ ΑΘΗΝΑΣ,Μενάνδρου και Πλατεία Θεάτρου,False,False,
2023/02/25,ΔΙΑΚΟΠΗ ΥΔΡΕΥΣΗΣ,ΑΘΗΝΑ,Μενάνδρου και Πλατεία Θεάτρου,False,False,
2023/02/25,ΔΙΑΚΟΠΗ ΥΔΡΕΥΣΗΣ,ΠΕΔΙΟΝ ΑΡΕΩΣ,Ευελπίδων και Μουστοξύξη,False,True,
2023/02/25,ΔΙΑΚΟΠΗ ΥΔΡΕΥΣΗΣ,ΑΘΗΝΑ,Ευελπίδων και Μουστοξύξη,False,True,
2023/02/25,ΔΙΑΚΟΠΗ ΥΔΡΕΥΣΗΣ,ΖΩΓΡΑΦΟΥ,Βακτριανής και Παπακωνσταντίνου,False,False,
2023/02/25,ΔΙΑΚΟΠΗ ΥΔΡΕΥΣΗΣ,ΖΩΓΡΑΦΟΣ,Βακτριανής και Παπακωνσταντίνου,False,False,
2023/02/25,ΔΙΑΚΟΠΗ ΥΔΡΕΥΣΗΣ,ΧΑΤΖΗΚΥΡΙΑΚΕΙΟ,Λεωφ. Χατζηκυριάκου και Κλεισόβης,False,False,
2023/02/25,ΔΙΑΚΟΠΗ ΥΔΡΕΥΣΗΣ,ΠΕΙΡΑΙΑΣ,Λεωφ. Χατζηκυριάκου και Κλεισόβης,False,False,
2023/02/25,ΔΙΑΚΟΠΗ ΥΔΡΕΥΣΗΣ,ΑΜΠΕΛΟΚΗΠΟΙ,Σούτσου Δημ. και Τσόχα,False,False,
2023/02/25,ΔΙΑΚΟΠΗ ΥΔΡΕΥΣΗΣ,ΑΘΗΝΑ,Σούτσου Δημ. και Τσόχα,False,False,
2023/02/26,ΔΙΑΚΟΠΗ ΥΔΡΕΥΣΗΣ,ΖΩΟΔΟΧΟΣ ΠΗΓΗ,Βοσπόρου και Ύδρας,False,False,
2023/02/26,ΔΙΑΚΟΠΗ ΥΔΡΕΥΣΗΣ,ΒΥΡΩΝΑΣ,Βοσπόρου και Ύδρας,False,False,
2023/02/26,ΔΙΑΚΟΠΗ ΥΔΡΕΥΣΗΣ,ΤΖΙΤΖΙΦΙΕΣ,Δοϊράνης και Αχιλλέως,False,False,
2023/02/26,ΔΙΑΚΟΠΗ ΥΔΡΕΥΣΗΣ,ΚΑΛΛΙΘΕΑ,Δοϊράνης και Αχιλλέως,False,False,
2023/02/26,ΔΙΑΚΟΠΗ ΥΔΡΕΥΣΗΣ,ΠΕΡΙΣΤΕΡΙ,Λεχουρίτη και Λούβαρη,False,False,
2023/02/26,ΔΙΑΚΟΠΗ ΥΔΡΕΥΣΗΣ,ΠΕΡΙΣΤΕΡΙ,Λεχουρίτη και Λούβαρη,False,False,
2023/02/26,ΔΙΑΚΟΠΗ ΥΔΡΕΥΣΗΣ,ΠΑΛΛΗΝΗΣ,Ελευθ. Βενιζέλου και Ανδρούτσου,False,False,
2023/02/26,ΔΙΑΚΟΠΗ ΥΔΡΕΥΣΗΣ,ΠΑΛΛΗΝΗ,Ελευθ. Βενιζέλου και Ανδρούτσου,False,False,
2023/02/26,ΔΙΑΚΟΠΗ ΥΔΡΕΥΣΗΣ,ΝΕΑ ΣΜΥΡΝΗ,Πλαστήρα και Αγ. Φωτεινής,False,False,
2023/02/26,ΔΙΑΚΟΠΗ ΥΔΡΕΥΣΗΣ,Ν. ΣΜΥΡΝΗ Π,Πλαστήρα και Αγ. Φωτεινής,False,False,
2023/02/26,ΔΙΑΚΟΠΗ ΥΔΡΕΥΣΗΣ,ΜΑΡΟΥΣΙ,Ναυαρίνου και Ύδρας,False,False,
2023/02/26,ΔΙΑΚΟΠΗ ΥΔΡΕΥΣΗΣ,ΜΑΡΟΥΣΙ,Ναυαρίνου και Ύδρας,False,False,
2023/02/26,ΔΙΑΚΟΠΗ ΥΔΡΕΥΣΗΣ,ΖΩΓΡΑΦΟΥ,Βακτριανής και Αρβήλων,False,False,
2023/02/26,ΔΙΑΚΟΠΗ ΥΔΡΕΥΣΗΣ,ΖΩΓΡΑΦΟΣ,Βακτριανής και Αρβήλων,False,False,
2023/02/27,ΔΙΑΚΟΠΗ ΥΔΡΕΥΣΗΣ,ΚΥΨΕΛΗ,Σκοπέλου και Σπετσών,False,False,
2023/02/27,ΔΙΑΚΟΠΗ ΥΔΡΕΥΣΗΣ,ΑΘΗΝΑ,Σκοπέλου και Σπετσών,False,False,
2023/02/27,ΔΙΑΚΟΠΗ ΥΔΡΕΥΣΗΣ,ΑΧΑΡΝΕΣ,Λαδά και Δημοκρατίας,False,False,
2023/02/27,ΔΙΑΚΟΠΗ ΥΔΡΕΥΣΗΣ,ΑΥΛΙΖΑ,Λαδά και Δημοκρατίας,False,False,
2023/02/27,ΔΙΑΚΟΠΗ ΥΔΡΕΥΣΗΣ,ΧΑΛΑΝΔΡΙ,Εθνικής Αντιστάσεως και Επτανήσου,False,False,
2023/02/27,ΔΙΑΚΟΠΗ ΥΔΡΕΥΣΗΣ,ΚΑΤΩ ΧΑΛΑΝΔΡΙ,Εθνικής Αντιστάσεως και Επτανήσου,False,False,
2023/02/27,ΔΙΑΚΟΠΗ ΥΔΡΕΥΣΗΣ,ΑΛΙΜΟΣ Α,Θεσσαλιας και Δεληγιώργη,False,False,
2023/02/27,ΔΙΑΚΟΠΗ ΥΔΡΕΥΣΗΣ,ΑΛΙΜΟΣ,Θεσσαλιας και Δεληγιώργη,False,False,
2023/02/27,ΔΙΑΚΟΠΗ ΥΔΡΕΥΣΗΣ,ΖΩΓΡΑΦΟΥ,Βακτριανής και Παπακωνσταντίνου,False,False,
2023/02/27,ΔΙΑΚΟΠΗ ΥΔΡΕΥΣΗΣ,ΖΩΓΡΑΦΟΣ,Βακτριανής και Παπακωνσταντίνου,False,False,
2023/02/27,ΔΙΑΚΟΠΗ ΥΔΡΕΥΣΗΣ,ΧΟΛΑΡΓΟΣ,Αγίου Ιωάννη Θεολόγου και Ερατούς,False,False,
2023/02/27,ΔΙΑΚΟΠΗ ΥΔΡΕΥΣΗΣ,ΧΟΛΑΡΓΟΣ,Αγίου Ιωάννη Θεολόγου και Ερατούς,False,False,
2023/02/27,ΔΙΑΚΟΠΗ ΥΔΡΕΥΣΗΣ,ΠΕΡΙΣΤΕΡΙ,Χρήστου Λαδά και Παπαρρηγοπούλου,False,False,
2023/02/27,ΔΙΑΚΟΠΗ ΥΔΡΕΥΣΗΣ,ΠΕΡΙΣΤΕΡΙ,Χρήστου Λαδά και Παπαρρηγοπούλου,False,False,
2023/02/28,ΔΙΑΚΟΠΗ ΥΔΡΕΥΣΗΣ,ΚΑΛΛΙΘΕΑ,Ταγματάρχου Πλέσσα και Ξενοφώντος,False,False,
2023/02/28,ΔΙΑΚΟΠΗ ΥΔΡΕΥΣΗΣ,ΚΑΛΛΙΘΕΑ,Ταγματάρχου Πλέσσα και Ξενοφώντος,False,False,
2023/02/28,ΔΙΑΚΟΠΗ ΥΔΡΕΥΣΗΣ,ΧΑΛΑΝΔΡΙ,Μικράς Ασίας και Μαυρομιχαλαίων,False,False,
2023/02/28,ΔΙΑΚΟΠΗ ΥΔΡΕΥΣΗΣ,ΧΑΛΑΝΔΡΙ,Μικράς Ασίας και Μαυρομιχαλαίων,False,False,
2023/02/28,ΔΙΑΚΟΠΗ ΥΔΡΕΥΣΗΣ,ΚΑΡΕΑΣ,28ης Οκτωβρίου και Πλατεία Βιάνου,False,False,
2023/02/28,ΔΙΑΚΟΠΗ ΥΔΡΕΥΣΗΣ,ΒΥΡΩΝΑΣ,28ης Οκτωβρίου και Πλατεία Βιάνου,False,False,
2023/02/28,ΔΙΑΚΟΠΗ ΥΔΡΕΥΣΗΣ,ΑΣΠΡΟΠΥΡΓΟΣ,Φυλής και Νίκης,False,False,
2023/02/28,ΔΙΑΚΟΠΗ ΥΔΡΕΥΣΗΣ,ΑΣΠΡΟΠΥΡΓΟΣ,Φυλής και Νίκης,False,False,
2023/02/28,ΔΙΑΚΟΠΗ ΥΔΡΕΥΣΗΣ,ΑΓΙΟΣ ΔΗΜΗΤΡΙΟΣ,Κερασιάς και Δωριέων,False,False,
2023/02/28,ΔΙΑΚΟΠΗ ΥΔΡΕΥΣΗΣ,ΑΓ. ΔΗΜΗΤΡΙΟΣ Α,Κερασιάς και Δωριέων,False,False,
2023/02/28,ΔΙΑΚΟΠΗ ΥΔΡΕΥΣΗΣ,ΖΩΓΡΑΦΟΥ,Βακτριανής και Αρβήλων,False,False,
2023/02/28,ΔΙΑΚΟΠΗ ΥΔΡΕΥΣΗΣ,ΖΩΓΡΑΦΟΣ,Βακτριανής και Αρβήλων,False,False,
2023/02/28,ΔΙΑΚΟΠΗ ΥΔΡΕΥΣΗΣ,ΤΑΥΡΟΣ,Λεωφόρος Ειρήνης και Αιτωλικού,False,False,
2023/02/28,ΔΙΑΚΟΠΗ ΥΔΡΕΥΣΗΣ,ΤΑΥΡΟΣ,Λεωφόρος Ειρήνης και Αιτωλικού,False,False,
2023/02/28,ΔΙΑΚΟΠΗ ΥΔΡΕΥΣΗΣ,ΤΖΙΤΖΙΦΙΕΣ,Ανδρομάχης και Ταγματάρχου Πλέσσα,False,False,
2023/02/28,ΔΙΑΚΟΠΗ ΥΔΡΕΥΣΗΣ,ΚΑΛΛΙΘΕΑ,Ανδρομάχης και Ταγματάρχου Πλέσσα,False,False,
2023/02/28,ΔΙΑΚΟΠΗ ΥΔΡΕΥΣΗΣ,ΜΟΣΧΑΤΟ,Ιλισού και Εμμανουήλ Καμπούρη,False,False,
2023/02/28,ΔΙΑΚΟΠΗ ΥΔΡΕΥΣΗΣ,ΜΟΣΧΑΤΟ,Ιλισού και Εμμανουήλ Καμπούρη,False,False,
2023/02/28,ΔΙΑΚΟΠΗ ΥΔΡΕΥΣΗΣ,ΜΟΣΧΑΤΟ,Αγίων Σαράντα και Αθήνας,False,False,
2023/02/28,ΔΙΑΚΟΠΗ ΥΔΡΕΥΣΗΣ,ΜΟΣΧΑΤΟ,Αγίων Σαράντα και Αθήνας,False,False,
2023/02/28,ΔΙΑΚΟΠΗ ΥΔΡΕΥΣΗΣ,ΓΛΥΦΑΔΑ,Γούναρη και Προφήτη Ηλία,False,False,
2023/02/28,ΔΙΑΚΟΠΗ ΥΔΡΕΥΣΗΣ,ΠΕΙΡΑΙΑΣ,Λυκούργου και Δημοσθένους,False,False,
2023/02/28,ΔΙΑΚΟΠΗ ΥΔΡΕΥΣΗΣ,ΗΛΙΟΥΠΟΛΗ,Περικλέους και Σπύρομήλιου,False,False,
2023/02/28,ΔΙΑΚΟΠΗ ΥΔΡΕΥΣΗΣ,ΗΛΙΟΥΠΟΛΗ,Περικλέους και Σπύρομήλιου,False,False,
2023/02/28,ΔΙΑΚΟΠΗ ΥΔΡΕΥΣΗΣ,ΒΟΥΛΙΑΓΜΕΝΗ,Ηρακλέους και Ικάρου,False,False,
2023/02/28,ΔΙΑΚΟΠΗ ΥΔΡΕΥΣΗΣ,ΒΟΥΛΙΑΓΜΕΝΗ,Ηρακλέους και Ικάρου,False,False,
2023/02/28,ΔΙΑΚΟΠΗ ΥΔΡΕΥΣΗΣ,ΧΑΛΑΝΔΡΙ,Παναγιάς Μαρμαριωτίσσης και Κιλκίς,False,False,
2023/02/28,ΔΙΑΚΟΠΗ ΥΔΡΕΥΣΗΣ,ΚΑΤΩ ΧΑΛΑΝΔΡΙ,Παναγιάς Μαρμαριωτίσσης και Κιλκίς,False,False,
2023/02/28,ΔΙΑΚΟΠΗ ΥΔΡΕΥΣΗΣ,ΒΥΡΩΝΑΣ,Αγίας Σοφίας και Βοσπόρου,False,False,
2023/02/28,ΔΙΑΚΟΠΗ ΥΔΡΕΥΣΗΣ,ΒΥΡΩΝΑ,Αγίας Σοφίας και Βοσπόρου,False,False,
2023/03/01,ΔΙΑΚΟΠΗ ΥΔΡΕΥΣΗΣ,ΠΟΛΥΓΩΝΟ,Νικολάου Ιωάννου και Παπαχριστοφόρου,False,False,
2023/03/01,ΔΙΑΚΟΠΗ ΥΔΡΕΥΣΗΣ,ΑΘΗΝΑ,Νικολάου Ιωάννου και Παπαχριστοφόρου,False,False,
2023/03/01,ΔΙΑΚΟΠΗ ΥΔΡΕΥΣΗΣ,ΠΕΡΙΣΤΕΡΙ,Ερμιονίδων και Λασκάρεως,False,False,
2023/03/01,ΔΙΑΚΟΠΗ ΥΔΡΕΥΣΗΣ,ΠΕΡΙΣΤΕΡΙ,Ερμιονίδων και Λασκάρεως,False,False,
2023/03/01,ΔΙΑΚΟΠΗ ΥΔΡΕΥΣΗΣ,ΑΛΙΜΟΣ Π,Άννινου και Αντισμήναρχου Μουλόπουλου,False,False,
2023/03/01,ΔΙΑΚΟΠΗ ΥΔΡΕΥΣΗΣ,ΑΛΙΜΟΣ,Άννινου και Αντισμήναρχου Μουλόπουλου,False,False,
2023/03/01,ΔΙΑΚΟΠΗ ΥΔΡΕΥΣΗΣ,ΨΥΧΙΚΟ,Λεωφόρος Δημοκρατίας και Λοχαγού Ευστρατιάδου,False,False,
2023/03/01,ΔΙΑΚΟΠΗ ΥΔΡΕΥΣΗΣ,ΨΥΧΙΚΟ,Λεωφόρος Δημοκρατίας και Λοχαγού Ευστρατιάδου,False,False,
2023/03/01,ΔΙΑΚΟΠΗ ΥΔΡΕΥΣΗΣ,ΠΑΝΟΡΑΜΑ Η,Θρακομακεδόνων και Ιωάννη Πολέμη,False,False,
2023/03/01,ΔΙΑΚΟΠΗ ΥΔΡΕΥΣΗΣ,ΑΧΑΡΝΕΣ,Θρακομακεδόνων και Ιωάννη Πολέμη,False,False,
2023/03/01,ΔΙΑΚΟΠΗ ΥΔΡΕΥΣΗΣ,ΚΟΥΚΑΚΙ,Ζαχαρίτσα και Μάρκου Μπότσαρη,False,False,
2023/03/01,ΔΙΑΚΟΠΗ ΥΔΡΕΥΣΗΣ,ΑΘΗΝΑ,Ζαχαρίτσα και Μάρκου Μπότσαρη,False,False,
2023/03/01,ΔΙΑΚΟΠΗ ΥΔΡΕΥΣΗΣ,ΠΛ. ΚΟΛΙΑΤΣΟΥ,Πάτμου και Σερίφου,False,False,
2023/03/01,ΔΙΑΚΟΠΗ ΥΔΡΕΥΣΗΣ,ΑΘΗΝΑ,Πάτμου και Σερίφου,False,False,
2023/03/01,ΔΙΑΚΟΠΗ ΥΔΡΕΥΣΗΣ,ΑΣΠΡΟΠΥΡΓΟΣ,Κούρων και Αινείου,False,False,
2023/03/01,ΔΙΑΚΟΠΗ ΥΔΡΕΥΣΗΣ,ΑΣΠΡΟΠΥΡΓΟΣ,Κούρων και Αινείου,False,False,
2023/03/01,ΔΙΑΚΟΠΗ ΥΔΡΕΥΣΗΣ,ΑΧΑΡΝΕΣ,Δημοσθένους και Δεκέλειας,False,False,
2023/03/01,ΔΙΑΚΟΠΗ ΥΔΡΕΥΣΗΣ,ΑΧΑΡΝΕΣ,Δημοσθένους και Δεκέλειας,False,False,
2023/03/01,ΔΙΑΚΟΠΗ ΥΔΡΕΥΣΗΣ,ΠΕΤΡΟΥΠΟΛΗ,Θράκης και Σολωμού,False,False,
2023/03/01,ΔΙΑΚΟΠΗ ΥΔΡΕΥΣΗΣ,ΠΕΤΡΟΥΠΟΛΗ,Θράκης και Σολωμού,False,False,
2023/03/01,ΔΙΑΚΟΠΗ ΥΔΡΕΥΣΗΣ,ΑΣΠΡΟΠΥΡΓΟΣ,Πανσέληνου και Παλιγγενεσίας,False,False,
2023/03/01,ΔΙΑΚΟΠΗ ΥΔΡΕΥΣΗΣ,ΑΣΠΡΟΠΥΡΓΟΣ,Πανσέληνου και Παλιγγενεσίας,False,False,
2023/03/01,ΔΙΑΚΟΠΗ ΥΔΡΕΥΣΗΣ,ΧΟΛΑΡΓΟΣ,Λεωφόρος Μεσογείων και Αναστάσεως,False,False,
2023/03/01,ΔΙΑΚΟΠΗ ΥΔΡΕΥΣΗΣ,ΧΟΛΑΡΓΟΣ,Λεωφόρος Μεσογείων και Αναστάσεως,False,False,
2023/03/01,ΔΙΑΚΟΠΗ ΥΔΡΕΥΣΗΣ,ΔΑΦΝΗ,Φιλομήλας και Ζεύξιδος,False,False,
2023/03/01,ΔΙΑΚΟΠΗ ΥΔΡΕΥΣΗΣ,ΔΑΦΝΗ,Φιλομήλας και Ζεύξιδος,False,False,
2023/03/01,ΔΙΑΚΟΠΗ ΥΔΡΕΥΣΗΣ,ΑΜΠΕΛΟΚΗΠΟΙ,Αχαΐας και Τσαγκαράδας,False,False,
2023/03/01,ΔΙΑΚΟΠΗ ΥΔΡΕΥΣΗΣ,ΑΘΗΝΑ,Αχαΐας και Τσαγκαράδας,False,False,
2023/03/01,ΔΙΑΚΟΠΗ ΥΔΡΕΥΣΗΣ,ΚΑΛΛΙΘΕΑ,Σόλωνος και Κέκροπος,False,False,
2023/03/01,ΔΙΑΚΟΠΗ ΥΔΡΕΥΣΗΣ,ΚΑΛΛΙΘΕΑ,Σόλωνος και Κέκροπος,False,False,
2023/03/02,ΔΙΑΚΟΠΗ ΥΔΡΕΥΣΗΣ,ΝΕΟ ΨΥΧΙΚΟ,Αγίας Σοφίας και Κόδρου,False,False,
2023/03/02,ΔΙΑΚΟΠΗ ΥΔΡΕΥΣΗΣ,Ν. ΨΥΧΙΚΟ,Αγίας Σοφίας και Κόδρου,False,False,
2023/03/02,ΔΙΑΚΟΠΗ ΥΔΡΕΥΣΗΣ,ΠΕΙΡΑΙΑΣ,Δήμητρας και Μακρών Τειχών,False,False,
2023/03/02,ΔΙΑΚΟΠΗ ΥΔΡΕΥΣΗΣ,ΠΕΙΡΑΙΑΣ,Δήμητρας και Μακρών Τειχών,False,False,
2023/03/02,ΔΙΑΚΟΠΗ ΥΔΡΕΥΣΗΣ,ΚΑΤΩ ΠΑΤΗΣΙΑ,Λιβαδά και Σοφιανόπουλου,False,False,
2023/03/02,ΔΙΑΚΟΠΗ ΥΔΡΕΥΣΗΣ,ΑΘΗΝΑ,Λιβαδά και Σοφιανόπουλου,False,False,
2023/03/02,ΔΙΑΚΟΠΗ ΥΔΡΕΥΣΗΣ,ΑΣΠΡΟΠΥΡΓΟΣ,"Γενοκτονίας και Σίνα, ΓΚΟΡΥΤΣΑ",False,False,
2023/03/02,ΔΙΑΚΟΠΗ ΥΔΡΕΥΣΗΣ,ΑΣΠΡΟΠΥΡΓΟΣ,"Γενοκτονίας και Σίνα, ΓΚΟΡΥΤΣΑ",False,False,
2023/03/02,ΔΙΑΚΟΠΗ ΥΔΡΕΥΣΗΣ,ΥΜΗΤΤΟΣ,Σαμίου και Μάνης,False,False,
2023/03/02,ΔΙΑΚΟΠΗ ΥΔΡΕΥΣΗΣ,ΥΜΗΤΤΟΣ,Σαμίου και Μάνης,False,False,
2023/03/02,ΔΙΑΚΟΠΗ ΥΔΡΕΥΣΗΣ,ΝΙΚΑΙΑ,Κασταμονής και Μεσολογγίου,False,False,
2023/03/02,ΔΙΑΚΟΠΗ ΥΔΡΕΥΣΗΣ,ΝΙΚΑΙΑ,Κασταμονής και Μεσολογγίου,False,False,
2023/03/02,ΔΙΑΚΟΠΗ ΥΔΡΕΥΣΗΣ,ΚΟΥΚΑΚΙ,Δράκου και Ζαχαρίτσα,False,False,
2023/03/02,ΔΙΑΚΟΠΗ ΥΔΡΕΥΣΗΣ,ΑΘΗΝΑ,Δράκου και Ζαχαρίτσα,False,False,
2023/03/02,ΔΙΑΚΟΠΗ ΥΔΡΕΥΣΗΣ,ΧΑΛΑΝΔΡΙ,Μπιζανίου και Σοφοκλή Βενιζέλου,False,False,
2023/03/02,ΔΙΑΚΟΠΗ ΥΔΡΕΥΣΗΣ,ΚΑΤΩ ΧΑΛΑΝΔΡΙ,Μπιζανίου και Σοφοκλή Βενιζέλου,False,False,
2023/03/02,ΔΙΑΚΟΠΗ ΥΔΡΕΥΣΗΣ,Ν. ΗΡΑΚΛΕΙΟ,Ευτέρπης και Ασπασίας,False,False,
2023/03/02,ΔΙΑΚΟΠΗ ΥΔΡΕΥΣΗΣ,ΗΡΑΚΛΕΙΟ,Ευτέρπης και Ασπασίας,False,False,
2023/03/02,ΔΙΑΚΟΠΗ ΥΔΡΕΥΣΗΣ,ΚΑΛΛΙΘΕΑ,Ταγματάρχου Πλέσσα και Πλάτωνος,False,False,
2023/03/02,ΔΙΑΚΟΠΗ ΥΔΡΕΥΣΗΣ,ΚΑΛΛΙΘΕΑ,Ταγματάρχου Πλέσσα και Πλάτωνος,False,False,
2023/03/02,ΔΙΑΚΟΠΗ ΥΔΡΕΥΣΗΣ,ΜΑΓΟΥΛΑ,Σπετσών και Πάρου,False,False,
2023/03/02,ΔΙΑΚΟΠΗ ΥΔΡΕΥΣΗΣ,ΜΑΓΟΥΛΑ,Σπετσών και Πάρου,False,False,
2023/03/02,ΔΙΑΚΟΠΗ ΥΔΡΕΥΣΗΣ,ΚΗΦΙΣΙΑ,Τατοϊου και Μελά Παύλου,False,True,
2023/03/02,ΔΙΑΚΟΠΗ ΥΔΡΕΥΣΗΣ,ΚΗΦΙΣΙΑ,Τατοϊου και Μελά Παύλου,False,True,
2023/03/02,ΔΙΑΚΟΠΗ ΥΔΡΕΥΣΗΣ,ΑΝΩ ΠΑΤΗΣΙΑ,Σάουμπερτ και Τσακασιάνου,False,False,
2023/03/02,ΔΙΑΚΟΠΗ ΥΔΡΕΥΣΗΣ,ΑΘΗΝΑ,Σάουμπερτ και Τσακασιάνου,False,False,
2023/03/02,ΔΙΑΚΟΠΗ ΥΔΡΕΥΣΗΣ,ΝΕΟ ΨΥΧΙΚΟ,Κόδρου και Αγίας Σοφίας,False,False,
2023/03/02,ΔΙΑΚΟΠΗ ΥΔΡΕΥΣΗΣ,Ν. ΨΥΧΙΚΟ,Κόδρου και Αγίας Σοφίας,False,False,
2023/03/02,ΔΙΑΚΟΠΗ ΥΔΡΕΥΣΗΣ,ΠΕΙΡΑΙΑΣ,Νικηταρά και Ψαρών,False,False,
2023/03/02,ΔΙΑΚΟΠΗ ΥΔΡΕΥΣΗΣ,ΜΑΝΙΑΤΙΚΑ,Νικηταρά και Ψαρών,False,False,
2023/03/03,ΔΙΑΚΟΠΗ ΥΔΡΕΥΣΗΣ,ΜΑΡΟΥΣΙ,Αγίας Ελεούσης και Ιερέως Δούση,False,False,
2023/03/03,ΔΙΑΚΟΠΗ ΥΔΡΕΥΣΗΣ,ΑΝΑΒΡΥΤΑ,Αγίας Ελεούσης και Ιερέως Δούση,False,False,
2023/03/03,ΔΙΑΚΟΠΗ ΥΔΡΕΥΣΗΣ,ΑΙΓΑΛΕΩ,Αγ. Λαύρας & Αρκαδίου (επηρεάζεται ευρύτερο τμήμα),False,False,
2023/03/03,ΔΙΑΚΟΠΗ ΥΔΡΕΥΣΗΣ,ΑΙΓΑΛΕΩ,Αγ. Λαύρας & Αρκαδίου (επηρεάζεται ευρύτερο τμήμα),False,False,
2023/03/03,ΔΙΑΚΟΠΗ ΥΔΡΕΥΣΗΣ,ΑΡΓΥΡΟΥΠΟΛΗ Α,Μ. Μπότσαρη & Κεφαλληνίας,False,False,
2023/03/03,ΔΙΑΚΟΠΗ ΥΔΡΕΥΣΗΣ,ΑΡΓΥΡΟΥΠΟΛΗ,Μ. Μπότσαρη & Κεφαλληνίας,False,False,
2023/03/03,ΔΙΑΚΟΠΗ ΥΔΡΕΥΣΗΣ,ΣΑΛΑΜΙΝΑ,Σαλαμίνος & Βασ. Γεωργίου,False,False,
2023/03/03,ΔΙΑΚΟΠΗ ΥΔΡΕΥΣΗΣ,ΑΙΑΝΤΕΙΟ,Σαλαμίνος & Βασ. Γεωργίου,False,False,
2023/03/03,ΔΙΑΚΟΠΗ ΥΔΡΕΥΣΗΣ,ΠΛ. ΒΙΚΤΩΡΙΑΣ,Ατταλείας & Φιλιππίδου,False,False,
2023/03/03,ΔΙΑΚΟΠΗ ΥΔΡΕΥΣΗΣ,ΑΘΗΝΑ,Ατταλείας & Φιλιππίδου,False,False,
2023/03/03,ΔΙΑΚΟΠΗ ΥΔΡΕΥΣΗΣ,ΦΙΛΟΠΑΠΠΟΥ,Πραμάντων & Βαρνούντος,False,False,
2023/03/03,ΔΙΑΚΟΠΗ ΥΔΡΕΥΣΗΣ,ΑΘΗΝΑ,Πραμάντων & Βαρνούντος,False,False,
2023/03/03,ΔΙΑΚΟΠΗ ΥΔΡΕΥΣΗΣ,ΚΑΛΛΙΘΕΑ,Μαντζαγριωτάκη και Κρέμου,False,False,
2023/03/03,ΔΙΑΚΟΠΗ ΥΔΡΕΥΣΗΣ,ΚΑΛΛΙΘΕΑ,Μαντζαγριωτάκη και Κρέμου,False,False,
2023/03/03,ΔΙΑΚΟΠΗ ΥΔΡΕΥΣΗΣ,ΗΡΑΚΛΕΙΟ,Τεμπών & Σωκράτους,False,False,
2023/03/03,ΔΙΑΚΟΠΗ ΥΔΡΕΥΣΗΣ,ΗΡΑΚΛΕΙΟ,Τεμπών & Σωκράτους,False,False,
2023/03/03,ΔΙΑΚΟΠΗ ΥΔΡΕΥΣΗΣ,ΑΣΠΡΟΠΥΡΓΟΣ,Κούρων & Αινείου,False,False,
2023/03/03,ΔΙΑΚΟΠΗ ΥΔΡΕΥΣΗΣ,ΑΣΠΡΟΠΥΡΓΟΣ,Κούρων & Αινείου,False,False,
2023/03/03,ΔΙΑΚΟΠΗ ΥΔΡΕΥΣΗΣ,ΚΟΡΥΔΑΛΛΟΣ,Πλατεία Ελευθερίου Βενιζέλου & Κεφαλληνίας,False,False,
2023/03/03,ΔΙΑΚΟΠΗ ΥΔΡΕΥΣΗΣ,ΚΟΡΥΔΑΛΛΟΣ,Πλατεία Ελευθερίου Βενιζέλου & Κεφαλληνίας,False,False,
2023/03/03,ΔΙΑΚΟΠΗ ΥΔΡΕΥΣΗΣ,ΜΑΡΟΥΣΙ,Πετρούτσου & Αμαρυσίας Αρτέμιδος,False,False,
2023/03/03,ΔΙΑΚΟΠΗ ΥΔΡΕΥΣΗΣ,ΜΑΡΟΥΣΙ,Πετρούτσου & Αμαρυσίας Αρτέμιδος,False,False,
2023/03/03,ΔΙΑΚΟΠΗ ΥΔΡΕΥΣΗΣ,ΥΜΗΤΤΟΣ,Βλαχερνών & Αρδαμυττίου,False,False,
2023/03/03,ΔΙΑΚΟΠΗ ΥΔΡΕΥΣΗΣ,ΥΜΗΤΤΟΣ,Βλαχερνών & Αρδαμυττίου,False,False,
2023/03/03,ΔΙΑΚΟΠΗ ΥΔΡΕΥΣΗΣ,ΧΟΛΑΡΓΟΣ,Σκρα & Κιλκίς,False,False,
2023/03/03,ΔΙΑΚΟΠΗ ΥΔΡΕΥΣΗΣ,ΧΟΛΑΡΓΟΣ,Σκρα & Κιλκίς,False,False,
2023/03/03,ΔΙΑΚΟΠΗ ΥΔΡΕΥΣΗΣ,ΒΟΥΛΑ,Λυκούργου και Ελευθερίου Βενιζέλου,False,False,
2023/03/03,ΔΙΑΚΟΠΗ ΥΔΡΕΥΣΗΣ,ΒΟΥΛΑ,Λυκούργου και Ελευθερίου Βενιζέλου,False,False,
2023/03/04,ΔΙΑΚΟΠΗ ΥΔΡΕΥΣΗΣ,ΣΑΛΑΜΙΝΑ,Λεωφόρος Αιαντείου και Ηρώων Πολυτεχνείου,False,False,
2023/03/04,ΔΙΑΚΟΠΗ ΥΔΡΕΥΣΗΣ,ΑΙΑΝΤΕΙΟ,Λεωφόρος Αιαντείου και Ηρώων Πολυτεχνείου,False,False,
2023/03/04,ΔΙΑΚΟΠΗ ΥΔΡΕΥΣΗΣ,ΝΕΟ ΨΥΧΙΚΟ,Ν. Μπακοπούλου & Κόδρου,False,False,
2023/03/04,ΔΙΑΚΟΠΗ ΥΔΡΕΥΣΗΣ,Ν. ΨΥΧΙΚΟ,Ν. Μπακοπούλου & Κόδρου,False,False,
2023/03/04,ΔΙΑΚΟΠΗ ΥΔΡΕΥΣΗΣ,ΠΕΙΡΑΙΑΣ,Καποδιστρίου και Ναυαρίνου,False,False,
2023/03/04,ΔΙΑΚΟΠΗ ΥΔΡΕΥΣΗΣ,ΠΕΙΡΑΙΑΣ,Καποδιστρίου και Ναυαρίνου,False,False,
2023/03/04,ΔΙΑΚΟΠΗ ΥΔΡΕΥΣΗΣ,ΗΛΙΟΥΠΟΛΗ,Απολλωνίου και Λεωφ. Κυπρίων Ηρώων,False,False,
2023/03/04,ΔΙΑΚΟΠΗ ΥΔΡΕΥΣΗΣ,ΗΛΙΟΥΠΟΛΗ,Απολλωνίου και Λεωφ. Κυπρίων Ηρώων,False,False,
2023/03/04,ΔΙΑΚΟΠΗ ΥΔΡΕΥΣΗΣ,ΒΟΥΛΑ,Ματρομιχάλη 17 και Ρόδου,False,False,
2023/03/04,ΔΙΑΚΟΠΗ ΥΔΡΕΥΣΗΣ,ΒΟΥΛΑ,Ματρομιχάλη 17 και Ρόδου,False,False,
2023/03/04,ΔΙΑΚΟΠΗ ΥΔΡΕΥΣΗΣ,ΑΡΓΥΡΟΥΠΟΛΗ Π,Κιλκίς και Κυψέλης,False,False,
2023/03/04,ΔΙΑΚΟΠΗ ΥΔΡΕΥΣΗΣ,ΑΡΓΥΡΟΥΠΟΛΗ,Κιλκίς και Κυψέλης,False,False,
2023/03/04,ΔΙΑΚΟΠΗ ΥΔΡΕΥΣΗΣ,ΧΟΛΑΡΓΟΣ,Σκρα και Ναυαρίνου,False,False,
2023/03/04,ΔΙΑΚΟΠΗ ΥΔΡΕΥΣΗΣ,ΧΟΛΑΡΓΟΣ,Σκρα και Ναυαρίνου,False,False,
2023/03/04,ΔΙΑΚΟΠΗ ΥΔΡΕΥΣΗΣ,ΔΑΦΝΗ,Μπουζιάνη Γεωρ. και Λεωφ.Βουλιαγμένης,False,False,
2023/03/04,ΔΙΑΚΟΠΗ ΥΔΡΕΥΣΗΣ,ΔΑΦΝΗ,Μπουζιάνη Γεωρ. και Λεωφ.Βουλιαγμένης,False,False,
2023/03/04,ΔΙΑΚΟΠΗ ΥΔΡΕΥΣΗΣ,ΑΛΙΜΟΣ Α,Δεληγιώργη και Ήρωος Μάτση,False,False,
2023/03/04,ΔΙΑΚΟΠΗ ΥΔΡΕΥΣΗΣ,ΑΛΙΜΟΣ,Δεληγιώργη και Ήρωος Μάτση,False,False,
2023/03/04,ΔΙΑΚΟΠΗ ΥΔΡΕΥΣΗΣ,ΒΥΡΩΝΑΣ,Βοσπόρου και Αγίας Σοφιάς,False,False,
2023/03/04,ΔΙΑΚΟΠΗ ΥΔΡΕΥΣΗΣ,ΒΥΡΩΝΑ,Βοσπόρου και Αγίας Σοφιάς,False,False,
2023/03/05,ΔΙΑΚΟΠΗ ΥΔΡΕΥΣΗΣ,ΑΓΙΟΣ ΔΗΜΗΤΡΙΟΣ,Σοφ. Βενιζέλου και Θεμιστοκλέους,False,False,
2023/03/05,ΔΙΑΚΟΠΗ ΥΔΡΕΥΣΗΣ,ΑΓ. ΔΗΜΗΤΡΙΟΣ Α,Σοφ. Βενιζέλου και Θεμιστοκλέους,False,False,
2023/03/05,ΔΙΑΚΟΠΗ ΥΔΡΕΥΣΗΣ,ΑΣΠΡΟΠΥΡΓΟΣ,Οίης και Β 140,False,False,
2023/03/05,ΔΙΑΚΟΠΗ ΥΔΡΕΥΣΗΣ,ΑΣΠΡΟΠΥΡΓΟΣ,Οίης και Β 140,False,False,
2023/03/05,ΔΙΑΚΟΠΗ ΥΔΡΕΥΣΗΣ,ΗΛΙΟΥΠΟΛΗ,Κονίτσης 10 και Λυκούργου,False,False,
2023/03/05,ΔΙΑΚΟΠΗ ΥΔΡΕΥΣΗΣ,ΗΛΙΟΥΠΟΛΗ,Κονίτσης 10 και Λυκούργου,False,False,
2023/03/05,ΔΙΑΚΟΠΗ ΥΔΡΕΥΣΗΣ,Ν. ΚΟΣΜΟΣ,Πίσσα Ευστρ.  19-21,False,False,
2023/03/05,ΔΙΑΚΟΠΗ ΥΔΡΕΥΣΗΣ,ΑΘΗΝΑ,Πίσσα Ευστρ.  19-21,False,False,
2023/03/05,ΔΙΑΚΟΠΗ ΥΔΡΕΥΣΗΣ,ΜΕΝΙΔΙ,Παπαφλέσσα και Ναπολέοντος,False,False,
2023/03/05,ΔΙΑΚΟΠΗ ΥΔΡΕΥΣΗΣ,ΑΧΑΡΝΕΣ,Παπαφλέσσα και Ναπολέοντος,False,False,
2023/03/05,ΔΙΑΚΟΠΗ ΥΔΡΕΥΣΗΣ,Ν. ΦΙΛΟΘΕΗ Η,Νεαπόλεως και Πεντελικού,False,False,
2023/03/05,ΔΙΑΚΟΠΗ ΥΔΡΕΥΣΗΣ,ΜΑΡΟΥΣΙ,Νεαπόλεως και Πεντελικού,False,False,
2023/03/05,ΔΙΑΚΟΠΗ ΥΔΡΕΥΣΗΣ,ΑΛΙΜΟΣ Π,Γρανικού και Θεσπρωτίας,False,False,
2023/03/05,ΔΙΑΚΟΠΗ ΥΔΡΕΥΣΗΣ,ΑΛΙΜΟΣ,Γρανικού και Θεσπρωτίας,False,False,
2023/03/06,ΔΙΑΚΟΠΗ ΥΔΡΕΥΣΗΣ,ΣΑΛΑΜΙΝΑ,Αγ. Τριάδος & Ακτής Θεμιστοκλέους,False,False,
2023/03/06,ΔΙΑΚΟΠΗ ΥΔΡΕΥΣΗΣ,ΑΜΠΕΛΑΚΙΑ,Αγ. Τριάδος & Ακτής Θεμιστοκλέους,False,False,
2023/03/06,ΔΙΑΚΟΠΗ ΥΔΡΕΥΣΗΣ,ΗΛΙΟΥΠΟΛΗ,Ιάσονος & Καλλέργη,False,False,
2023/03/06,ΔΙΑΚΟΠΗ ΥΔΡΕΥΣΗΣ,ΗΛΙΟΥΠΟΛΗ,Ιάσονος & Καλλέργη,False,False,
2023/03/06,ΔΙΑΚΟΠΗ ΥΔΡΕΥΣΗΣ,ΝΕΑ ΣΜΥΡΝΗ,Καππαδοκίας & Κιλικίας,False,False,
2023/03/06,ΔΙΑΚΟΠΗ ΥΔΡΕΥΣΗΣ,Ν. ΣΜΥΡΝΗ Π,Καππαδοκίας & Κιλικίας,False,False,
2023/03/06,ΔΙΑΚΟΠΗ ΥΔΡΕΥΣΗΣ,ΕΞΑΡΧΕΙΑ,Ιουστινιανού & Ψαλλίδα,False,False,
2023/03/06,ΔΙΑΚΟΠΗ ΥΔΡΕΥΣΗΣ,ΑΘΗΝΑ,Ιουστινιανού & Ψαλλίδα,False,False,
2023/03/06,ΔΙΑΚΟΠΗ ΥΔΡΕΥΣΗΣ,ΕΛΛΗΝΙΚΟ Α,Ριζούντος & Ερμού,False,False,
2023/03/06,ΔΙΑΚΟΠΗ ΥΔΡΕΥΣΗΣ,ΕΛΛΗΝΙΚΟ,Ριζούντος & Ερμού,False,False,
2023/03/06,ΔΙΑΚΟΠΗ ΥΔΡΕΥΣΗΣ,ΜΑΓΟΥΛΑ,Θριασίου Πεδίου και Πανόρμου,False,False,
2023/03/06,ΔΙΑΚΟΠΗ ΥΔΡΕΥΣΗΣ,ΓΛΥΦΑΔΑ,Γεωργίου Γεννηματά και Σμύρνης,False,False,
2023/03/06,ΔΙΑΚΟΠΗ ΥΔΡΕΥΣΗΣ,ΠΕΙΡΑΙΑΣ,Αλιπέδου και Κέκροπος,False,False,
2023/03/06,ΔΙΑΚΟΠΗ ΥΔΡΕΥΣΗΣ,ΠΕΙΡΑΙΑΣ,Αλιπέδου και Κέκροπος,False,False,
2023/03/06,ΔΙΑΚΟΠΗ ΥΔΡΕΥΣΗΣ,ΑΙΓΑΛΕΩ,Αγίας Λαύρας και Αρκαδίου,False,False,
2023/03/06,ΔΙΑΚΟΠΗ ΥΔΡΕΥΣΗΣ,ΑΙΓΑΛΕΩ,Αγίας Λαύρας και Αρκαδίου,False,False,
2023/03/06,ΔΙΑΚΟΠΗ ΥΔΡΕΥΣΗΣ,ΓΛΥΦΑΔΑ,Παμβώτιδος και Βόλου,False,False,
2023/03/06,ΔΙΑΚΟΠΗ ΥΔΡΕΥΣΗΣ,ΚΗΦΙΣΙΑ,Χελιδονούς και Στρέιτ,False,True,
2023/03/06,ΔΙΑΚΟΠΗ ΥΔΡΕΥΣΗΣ,ΚΗΦΙΣΙΑ,Χελιδονούς και Στρέιτ,False,True,
2023/03/06,ΔΙΑΚΟΠΗ ΥΔΡΕΥΣΗΣ,ΑΧΑΡΝΕΣ,Δημοσθένους και Λέκκα,False,False,
2023/03/06,ΔΙΑΚΟΠΗ ΥΔΡΕΥΣΗΣ,ΑΣΠΡΟΠΥΡΓΟΣ,Κούρων και Αινείου,False,False,
2023/03/06,ΔΙΑΚΟΠΗ ΥΔΡΕΥΣΗΣ,ΝΙΚΑΙΑ,Ικονίου και Καρακουλουξή,False,True,
2023/03/06,ΔΙΑΚΟΠΗ ΥΔΡΕΥΣΗΣ,ΑΡΓΥΡΟΥΠΟΛΗ,Κομνηνών και Μικράς Ασίας,False,False,
2023/03/06,ΔΙΑΚΟΠΗ ΥΔΡΕΥΣΗΣ,ΡΙΖΟΥΠΟΛΗ,Τύρας και Αντίσσης,False,True,
2023/03/06,ΔΙΑΚΟΠΗ ΥΔΡΕΥΣΗΣ,ΑΘΗΝΑ,Τύρας και Αντίσσης,False,True,
2023/03/06,ΔΙΑΚΟΠΗ ΥΔΡΕΥΣΗΣ,ΝΙΚΑΙΑ,Κωστή Παλαμά και Διογένους,False,False,
2023/03/06,ΔΙΑΚΟΠΗ ΥΔΡΕΥΣΗΣ,ΠΕΡΙΣΤΕΡΙ,Λοχαγού Δεδούση και Αιτωλών,False,False,
2023/03/06,ΔΙΑΚΟΠΗ ΥΔΡΕΥΣΗΣ,ΑΓ. ΙΕΡΟΘΕΟΣ,Λοχαγού Δεδούση και Αιτωλών,False,False,
2023/03/06,ΔΙΑΚΟΠΗ ΥΔΡΕΥΣΗΣ,ΚΑΜΑΤΕΡΟ,Φαναριωτών και Μπούκας,False,False,
2023/03/06,ΔΙΑΚΟΠΗ ΥΔΡΕΥΣΗΣ,ΓΕΡΟΒΟΥΝΟ,Φαναριωτών και Μπούκας,False,False,
2023/03/07,ΔΙΑΚΟΠΗ ΥΔΡΕΥΣΗΣ,ΝΙΚΑΙΑ,Ηρώων Γράμμου και Μυριοφύτου,False,False,
2023/03/07,ΔΙΑΚΟΠΗ ΥΔΡΕΥΣΗΣ,ΝΙΚΑΙΑ,Ηρώων Γράμμου και Μυριοφύτου,False,False,
2023/03/07,ΔΙΑΚΟΠΗ ΥΔΡΕΥΣΗΣ,ΑΣΠΡΟΠΥΡΓΟΣ,Λεωφόρο Νάτο και Κούρων,False,False,
2023/03/07,ΔΙΑΚΟΠΗ ΥΔΡΕΥΣΗΣ,ΑΣΠΡΟΠΥΡΓΟΣ,Λεωφόρο Νάτο και Κούρων,False,False,
2023/03/07,ΔΙΑΚΟΠΗ ΥΔΡΕΥΣΗΣ,ΑΓΙΑ ΒΑΡΒΑΡΑ,Αγίας Ελεούσης και Προβελεγγίου,False,False,
2023/03/07,ΔΙΑΚΟΠΗ ΥΔΡΕΥΣΗΣ,ΑΓ. ΒΑΡΒΑΡΑ,Αγίας Ελεούσης και Προβελεγγίου,False,False,
2023/03/07,ΔΙΑΚΟΠΗ ΥΔΡΕΥΣΗΣ,ΙΛΙΟΝ,Δεσποτάτου Μυστρά και Κωνσταντινούπολεως,False,True,
2023/03/07,ΔΙΑΚΟΠΗ ΥΔΡΕΥΣΗΣ,ΜΑΓΟΥΛΑ,Αισχύλου και Περικλέους,False,False,
2023/03/07,ΔΙΑΚΟΠΗ ΥΔΡΕΥΣΗΣ,ΜΑΓΟΥΛΑ,Αισχύλου και Περικλέους,False,False,
2023/03/07,ΔΙΑΚΟΠΗ ΥΔΡΕΥΣΗΣ,ΚΥΨΕΛΗ,Σκοπέλου και Κερκύρας,False,False,
2023/03/07,ΔΙΑΚΟΠΗ ΥΔΡΕΥΣΗΣ,ΑΘΗΝΑ,Σκοπέλου και Κερκύρας,False,False,
2023/03/07,ΔΙΑΚΟΠΗ ΥΔΡΕΥΣΗΣ,ΓΛΥΦΑΔΑ,Σάρδεων και Αρκαδίας,False,False,
2023/03/07,ΔΙΑΚΟΠΗ ΥΔΡΕΥΣΗΣ,ΓΛΥΦΑΔΑ,Σάρδεων και Αρκαδίας,False,False,
2023/03/07,ΔΙΑΚΟΠΗ ΥΔΡΕΥΣΗΣ,ΠΑΛΑΙΟ ΦΑΛΗΡΟ,Αθανασιάδου Ήβης και Τερψιχόρης/Αγίας Τριάδος/Ανδρομάχης,False,False,
2023/03/07,ΔΙΑΚΟΠΗ ΥΔΡΕΥΣΗΣ,Π. ΦΑΛΗΡΟ,Αθανασιάδου Ήβης και Τερψιχόρης/Αγίας Τριάδος/Ανδρομάχης,False,False,
2023/03/07,ΔΙΑΚΟΠΗ ΥΔΡΕΥΣΗΣ,ΛΑΜΠΡΙΝΗ,Σιγανέου και Ανδριτσαίνης,False,True,
2023/03/07,ΔΙΑΚΟΠΗ ΥΔΡΕΥΣΗΣ,ΑΘΗΝΑ,Σιγανέου και Ανδριτσαίνης,False,True,
2023/03/07,ΔΙΑΚΟΠΗ ΥΔΡΕΥΣΗΣ,ΚΟΚΚΙΝΑΡΑΣ,Θεοτοκοπούλου και Αρεταίου,False,False,
2023/03/07,ΔΙΑΚΟΠΗ ΥΔΡΕΥΣΗΣ,ΚΗΦΙΣΙΑ,Θεοτοκοπούλου και Αρεταίου,False,False,
2023/03/07,ΔΙΑΚΟΠΗ ΥΔΡΕΥΣΗΣ,ΓΛΥΦΑΔΑ,Δήλου και Ανδρέα Παπανδρέου,False,False,
2023/03/07,ΔΙΑΚΟΠΗ ΥΔΡΕΥΣΗΣ,ΑΝΩ ΓΛΥΦΑΔΑ,Δήλου και Ανδρέα Παπανδρέου,False,False,
2023/03/07,ΔΙΑΚΟΠΗ ΥΔΡΕΥΣΗΣ,ΓΛΥΦΑΔΑ,Βαρασόβης & Μεσσήνης,False,False,
2023/03/07,ΔΙΑΚΟΠΗ ΥΔΡΕΥΣΗΣ,ΑΝΩ ΓΛΥΦΑΔΑ,Βαρασόβης & Μεσσήνης,False,False,
2023/03/08,ΔΙΑΚΟΠΗ ΥΔΡΕΥΣΗΣ,ΝΕΑ ΙΩΝΙΑ,Μετρών και Παναγούλη,False,False,
2023/03/08,ΔΙΑΚΟΠΗ ΥΔΡΕΥΣΗΣ,Ν. ΙΩΝΙΑ,Μετρών και Παναγούλη,False,False,
2023/03/08,ΔΙΑΚΟΠΗ ΥΔΡΕΥΣΗΣ,ΚΥΨΕΛΗ,Δροσοπούλου και Θάσου,False,False,
2023/03/08,ΔΙΑΚΟΠΗ ΥΔΡΕΥΣΗΣ,ΑΘΗΝΑ,Δροσοπούλου και Θάσου,False,False,
2023/03/08,ΔΙΑΚΟΠΗ ΥΔΡΕΥΣΗΣ,ΛΑΜΠΡΙΝΗ,Σιτάκης και Χριστιανουπόλεως,False,True,
2023/03/08,ΔΙΑΚΟΠΗ ΥΔΡΕΥΣΗΣ,ΑΘΗΝΑ,Σιτάκης και Χριστιανουπόλεως,False,True,
2023/03/08,ΔΙΑΚΟΠΗ ΥΔΡΕΥΣΗΣ,ΤΡΕΙΣ ΓΕΦΥΡΕΣ,Κουρτίδου και Νάζου,False,False,
2023/03/08,ΔΙΑΚΟΠΗ ΥΔΡΕΥΣΗΣ,ΑΘΗΝΑ,Κουρτίδου και Νάζου,False,False,
2023/03/08,ΔΙΑΚΟΠΗ ΥΔΡΕΥΣΗΣ,ΓΛΥΚΑ ΝΕΡΑ,Κανάρη και Καραϊσκάκη,False,False,
2023/03/08,ΔΙΑΚΟΠΗ ΥΔΡΕΥΣΗΣ,ΓΛΥΚΑ ΝΕΡΑ,Κανάρη και Καραϊσκάκη,False,False,
2023/03/08,ΔΙΑΚΟΠΗ ΥΔΡΕΥΣΗΣ,ΒΟΤΑΝΙΚΟΣ,Πέτρου Ράλλη και Δημαράκη,False,False,
2023/03/08,ΔΙΑΚΟΠΗ ΥΔΡΕΥΣΗΣ,ΑΘΗΝΑ,Πέτρου Ράλλη και Δημαράκη,False,False,
2023/03/09,ΔΙΑΚΟΠΗ ΥΔΡΕΥΣΗΣ,ΧΑΛΑΝΔΡΙ,Ιωαννίνων και Ταϋγέτου,False,False,
2023/03/09,ΔΙΑΚΟΠΗ ΥΔΡΕΥΣΗΣ,ΧΑΛΑΝΔΡΙ,Ιωαννίνων και Ταϋγέτου,False,False,
2023/03/09,ΔΙΑΚΟΠΗ ΥΔΡΕΥΣΗΣ,ΓΛΥΦΑΔΑ,Καποδιστρίου και Φιλικής Εταιρείας,False,False,
2023/03/09,ΔΙΑΚΟΠΗ ΥΔΡΕΥΣΗΣ,ΓΛΥΦΑΔΑ,Καποδιστρίου και Φιλικής Εταιρείας,False,False,
2023/03/09,ΔΙΑΚΟΠΗ ΥΔΡΕΥΣΗΣ,ΠΕΡΑΜΑ,Μαρίας Κιουρί και Σωκράτους,False,False,
2023/03/09,ΔΙΑΚΟΠΗ ΥΔΡΕΥΣΗΣ,ΠΕΡΑΜΑ,Μαρίας Κιουρί και Σωκράτους,False,False,
2023/03/09,ΔΙΑΚΟΠΗ ΥΔΡΕΥΣΗΣ,ΓΛΥΦΑΔΑ,Γρηγορίου Λαμπράκη και Κύπρου,False,False,
2023/03/09,ΔΙΑΚΟΠΗ ΥΔΡΕΥΣΗΣ,ΓΛΥΦΑΔΑ,Γρηγορίου Λαμπράκη και Κύπρου,False,False,
2023/03/09,ΔΙΑΚΟΠΗ ΥΔΡΕΥΣΗΣ,ΓΛΥΚΑ ΝΕΡΑ,Κανάρη και Καραϊσκάκη,False,False,
2023/03/09,ΔΙΑΚΟΠΗ ΥΔΡΕΥΣΗΣ,ΓΛΥΚΑ ΝΕΡΑ,Κανάρη και Καραϊσκάκη,False,False,
2023/03/09,ΔΙΑΚΟΠΗ ΥΔΡΕΥΣΗΣ,ΔΡΑΠΕΤΣΩΝΑ,Αρίωνος και Καζαντζάκη Ν.,False,False,
2023/03/09,ΔΙΑΚΟΠΗ ΥΔΡΕΥΣΗΣ,ΔΡΑΠΕΤΣΩΝΑ,Αρίωνος και Καζαντζάκη Ν.,False,False,
2023/03/09,ΔΙΑΚΟΠΗ ΥΔΡΕΥΣΗΣ,ΚΑΛΑΜΑΚΙ,Λεωφ.Ποσειδώνος και Λεωφ.Καλαμακίου,False,False,
2023/03/09,ΔΙΑΚΟΠΗ ΥΔΡΕΥΣΗΣ,ΑΛΙΜΟΣ Π,Λεωφ.Ποσειδώνος και Λεωφ.Καλαμακίου,False,False,
2023/03/09,ΔΙΑΚΟΠΗ ΥΔΡΕΥΣΗΣ,ΑΛΙΜΟΣ,Λεωφ.Ποσειδώνος και Λεωφ.Καλαμακίου,False,False,
2023/03/09,ΔΙΑΚΟΠΗ ΥΔΡΕΥΣΗΣ,ΑΓΙΟΣ ΔΗΜΗΤΡΙΟΣ,Πρεβέζης και Μουργκάνας,False,False,
2023/03/09,ΔΙΑΚΟΠΗ ΥΔΡΕΥΣΗΣ,ΑΓ. ΔΗΜΗΤΡΙΟΣ Α,Πρεβέζης και Μουργκάνας,False,False,
2023/03/09,ΔΙΑΚΟΠΗ ΥΔΡΕΥΣΗΣ,ΧΑΙΔΑΡΙΟΥ,Ηρώων Πολυτεχνείου και Σύρου,False,False,
2023/03/09,ΔΙΑΚΟΠΗ ΥΔΡΕΥΣΗΣ,ΧΑΙΔΑΡΙ,Ηρώων Πολυτεχνείου και Σύρου,False,False,
2023/03/09,ΔΙΑΚΟΠΗ ΥΔΡΕΥΣΗΣ,ΑΧΑΡΝΕΣ,Αγ.Αποστόλων και Αλέας,False,False,
2023/03/09,ΔΙΑΚΟΠΗ ΥΔΡΕΥΣΗΣ,ΑΧΑΡΝΕΣ,Αγ.Αποστόλων και Αλέας,False,False,
2023/03/09,ΔΙΑΚΟΠΗ ΥΔΡΕΥΣΗΣ,ΛΑΜΠΡΙΝΗ,Σαβαγηνών και Χριστιανουπόλεως,False,True,
2023/03/09,ΔΙΑΚΟΠΗ ΥΔΡΕΥΣΗΣ,ΑΘΗΝΑ,Σαβαγηνών και Χριστιανουπόλεως,False,True,
2023/03/09,ΔΙΑΚΟΠΗ ΥΔΡΕΥΣΗΣ,ΤΑΥΡΟΣ,Πέτρου Ράλλη και Κρήτης,False,False,
2023/03/09,ΔΙΑΚΟΠΗ ΥΔΡΕΥΣΗΣ,ΤΑΥΡΟΣ,Πέτρου Ράλλη και Κρήτης,False,False,
2023/03/09,ΔΙΑΚΟΠΗ ΥΔΡΕΥΣΗΣ,ΗΛΙΟΥΠΟΛΗ,Δαιδάλου και Λουκιανού,False,False,
2023/03/09,ΔΙΑΚΟΠΗ ΥΔΡΕΥΣΗΣ,ΗΛΙΟΥΠΟΛΗ,Δαιδάλου και Λουκιανού,False,False,
2023/03/09,ΔΙΑΚΟΠΗ ΥΔΡΕΥΣΗΣ,ΠΕΤΡΟΥΠΟΛΗ,Κερασόβου και Ν. Πλουμπίδη,False,False,
2023/03/09,ΔΙΑΚΟΠΗ ΥΔΡΕΥΣΗΣ,ΠΕΤΡΟΥΠΟΛΗ,Κερασόβου και Ν. Πλουμπίδη,False,False,
2023/03/09,ΔΙΑΚΟΠΗ ΥΔΡΕΥΣΗΣ,ΝΕΑ ΙΩΝΙΑ,Αλέκου Παναγούλη και Μετρών,False,False,
2023/03/09,ΔΙΑΚΟΠΗ ΥΔΡΕΥΣΗΣ,Ν. ΙΩΝΙΑ,Αλέκου Παναγούλη και Μετρών,False,False,
2023/03/09,ΔΙΑΚΟΠΗ ΥΔΡΕΥΣΗΣ,ΤΡΕΙΣ ΓΕΦΥΡΕΣ,Όθωνος Σταθάτου και Κουρτίδου,False,False,
2023/03/09,ΔΙΑΚΟΠΗ ΥΔΡΕΥΣΗΣ,ΑΘΗΝΑ,Όθωνος Σταθάτου και Κουρτίδου,False,False,
2023/03/10,ΔΙΑΚΟΠΗ ΥΔΡΕΥΣΗΣ,ΓΛΥΦΑΔΑ,Χίου & Κυνουρίας,False,False,
2023/03/10,ΔΙΑΚΟΠΗ ΥΔΡΕΥΣΗΣ,ΑΝΩ ΓΛΥΦΑΔΑ,Χίου & Κυνουρίας,False,False,
2023/03/10,ΔΙΑΚΟΠΗ ΥΔΡΕΥΣΗΣ,ΝΙΚΑΙΑ,Καρακουλουξή &  Γέμελου,False,False,
2023/03/10,ΔΙΑΚΟΠΗ ΥΔΡΕΥΣΗΣ,ΝΙΚΑΙΑ,Καρακουλουξή &  Γέμελου,False,False,
2023/03/10,ΔΙΑΚΟΠΗ ΥΔΡΕΥΣΗΣ,ΠΕΡΑΜΑ,Σοφ. Βενιζέλου & Θεσσαλίας,False,False,
2023/03/10,ΔΙΑΚΟΠΗ ΥΔΡΕΥΣΗΣ,ΠΕΡΑΜΑ,Σοφ. Βενιζέλου & Θεσσαλίας,False,False,
2023/03/10,ΔΙΑΚΟΠΗ ΥΔΡΕΥΣΗΣ,ΑΝΑΚΑΣΑ,Μαραθωνομάχων και Κνωσού,False,False,
2023/03/10,ΔΙΑΚΟΠΗ ΥΔΡΕΥΣΗΣ,ΑΓΙΟΙ ΑΝΑΡΓΥΡΟΙ,Μαραθωνομάχων και Κνωσού,False,False,
2023/03/10,ΔΙΑΚΟΠΗ ΥΔΡΕΥΣΗΣ,ΑΣΠΡΟΠΥΡΓΟΣ,"Πάροδος Λεωφ. ΝΑΤΟ και Λεωφ.ΝΑΤΟ , ΠΕΡΙΟΧΗ 1ΗΣ ΕΜΑΚ",False,False,
2023/03/10,ΔΙΑΚΟΠΗ ΥΔΡΕΥΣΗΣ,ΑΣΠΡΟΠΥΡΓΟΣ,"Πάροδος Λεωφ. ΝΑΤΟ και Λεωφ.ΝΑΤΟ , ΠΕΡΙΟΧΗ 1ΗΣ ΕΜΑΚ",False,False,
2023/03/10,ΔΙΑΚΟΠΗ ΥΔΡΕΥΣΗΣ,ΠΕΙΡΑΙΑΣ,Άρτης και Κορυτσάς,False,False,
2023/03/10,ΔΙΑΚΟΠΗ ΥΔΡΕΥΣΗΣ,ΚΟΚΚΙΝΙΑ,Άρτης και Κορυτσάς,False,False,
2023/03/10,ΔΙΑΚΟΠΗ ΥΔΡΕΥΣΗΣ,ΣΑΛΑΜΙΝΑ,Λεωφ. Αιαντείου & Σαχτούρη (ΑΓΙΟΣ ΑΘΑΝΑΣΙΟΣ),False,False,
2023/03/10,ΔΙΑΚΟΠΗ ΥΔΡΕΥΣΗΣ,ΣΑΛΑΜΙΝΑ,Λεωφ. Αιαντείου & Σαχτούρη (ΑΓΙΟΣ ΑΘΑΝΑΣΙΟΣ),False,False,
2023/03/10,ΔΙΑΚΟΠΗ ΥΔΡΕΥΣΗΣ,ΑΙΑΝΤΕΙΟ,Λεωφ. Αιαντείου & Σαχτούρη (ΑΓΙΟΣ ΑΘΑΝΑΣΙΟΣ),False,False,
2023/03/10,ΔΙΑΚΟΠΗ ΥΔΡΕΥΣΗΣ,ΚΑΝΑΠΙΤΣΑ,Αριστείδου και Ευριπίδου,False,False,
2023/03/10,ΔΙΑΚΟΠΗ ΥΔΡΕΥΣΗΣ,ΗΡΑΚΛΕΙΟ,Αριστείδου και Ευριπίδου,False,False,
2023/03/10,ΔΙΑΚΟΠΗ ΥΔΡΕΥΣΗΣ,Ν. ΚΟΣΜΟΣ,Τυμφρηστού και Πλ. Κυνοσάργους,False,False,
2023/03/10,ΔΙΑΚΟΠΗ ΥΔΡΕΥΣΗΣ,ΑΘΗΝΑ,Τυμφρηστού και Πλ. Κυνοσάργους,False,False,
2023/03/10,ΔΙΑΚΟΠΗ ΥΔΡΕΥΣΗΣ,ΚΑΛΛΙΘΕΑ,Αριστείδου και Ευαγγελιστρίας,False,False,
2023/03/10,ΔΙΑΚΟΠΗ ΥΔΡΕΥΣΗΣ,ΚΑΛΛΙΘΕΑ,Αριστείδου και Ευαγγελιστρίας,False,False,
2023/03/10,ΔΙΑΚΟΠΗ ΥΔΡΕΥΣΗΣ,ΜΟΣΧΑΤΟ,Αράχθου και Πύργου,False,False,
2023/03/10,ΔΙΑΚΟΠΗ ΥΔΡΕΥΣΗΣ,ΜΟΣΧΑΤΟ,Αράχθου και Πύργου,False,False,
2023/03/10,ΔΙΑΚΟΠΗ ΥΔΡΕΥΣΗΣ,ΠΕΡΙΣΤΕΡΙ,Αγ. Σοφίας και Μαδύτου,False,False,
2023/03/10,ΔΙΑΚΟΠΗ ΥΔΡΕΥΣΗΣ,ΠΕΡΙΣΤΕΡΙ,Αγ. Σοφίας και Μαδύτου,False,False,
2023/03/10,ΔΙΑΚΟΠΗ ΥΔΡΕΥΣΗΣ,ΑΣΠΡΟΠΥΡΓΟΣ,Σητείας και Τροίας,False,False,
2023/03/10,ΔΙΑΚΟΠΗ ΥΔΡΕΥΣΗΣ,ΑΣΠΡΟΠΥΡΓΟΣ,Σητείας και Τροίας,False,False,
2023/03/10,ΔΙΑΚΟΠΗ ΥΔΡΕΥΣΗΣ,ΧΑΛΑΝΔΡΙ,Δάσους και Ηρώδου Αττικού,False,False,
2023/03/10,ΔΙΑΚΟΠΗ ΥΔΡΕΥΣΗΣ,ΧΑΛΑΝΔΡΙ,Δάσους και Ηρώδου Αττικού,False,False,
2023/03/10,ΔΙΑΚΟΠΗ ΥΔΡΕΥΣΗΣ,ΚΟΛΙΑΤΣΟΥ,Δροσοπούλου και Πάρου,False,False,
2023/03/10,ΔΙΑΚΟΠΗ ΥΔΡΕΥΣΗΣ,ΑΘΗΝΑ,Δροσοπούλου και Πάρου,False,False,
2023/03/10,ΔΙΑΚΟΠΗ ΥΔΡΕΥΣΗΣ,ΖΩΓΡΑΦΟΣ,Παπαδιαμαντοπούλου και Δημ.Μπέη( πρωην Κλεοβούλης ),False,False,
2023/03/10,ΔΙΑΚΟΠΗ ΥΔΡΕΥΣΗΣ,ΓΟΥΔΙ,Παπαδιαμαντοπούλου και Δημ.Μπέη( πρωην Κλεοβούλης ),False,False,
2023/03/10,ΔΙΑΚΟΠΗ ΥΔΡΕΥΣΗΣ,ΑΘΗΝΑ,Μηλιαράκη και Οικονομίδου Βασ.,False,False,
2023/03/10,ΔΙΑΚΟΠΗ ΥΔΡΕΥΣΗΣ,ΑΓ. ΕΛΕΥΘΕΡΙΟΣ,Μηλιαράκη και Οικονομίδου Βασ.,False,False,
2023/03/10,ΔΙΑΚΟΠΗ ΥΔΡΕΥΣΗΣ,Ν. ΦΙΛΟΘΕΗ Α,Δοσιθέου και Μοισιόδακος,False,False,
2023/03/10,ΔΙΑΚΟΠΗ ΥΔΡΕΥΣΗΣ,ΑΜΠΕΛΟΚΗΠΟΙ,Δοσιθέου και Μοισιόδακος,False,False,
2023/03/10,ΔΙΑΚΟΠΗ ΥΔΡΕΥΣΗΣ,ΑΘΗΝΑ,Δοσιθέου και Μοισιόδακος,False,False,
2023/03/10,ΔΙΑΚΟΠΗ ΥΔΡΕΥΣΗΣ,ΠΕΥΚΗΣ,Πίνδου και Εθνικής Αντιστάσεως,False,False,
2023/03/10,ΔΙΑΚΟΠΗ ΥΔΡΕΥΣΗΣ,ΠΕΥΚΗ,Πίνδου και Εθνικής Αντιστάσεως,False,False,
2023/03/11,ΔΙΑΚΟΠΗ ΥΔΡΕΥΣΗΣ,ΑΓΙΑ ΒΑΡΒΑΡΑ,Διστόμου και Ανδρέα Δημητρίου,False,False,
2023/03/11,ΔΙΑΚΟΠΗ ΥΔΡΕΥΣΗΣ,ΑΓ. ΒΑΡΒΑΡΑ,Διστόμου και Ανδρέα Δημητρίου,False,False,
2023/03/11,ΔΙΑΚΟΠΗ ΥΔΡΕΥΣΗΣ,Ν. ΚΟΣΜΟΣ,Κλεοβούλου 19-23,False,False,
2023/03/11,ΔΙΑΚΟΠΗ ΥΔΡΕΥΣΗΣ,ΑΘΗΝΑ,Κλεοβούλου 19-23,False,False,
2023/03/11,ΔΙΑΚΟΠΗ ΥΔΡΕΥΣΗΣ,ΜΕΝΙΔΙ,Ηρών Πολυτεχνείου και Μουστακάτου,False,False,
2023/03/11,ΔΙΑΚΟΠΗ ΥΔΡΕΥΣΗΣ,ΑΧΑΡΝΕΣ,Ηρών Πολυτεχνείου και Μουστακάτου,False,False,
2023/03/11,ΔΙΑΚΟΠΗ ΥΔΡΕΥΣΗΣ,ΣΤΑΘΜΟΣ ΛΑΡΙΣΗΣ,Χαρίσσης και Μιχαήλ Βόδα,False,False,
2023/03/11,ΔΙΑΚΟΠΗ ΥΔΡΕΥΣΗΣ,ΑΘΗΝΑ,Χαρίσσης και Μιχαήλ Βόδα,False,False,
2023/03/11,ΔΙΑΚΟΠΗ ΥΔΡΕΥΣΗΣ,ΜΟΣΧΑΤΟ,Κοοραή και Αργοστολίου,False,False,
2023/03/11,ΔΙΑΚΟΠΗ ΥΔΡΕΥΣΗΣ,ΜΟΣΧΑΤΟ,Κοοραή και Αργοστολίου,False,False,
2023/03/11,ΔΙΑΚΟΠΗ ΥΔΡΕΥΣΗΣ,ΑΓΙΑ ΒΑΡΒΑΡΑ,Περικλέους και Αριστοφάνους,False,False,
2023/03/11,ΔΙΑΚΟΠΗ ΥΔΡΕΥΣΗΣ,ΑΓ. ΒΑΡΒΑΡΑ,Περικλέους και Αριστοφάνους,False,False,
2023/03/11,ΔΙΑΚΟΠΗ ΥΔΡΕΥΣΗΣ,ΑΣΠΡΟΠΥΡΓΟΣ,Λυσίου περιοχή Νέα Ζωή,False,False,
2023/03/11,ΔΙΑΚΟΠΗ ΥΔΡΕΥΣΗΣ,ΑΣΠΡΟΠΥΡΓΟΣ,Λυσίου περιοχή Νέα Ζωή,False,False,
2023/03/11,ΔΙΑΚΟΠΗ ΥΔΡΕΥΣΗΣ,ΝΙΚΑΙΑ,Πατριάρχου Γρηγορίου Ε' και Κυράς της Ρώ,False,False,
2023/03/11,ΔΙΑΚΟΠΗ ΥΔΡΕΥΣΗΣ,ΝΙΚΑΙΑ,Πατριάρχου Γρηγορίου Ε' και Κυράς της Ρώ,False,False,
2023/03/11,ΔΙΑΚΟΠΗ ΥΔΡΕΥΣΗΣ,ΧΑΛΑΝΔΡΙ,Ράχης και Δάσους,False,False,
2023/03/11,ΔΙΑΚΟΠΗ ΥΔΡΕΥΣΗΣ,ΧΑΛΑΝΔΡΙ,Ράχης και Δάσους,False,False,
2023/03/11,ΔΙΑΚΟΠΗ ΥΔΡΕΥΣΗΣ,ΤΡΕΙΣ ΓΕΦΥΡΕΣ,Μηλιαράκη και Κουρτίδου,False,False,
2023/03/11,ΔΙΑΚΟΠΗ ΥΔΡΕΥΣΗΣ,ΑΘΗΝΑ,Μηλιαράκη και Κουρτίδου,False,False,
2023/03/12,ΔΙΑΚΟΠΗ ΥΔΡΕΥΣΗΣ,ΠΛ. ΑΜΕΡΙΚΗΣ,Ι. Δροσοπούλου και Ίμβρου,False,False,
2023/03/12,ΔΙΑΚΟΠΗ ΥΔΡΕΥΣΗΣ,ΑΘΗΝΑ,Ι. Δροσοπούλου και Ίμβρου,False,False,
2023/03/12,ΔΙΑΚΟΠΗ ΥΔΡΕΥΣΗΣ,ΣΑΛΑΜΙΝΑ,Λεωφ. Αιαντείου και Θεμιστοκλέους,False,False,
2023/03/12,ΔΙΑΚΟΠΗ ΥΔΡΕΥΣΗΣ,ΣΑΛΑΜΙΝΑ,Λεωφ. Αιαντείου και Θεμιστοκλέους,False,False,
2023/03/12,ΔΙΑΚΟΠΗ ΥΔΡΕΥΣΗΣ,ΜΕΝΙΔΙ,Εθνικής Αντιστάσεως και Παγκάλου,False,False,
2023/03/12,ΔΙΑΚΟΠΗ ΥΔΡΕΥΣΗΣ,ΑΧΑΡΝΕΣ,Εθνικής Αντιστάσεως και Παγκάλου,False,False,
2023/03/12,ΔΙΑΚΟΠΗ ΥΔΡΕΥΣΗΣ,ΕΛΕΥΣΙΝΑ,Δήμητρος και Ρήγα Φεραίου,False,False,
2023/03/12,ΔΙΑΚΟΠΗ ΥΔΡΕΥΣΗΣ,ΕΛΕΥΣΙΝΑ,Δήμητρος και Ρήγα Φεραίου,False,False,
2023/03/12,ΔΙΑΚΟΠΗ ΥΔΡΕΥΣΗΣ,ΗΛΙΟΥΠΟΛΗ,Πύρρωνος και Γρίβα,False,False,
2023/03/12,ΔΙΑΚΟΠΗ ΥΔΡΕΥΣΗΣ,ΗΛΙΟΥΠΟΛΗ,Πύρρωνος και Γρίβα,False,False,
2023/03/12,ΔΙΑΚΟΠΗ ΥΔΡΕΥΣΗΣ,ΧΑΛΑΝΔΡΙ,Δάσους και Ράχης,False,False,
2023/03/12,ΔΙΑΚΟΠΗ ΥΔΡΕΥΣΗΣ,ΧΑΛΑΝΔΡΙ,Δάσους και Ράχης,False,False,
2023/03/12,ΔΙΑΚΟΠΗ ΥΔΡΕΥΣΗΣ,ΠΛ. ΒΙΚΤΩΡΙΑΣ,Ελλοπίας και Μιχαήλ Βόδα,False,False,
2023/03/12,ΔΙΑΚΟΠΗ ΥΔΡΕΥΣΗΣ,ΑΘΗΝΑ,Ελλοπίας και Μιχαήλ Βόδα,False,False,
2023/03/12,ΔΙΑΚΟΠΗ ΥΔΡΕΥΣΗΣ,ΝΕΑ ΠΕΡΑΜΟΣ,ΟΜΗΡΟΥ & ΑΡΙΣΤΟΤΕΛΟΥΣ,False,False,
2023/03/12,ΔΙΑΚΟΠΗ ΥΔΡΕΥΣΗΣ,Ν. ΠΕΡΑΜΟΣ,ΟΜΗΡΟΥ & ΑΡΙΣΤΟΤΕΛΟΥΣ,False,False,
2023/03/13,ΔΙΑΚΟΠΗ ΥΔΡΕΥΣΗΣ,ΧΑΛΑΝΔΡΙ,Αρτεμισίου και Ιωαννίνων,False,False,
2023/03/13,ΔΙΑΚΟΠΗ ΥΔΡΕΥΣΗΣ,ΧΑΛΑΝΔΡΙ,Αρτεμισίου και Ιωαννίνων,False,False,
2023/03/13,ΔΙΑΚΟΠΗ ΥΔΡΕΥΣΗΣ,ΑΛΙΜΟΣ Π,Ζαλόγγου και Χρυσάφη,False,False,
2023/03/13,ΔΙΑΚΟΠΗ ΥΔΡΕΥΣΗΣ,ΑΛΙΜΟΣ,Ζαλόγγου και Χρυσάφη,False,False,
2023/03/13,ΔΙΑΚΟΠΗ ΥΔΡΕΥΣΗΣ,ΚΟΛΩΝΟΣ,Μεγίστης Λαύρας και Βορείου Ηπείρου,False,False,
2023/03/13,ΔΙΑΚΟΠΗ ΥΔΡΕΥΣΗΣ,ΑΘΗΝΑ,Μεγίστης Λαύρας και Βορείου Ηπείρου,False,False,
2023/03/13,ΔΙΑΚΟΠΗ ΥΔΡΕΥΣΗΣ,ΚΑΜΑΤΕΡΟ,Φυλής και 28ης Οκτωβρίου,False,False,
2023/03/13,ΔΙΑΚΟΠΗ ΥΔΡΕΥΣΗΣ,ΚΑΜΑΤΕΡΟ,Φυλής και 28ης Οκτωβρίου,False,False,
2023/03/13,ΔΙΑΚΟΠΗ ΥΔΡΕΥΣΗΣ,ΜΕΣΟΝΥΧΙ,"Πολυδούρη Μαρίας και Πλαταιών, ΜΠΟΣΚΙΖΑ",False,False,
2023/03/13,ΔΙΑΚΟΠΗ ΥΔΡΕΥΣΗΣ,ΑΧΑΡΝΕΣ,"Πολυδούρη Μαρίας και Πλαταιών, ΜΠΟΣΚΙΖΑ",False,False,
2023/03/13,ΔΙΑΚΟΠΗ ΥΔΡΕΥΣΗΣ,ΑΧΑΡΝΕΣ,"Πολυδούρη Μαρίας και Πλαταιών, ΜΠΟΣΚΙΖΑ",False,False,
2023/03/13,ΔΙΑΚΟΠΗ ΥΔΡΕΥΣΗΣ,ΓΑΛΑΤΣΙ,Φαρρών και Μυκόνου,False,False,
2023/03/13,ΔΙΑΚΟΠΗ ΥΔΡΕΥΣΗΣ,ΑΚΤΗΜΟΝΩΝ,Φαρρών και Μυκόνου,False,False,
2023/03/13,ΔΙΑΚΟΠΗ ΥΔΡΕΥΣΗΣ,ΝΙΚΑΙΑ,Εφέσου και Αμυραδάκη,False,False,
2023/03/13,ΔΙΑΚΟΠΗ ΥΔΡΕΥΣΗΣ,ΝΙΚΑΙΑ,Εφέσου και Αμυραδάκη,False,False,
2023/03/13,ΔΙΑΚΟΠΗ ΥΔΡΕΥΣΗΣ,ΘΗΣΕΙΟ,Ακάμαντος και Αγήνορος,False,False,
2023/03/13,ΔΙΑΚΟΠΗ ΥΔΡΕΥΣΗΣ,ΑΘΗΝΑ,Ακάμαντος και Αγήνορος,False,False,
2023/03/13,ΔΙΑΚΟΠΗ ΥΔΡΕΥΣΗΣ,ΜΕΤΑΜΟΡΦΩΣΗ,Δεξαμενής - Παπαδιαμάντη - Σπ. Μελά - Φιλίας,False,False,
2023/03/13,ΔΙΑΚΟΠΗ ΥΔΡΕΥΣΗΣ,ΜΕΤΑΜΟΡΦΩΣΗ,Δεξαμενής - Παπαδιαμάντη - Σπ. Μελά - Φιλίας,False,False,
2023/03/13,ΔΙΑΚΟΠΗ ΥΔΡΕΥΣΗΣ,ΑΣΠΡΟΠΥΡΓΟΣ,Κούρων και Νάτο,False,False,
2023/03/13,ΔΙΑΚΟΠΗ ΥΔΡΕΥΣΗΣ,ΑΣΠΡΟΠΥΡΓΟΣ,Κούρων και Νάτο,False,False,
2023/03/13,ΔΙΑΚΟΠΗ ΥΔΡΕΥΣΗΣ,ΤΕΡΨΙΘΕΑ,Κωνσταντίνου Παλαιολόγου και Λάσκαρη,False,True,
2023/03/13,ΔΙΑΚΟΠΗ ΥΔΡΕΥΣΗΣ,ΓΛΥΦΑΔΑ,Κωνσταντίνου Παλαιολόγου και Λάσκαρη,False,True,
2023/03/13,ΔΙΑΚΟΠΗ ΥΔΡΕΥΣΗΣ,ΣΕΠΟΛΙΑ,Πάροδος Δυρραχίου 60 -62,False,True,
2023/03/13,ΔΙΑΚΟΠΗ ΥΔΡΕΥΣΗΣ,ΑΘΗΝΑ,Πάροδος Δυρραχίου 60 -62,False,True,
2023/03/14,ΔΙΑΚΟΠΗ ΥΔΡΕΥΣΗΣ,ΑΧΑΡΝΕΣ,Κολοκοτρώνη και Αριστοτέλους,False,False,
2023/03/14,ΔΙΑΚΟΠΗ ΥΔΡΕΥΣΗΣ,ΑΧΑΡΝΕΣ,Κολοκοτρώνη και Αριστοτέλους,False,False,
2023/03/14,ΔΙΑΚΟΠΗ ΥΔΡΕΥΣΗΣ,ΑΣΠΡΟΠΥΡΓΟΣ,Κούρων και Λυσίου,False,False,
2023/03/14,ΔΙΑΚΟΠΗ ΥΔΡΕΥΣΗΣ,ΑΣΠΡΟΠΥΡΓΟΣ,Κούρων και Λυσίου,False,False,
2023/03/14,ΔΙΑΚΟΠΗ ΥΔΡΕΥΣΗΣ,ΓΛΥΚΑ ΝΕΡΑ,Κρήτης και Κύπρου,False,False,
2023/03/14,ΔΙΑΚΟΠΗ ΥΔΡΕΥΣΗΣ,ΓΛΥΚΑ ΝΕΡΑ,Κρήτης και Κύπρου,False,False,
2023/03/14,ΔΙΑΚΟΠΗ ΥΔΡΕΥΣΗΣ,ΚΗΦΙΣΙΑ,Ηρώδου Αττικού και Μενάνδρου,False,False,
2023/03/14,ΔΙΑΚΟΠΗ ΥΔΡΕΥΣΗΣ,ΚΗΦΙΣΙΑ,Ηρώδου Αττικού και Μενάνδρου,False,False,
2023/03/14,ΔΙΑΚΟΠΗ ΥΔΡΕΥΣΗΣ,ΧΟΛΑΡΓΟΣ,Τερψιχόρης και Κουντουριώτου,False,False,
2023/03/14,ΔΙΑΚΟΠΗ ΥΔΡΕΥΣΗΣ,ΧΟΛΑΡΓΟΣ,Τερψιχόρης και Κουντουριώτου,False,False,
2023/03/14,ΔΙΑΚΟΠΗ ΥΔΡΕΥΣΗΣ,ΕΛΕΥΣΙΝΑ,Ηρώων Πολυτεχνείου και Κορίνθου,False,True,
2023/03/14,ΔΙΑΚΟΠΗ ΥΔΡΕΥΣΗΣ,ΕΛΕΥΣΙΝΑ,Ηρώων Πολυτεχνείου και Κορίνθου,False,True,
2023/03/14,ΔΙΑΚΟΠΗ ΥΔΡΕΥΣΗΣ,Π. ΗΡΑΚΛΕΙΟ,Δαμασκηνού 14 και Παλαμά Κωστή,False,False,
2023/03/14,ΔΙΑΚΟΠΗ ΥΔΡΕΥΣΗΣ,ΗΡΑΚΛΕΙΟ,Δαμασκηνού 14 και Παλαμά Κωστή,False,False,
2023/03/14,ΧΑΜΗΛΕΣ ΠΙΕΣΕΙΣ,ΠΕΤΡΟΥΠΟΛΗ,Διγενή Ακρίτα και Αγ.Τριάδος,False,False,
2023/03/14,ΧΑΜΗΛΕΣ ΠΙΕΣΕΙΣ,ΠΕΤΡΟΥΠΟΛΗ,Διγενή Ακρίτα και Αγ.Τριάδος,False,False,
2023/03/14,ΔΙΑΚΟΠΗ ΥΔΡΕΥΣΗΣ,ΕΛΕΥΣΙΝΑ,Ηρώων Πολυτεχνείου και Πλάτωνος,False,False,
2023/03/14,ΔΙΑΚΟΠΗ ΥΔΡΕΥΣΗΣ,ΕΛΕΥΣΙΝΑ,Ηρώων Πολυτεχνείου και Πλάτωνος,False,False,
2023/03/14,ΔΙΑΚΟΠΗ ΥΔΡΕΥΣΗΣ,ΒΟΥΛΑ,Καλύμνου και Διγενή (Επηρεάζεται η ευρύτερη περιοχή της Βούλας),False,False,
2023/03/14,ΔΙΑΚΟΠΗ ΥΔΡΕΥΣΗΣ,ΒΟΥΛΑ,Καλύμνου και Διγενή (Επηρεάζεται η ευρύτερη περιοχή της Βούλας),False,False,
2023/03/14,ΔΙΑΚΟΠΗ ΥΔΡΕΥΣΗΣ,ΖΩΓΡΑΦΟΥ,Σεβαστείας και Μάνου Κατράκη,False,False,
2023/03/14,ΔΙΑΚΟΠΗ ΥΔΡΕΥΣΗΣ,ΖΩΓΡΑΦΟΣ,Σεβαστείας και Μάνου Κατράκη,False,False,
2023/03/14,ΔΙΑΚΟΠΗ ΥΔΡΕΥΣΗΣ,ΝΕΑΠΟΛΗ,Θεμιστοκλέους και Δερβενίων,False,False,
2023/03/14,ΔΙΑΚΟΠΗ ΥΔΡΕΥΣΗΣ,ΑΘΗΝΑ,Θεμιστοκλέους και Δερβενίων,False,False,
2023/03/15,ΔΙΑΚΟΠΗ ΥΔΡΕΥΣΗΣ,Ν. ΚΟΣΜΟΣ,Ιγγλέση και Σισμάνη,False,False,
2023/03/15,ΔΙΑΚΟΠΗ ΥΔΡΕΥΣΗΣ,ΑΘΗΝΑ,Ιγγλέση και Σισμάνη,False,False,
2023/03/15,ΔΙΑΚΟΠΗ ΥΔΡΕΥΣΗΣ,ΠΑΛΑΙΟ ΦΑΛΗΡΟ,Ορφέως και Δημοκρατίας,False,False,
2023/03/15,ΔΙΑΚΟΠΗ ΥΔΡΕΥΣΗΣ,Π. ΦΑΛΗΡΟ,Ορφέως και Δημοκρατίας,False,False,
2023/03/15,ΔΙΑΚΟΠΗ ΥΔΡΕΥΣΗΣ,ΚΥΨΕΛΗ,Κεφαλληνίας και Επτανήσου,False,False,
2023/03/15,ΔΙΑΚΟΠΗ ΥΔΡΕΥΣΗΣ,ΑΘΗΝΑ,Κεφαλληνίας και Επτανήσου,False,False,
2023/03/15,ΔΙΑΚΟΠΗ ΥΔΡΕΥΣΗΣ,ΕΛΕΥΣΙΝΑ,Ηρώων Πολυτεχνείου και Ιωάννη Αγάθου,False,True,
2023/03/15,ΔΙΑΚΟΠΗ ΥΔΡΕΥΣΗΣ,ΕΛΕΥΣΙΝΑ,Ηρώων Πολυτεχνείου και Ιωάννη Αγάθου,False,True,
2023/03/15,ΔΙΑΚΟΠΗ ΥΔΡΕΥΣΗΣ,ΠΕΙΡΑΙΑΣ,Κω και Ταϋγέτου,False,False,
2023/03/15,ΔΙΑΚΟΠΗ ΥΔΡΕΥΣΗΣ,ΜΑΝΙΑΤΙΚΑ,Κω και Ταϋγέτου,False,False,
2023/03/15,ΔΙΑΚΟΠΗ ΥΔΡΕΥΣΗΣ,ΠΟΛΥΓΩΝΟ,Μοισιόδακος και Παπαρσένη,False,False,
2023/03/15,ΔΙΑΚΟΠΗ ΥΔΡΕΥΣΗΣ,ΑΘΗΝΑ,Μοισιόδακος και Παπαρσένη,False,False,
2023/03/15,ΔΙΑΚΟΠΗ ΥΔΡΕΥΣΗΣ,ΝΙΚΑΙΑ,Αντιοχείας και Αργοναυτών,False,False,
2023/03/15,ΔΙΑΚΟΠΗ ΥΔΡΕΥΣΗΣ,ΝΙΚΑΙΑ,Αντιοχείας και Αργοναυτών,False,False,
2023/03/15,ΔΙΑΚΟΠΗ ΥΔΡΕΥΣΗΣ,ΑΣΠΡΟΠΥΡΓΟΣ,Φυλής και Νίκης,False,False,
2023/03/15,ΔΙΑΚΟΠΗ ΥΔΡΕΥΣΗΣ,ΑΣΠΡΟΠΥΡΓΟΣ,Φυλής και Νίκης,False,False,
2023/03/15,ΔΙΑΚΟΠΗ ΥΔΡΕΥΣΗΣ,ΝΕΑ ΙΩΝΙΑ,Μικράς Ασίας και Άλυος,False,False,
2023/03/15,ΔΙΑΚΟΠΗ ΥΔΡΕΥΣΗΣ,Ν. ΙΩΝΙΑ,Μικράς Ασίας και Άλυος,False,False,
2023/03/15,ΔΙΑΚΟΠΗ ΥΔΡΕΥΣΗΣ,ΝΙΚΑΙΑ,Εφέσου και Αμυραδάκη,False,True,
2023/03/15,ΔΙΑΚΟΠΗ ΥΔΡΕΥΣΗΣ,ΝΙΚΑΙΑ,Εφέσου και Αμυραδάκη,False,True,
2023/03/15,ΔΙΑΚΟΠΗ ΥΔΡΕΥΣΗΣ,ΑΣΠΡΟΠΥΡΓΟΣ,Λεωφόρος Νάτο και Κούρων,False,True,
2023/03/15,ΔΙΑΚΟΠΗ ΥΔΡΕΥΣΗΣ,ΑΣΠΡΟΠΥΡΓΟΣ,Λεωφόρος Νάτο και Κούρων,False,True,
2023/03/15,ΔΙΑΚΟΠΗ ΥΔΡΕΥΣΗΣ,ΓΛΥΦΑΔΑ,Γεωργίου Γεννηματά και Αρκαδίας,False,False,
2023/03/15,ΔΙΑΚΟΠΗ ΥΔΡΕΥΣΗΣ,ΑΝΩ ΓΛΥΦΑΔΑ,Γεωργίου Γεννηματά και Αρκαδίας,False,False,
2023/03/15,ΔΙΑΚΟΠΗ ΥΔΡΕΥΣΗΣ,ΗΛΙΟΥΠΟΛΗ,Πάρνηθος και Ερρίκου Σλήμαν,False,False,
2023/03/15,ΔΙΑΚΟΠΗ ΥΔΡΕΥΣΗΣ,ΗΛΙΟΥΠΟΛΗ,Πάρνηθος και Ερρίκου Σλήμαν,False,False,
2023/03/15,ΔΙΑΚΟΠΗ ΥΔΡΕΥΣΗΣ,ΜΕΤΑΜΟΡΦΩΣΗ,Ήβης και Γεωργίου Παπανδρέου,False,False,
2023/03/15,ΔΙΑΚΟΠΗ ΥΔΡΕΥΣΗΣ,ΜΕΤΑΜΟΡΦΩΣΗ,Ήβης και Γεωργίου Παπανδρέου,False,False,
2023/03/16,ΔΙΑΚΟΠΗ ΥΔΡΕΥΣΗΣ,ΣΑΛΑΜΙΝΑ,Ολύμπου και Σολωμού,False,False,
2023/03/16,ΔΙΑΚΟΠΗ ΥΔΡΕΥΣΗΣ,ΣΑΛΑΜΙΝΑ,Ολύμπου και Σολωμού,False,False,
2023/03/16,ΔΙΑΚΟΠΗ ΥΔΡΕΥΣΗΣ,ΣΑΛΑΜΙΝΑ,Φιλιατρών και Αγ. Παρασκευής,False,False,
2023/03/16,ΔΙΑΚΟΠΗ ΥΔΡΕΥΣΗΣ,ΣΑΛΑΜΙΝΑ,Φιλιατρών και Αγ. Παρασκευής,False,False,
2023/03/16,ΔΙΑΚΟΠΗ ΥΔΡΕΥΣΗΣ,ΗΡΑΚΛΕΙΟ,25ης Μαρτίου και Λεωφ. Αμαρουσίου,False,False,
2023/03/16,ΔΙΑΚΟΠΗ ΥΔΡΕΥΣΗΣ,ΗΡΑΚΛΕΙΟ,25ης Μαρτίου και Λεωφ. Αμαρουσίου,False,False,
2023/03/16,ΔΙΑΚΟΠΗ ΥΔΡΕΥΣΗΣ,ΠΑΛΑΙΟ ΦΑΛΗΡΟ,Αφροδίτης και Αίαντος,False,False,
2023/03/16,ΔΙΑΚΟΠΗ ΥΔΡΕΥΣΗΣ,Π. ΦΑΛΗΡΟ,Αφροδίτης και Αίαντος,False,False,
2023/03/16,ΔΙΑΚΟΠΗ ΥΔΡΕΥΣΗΣ,ΜΑΡΟΥΣΙ,Θησέως και Νικ. Πλαστήρα,False,False,
2023/03/16,ΔΙΑΚΟΠΗ ΥΔΡΕΥΣΗΣ,ΜΑΡΟΥΣΙ,Θησέως και Νικ. Πλαστήρα,False,False,
2023/03/16,ΔΙΑΚΟΠΗ ΥΔΡΕΥΣΗΣ,ΑΧΑΡΝΕΣ,Θράκης και Αντιγόνης,False,False,
2023/03/16,ΔΙΑΚΟΠΗ ΥΔΡΕΥΣΗΣ,ΑΧΑΡΝΕΣ,Θράκης και Αντιγόνης,False,False,
2023/03/16,ΔΙΑΚΟΠΗ ΥΔΡΕΥΣΗΣ,ΧΑΛΑΝΔΡΙ,Μικράς Ασίας και Καστελόριζου,False,False,
2023/03/16,ΔΙΑΚΟΠΗ ΥΔΡΕΥΣΗΣ,ΧΑΛΑΝΔΡΙ,Μικράς Ασίας και Καστελόριζου,False,False,
2023/03/16,ΔΙΑΚΟΠΗ ΥΔΡΕΥΣΗΣ,ΒΟΥΛΑ,Λάμπρου Κατσώνη και Μάρκου Μπότσαρη,False,False,
2023/03/16,ΔΙΑΚΟΠΗ ΥΔΡΕΥΣΗΣ,ΒΟΥΛΑ,Λάμπρου Κατσώνη και Μάρκου Μπότσαρη,False,False,
2023/03/16,ΔΙΑΚΟΠΗ ΥΔΡΕΥΣΗΣ,ΓΛΥΦΑΔΑ,Βαρασόβης και Ταϋγέτου,False,False,
2023/03/16,ΔΙΑΚΟΠΗ ΥΔΡΕΥΣΗΣ,ΑΝΩ ΓΛΥΦΑΔΑ,Βαρασόβης και Ταϋγέτου,False,False,
2023/03/16,ΔΙΑΚΟΠΗ ΥΔΡΕΥΣΗΣ,ΜΑΡΟΥΣΙ,Ερυθρού Σταυρού και Χασιώτη,False,False,
2023/03/16,ΔΙΑΚΟΠΗ ΥΔΡΕΥΣΗΣ,ΜΑΡΟΥΣΙ,Ερυθρού Σταυρού και Χασιώτη,False,False,
2023/03/16,ΔΙΑΚΟΠΗ ΥΔΡΕΥΣΗΣ,ΜΑΡΟΥΣΙ,"Πάρνηθος και Πεντελικού, Λεωφ. Καποδιστρίου και Αγ. Φιλοθέης",False,False,
2023/03/16,ΔΙΑΚΟΠΗ ΥΔΡΕΥΣΗΣ,ΜΑΡΟΥΣΙ,"Πάρνηθος και Πεντελικού, Λεωφ. Καποδιστρίου και Αγ. Φιλοθέης",False,False,
2023/03/17,ΔΙΑΚΟΠΗ ΥΔΡΕΥΣΗΣ,ΠΕΡΑΜΑ,Ιερολοχιτών και Αθανασίου Διάκου,False,False,
2023/03/17,ΔΙΑΚΟΠΗ ΥΔΡΕΥΣΗΣ,ΠΕΡΑΜΑ,Ιερολοχιτών και Αθανασίου Διάκου,False,False,
2023/03/17,ΔΙΑΚΟΠΗ ΥΔΡΕΥΣΗΣ,ΝΕΑ ΙΩΝΙΑ,Κυδωνιών και Ρόδου,False,False,
2023/03/17,ΔΙΑΚΟΠΗ ΥΔΡΕΥΣΗΣ,Ν. ΙΩΝΙΑ,Κυδωνιών και Ρόδου,False,False,
2023/03/17,ΔΙΑΚΟΠΗ ΥΔΡΕΥΣΗΣ,ΜΑΡΟΥΣΙ,Αχιλλείου και Δραγατσανίου,False,False,
2023/03/17,ΔΙΑΚΟΠΗ ΥΔΡΕΥΣΗΣ,ΜΑΡΟΥΣΙ,Αχιλλείου και Δραγατσανίου,False,False,
2023/03/17,ΔΙΑΚΟΠΗ ΥΔΡΕΥΣΗΣ,ΚΟΛΩΝΟΣ,Δημοσθένους και Κιλκίς,False,False,
2023/03/17,ΔΙΑΚΟΠΗ ΥΔΡΕΥΣΗΣ,ΑΘΗΝΑ,Δημοσθένους και Κιλκίς,False,False,
2023/03/17,ΔΙΑΚΟΠΗ ΥΔΡΕΥΣΗΣ,ΝΕΑ ΙΩΝΙΑ,Αγ.Κωνσταντίνου και Καβάλας,False,False,
2023/03/17,ΔΙΑΚΟΠΗ ΥΔΡΕΥΣΗΣ,Ν. ΙΩΝΙΑ,Αγ.Κωνσταντίνου και Καβάλας,False,False,
2023/03/17,ΔΙΑΚΟΠΗ ΥΔΡΕΥΣΗΣ,ΗΛΙΟΥΠΟΛΗ,Άρεως και Λεωφ.Εθνάρχου Μακαρίου,False,False,
2023/03/17,ΔΙΑΚΟΠΗ ΥΔΡΕΥΣΗΣ,ΗΛΙΟΥΠΟΛΗ,Άρεως και Λεωφ.Εθνάρχου Μακαρίου,False,False,
2023/03/17,ΔΙΑΚΟΠΗ ΥΔΡΕΥΣΗΣ,ΗΛΙΟΥΠΟΛΗ,Παμίσου & Παύλου Μελά,False,False,
2023/03/17,ΔΙΑΚΟΠΗ ΥΔΡΕΥΣΗΣ,ΗΛΙΟΥΠΟΛΗ,Παμίσου & Παύλου Μελά,False,False,
2023/03/18,ΔΙΑΚΟΠΗ ΥΔΡΕΥΣΗΣ,ΑΓΙΟΣ ΔΗΜΗΤΡΙΟΣ,Λ. Αγίου Δημητρίου & Ειρήνης,False,False,
2023/03/18,ΔΙΑΚΟΠΗ ΥΔΡΕΥΣΗΣ,ΑΓ. ΔΗΜΗΤΡΙΟΣ Π,Λ. Αγίου Δημητρίου & Ειρήνης,False,False,
2023/03/18,ΔΙΑΚΟΠΗ ΥΔΡΕΥΣΗΣ,ΚΑΙΣΑΡΙΑΝΗ,Δήλου και Τραπεζούντος,False,False,
2023/03/18,ΔΙΑΚΟΠΗ ΥΔΡΕΥΣΗΣ,ΚΑΙΣΑΡΙΑΝΗ,Δήλου και Τραπεζούντος,False,False,
2023/03/18,ΔΙΑΚΟΠΗ ΥΔΡΕΥΣΗΣ,ΠΕΡΙΣΤΕΡΙ,Πτολεμαϊδος και Πραξιτέλους,False,False,
2023/03/18,ΔΙΑΚΟΠΗ ΥΔΡΕΥΣΗΣ,Ν. ΖΩΗ,Πτολεμαϊδος και Πραξιτέλους,False,False,
2023/03/18,ΔΙΑΚΟΠΗ ΥΔΡΕΥΣΗΣ,ΑΙΓΑΛΕΩ,Σαλαμινίας και Αγίας Άννης,False,True,
2023/03/18,ΔΙΑΚΟΠΗ ΥΔΡΕΥΣΗΣ,ΑΙΓΑΛΕΩ,Σαλαμινίας και Αγίας Άννης,False,True,
2023/03/18,ΔΙΑΚΟΠΗ ΥΔΡΕΥΣΗΣ,ΠΕΡΑΜΑ,Πλουτάρχου και Δημοκρίτου,False,False,
2023/03/18,ΔΙΑΚΟΠΗ ΥΔΡΕΥΣΗΣ,ΠΕΡΑΜΑ,Πλουτάρχου και Δημοκρίτου,False,False,
2023/03/18,ΔΙΑΚΟΠΗ ΥΔΡΕΥΣΗΣ,ΑΣΠΡΟΠΥΡΓΟΣ,Φυλής και Θεμιστοκλέους,False,False,
2023/03/18,ΔΙΑΚΟΠΗ ΥΔΡΕΥΣΗΣ,ΗΛΙΟΥΠΟΛΗ,Χρυσοστόμου Σμύρνης και Θησέως,False,False,
2023/03/18,ΔΙΑΚΟΠΗ ΥΔΡΕΥΣΗΣ,ΗΛΙΟΥΠΟΛΗ,Χρυσοστόμου Σμύρνης και Θησέως,False,False,
2023/03/18,ΔΙΑΚΟΠΗ ΥΔΡΕΥΣΗΣ,ΣΕΠΟΛΙΑ,Μανιτάκη και Γράμμου,False,False,
2023/03/18,ΔΙΑΚΟΠΗ ΥΔΡΕΥΣΗΣ,ΑΘΗΝΑ,Μανιτάκη και Γράμμου,False,False,
2023/03/18,ΔΙΑΚΟΠΗ ΥΔΡΕΥΣΗΣ,ΠΕΡΑΜΑ,Σκρα και Μεγάλου Αλεξάνδρου,False,False,
2023/03/18,ΔΙΑΚΟΠΗ ΥΔΡΕΥΣΗΣ,ΠΕΡΑΜΑ,Σκρα και Μεγάλου Αλεξάνδρου,False,False,
2023/03/18,ΔΙΑΚΟΠΗ ΥΔΡΕΥΣΗΣ,ΠΕΙΡΑΙΑΣ,Αγίου Ελευθερίου και Υμηττού,False,False,
2023/03/18,ΔΙΑΚΟΠΗ ΥΔΡΕΥΣΗΣ,ΠΕΙΡΑΙΑΣ,Αγίου Ελευθερίου και Υμηττού,False,False,
2023/03/18,ΔΙΑΚΟΠΗ ΥΔΡΕΥΣΗΣ,ΝΕΑ ΣΜΥΡΝΗ,Πλαστήρα & Μέλητος,False,False,
2023/03/18,ΔΙΑΚΟΠΗ ΥΔΡΕΥΣΗΣ,Ν. ΣΜΥΡΝΗ Α,Πλαστήρα & Μέλητος,False,False,
2023/03/19,ΔΙΑΚΟΠΗ ΥΔΡΕΥΣΗΣ,ΑΓΙΟΣ ΙΩΑΝΝΗΣ ΡΕΝΤΗΣ,28ης Οκτωβρίου & Παρνασσού,False,False,
2023/03/19,ΔΙΑΚΟΠΗ ΥΔΡΕΥΣΗΣ,ΑΓ. Ι. ΡΕΝΤΗΣ,28ης Οκτωβρίου & Παρνασσού,False,False,
2023/03/19,ΔΙΑΚΟΠΗ ΥΔΡΕΥΣΗΣ,ΙΛΙΟΝ,ΕΛΑΙΩΝ & ΔΩΔΩΝΗΣ,False,False,
2023/03/19,ΔΙΑΚΟΠΗ ΥΔΡΕΥΣΗΣ,ΙΛΙΟΝ,ΕΛΑΙΩΝ & ΔΩΔΩΝΗΣ,False,False,
2023/03/19,ΔΙΑΚΟΠΗ ΥΔΡΕΥΣΗΣ,ΠΕΙΡΑΙΑΣ,Λυκούργου και Δημοσθένους,False,False,
2023/03/19,ΔΙΑΚΟΠΗ ΥΔΡΕΥΣΗΣ,ΚΕΝΤΡΟ ΠΕΙΡΑΙΑ,Λυκούργου και Δημοσθένους,False,False,
2023/03/19,ΔΙΑΚΟΠΗ ΥΔΡΕΥΣΗΣ,ΑΣΠΡΟΠΥΡΓΟΣ,Τραπεζούντος και Σίφνου,False,False,
2023/03/19,ΔΙΑΚΟΠΗ ΥΔΡΕΥΣΗΣ,ΑΣΠΡΟΠΥΡΓΟΣ,Τραπεζούντος και Σίφνου,False,False,
2023/03/19,ΔΙΑΚΟΠΗ ΥΔΡΕΥΣΗΣ,ΑΓΙΑ ΠΑΡΑΣΚΕΥΗ,Επτανήσου και Ρούμελης,False,False,
2023/03/19,ΔΙΑΚΟΠΗ ΥΔΡΕΥΣΗΣ,ΣΟΥΡΜΕΝΑ  Α,Ροδοπόλεως και Τριπόλεως,False,False,
2023/03/19,ΔΙΑΚΟΠΗ ΥΔΡΕΥΣΗΣ,ΕΛΛΗΝΙΚΟ,Ροδοπόλεως και Τριπόλεως,False,False,
2023/03/19,ΔΙΑΚΟΠΗ ΥΔΡΕΥΣΗΣ,ΝΕΑ ΦΙΛΑΔΕΛΦΕΙΑ,Σαραντόγλου και Ιασωνίδη,False,False,
2023/03/19,ΔΙΑΚΟΠΗ ΥΔΡΕΥΣΗΣ,Ν. ΦΙΛΑΔΕΛΦΕΙΑ,Σαραντόγλου και Ιασωνίδη,False,False,
2023/03/20,ΔΙΑΚΟΠΗ ΥΔΡΕΥΣΗΣ,ΣΑΛΑΜΙΝΑ,Τενέδου και Πεντέλης,False,False,
2023/03/20,ΔΙΑΚΟΠΗ ΥΔΡΕΥΣΗΣ,ΠΑΛΟΥΚΙΑ,Τενέδου και Πεντέλης,False,False,
2023/03/20,ΔΙΑΚΟΠΗ ΥΔΡΕΥΣΗΣ,ΑΓΙΑ ΠΑΡΑΣΚΕΥΗ,Αιγαίου Πελάγους και Κοντοπούλου,False,False,
2023/03/20,ΔΙΑΚΟΠΗ ΥΔΡΕΥΣΗΣ,ΑΓ. ΠΑΡΑΣΚΕΥΗ,Αιγαίου Πελάγους και Κοντοπούλου,False,False,
2023/03/20,ΔΙΑΚΟΠΗ ΥΔΡΕΥΣΗΣ,ΗΛΙΟΥΠΟΛΗ,Ηρώων Πολυτεχνείου και Λεωφ. Μ. Αντύπα,False,False,
2023/03/20,ΔΙΑΚΟΠΗ ΥΔΡΕΥΣΗΣ,ΗΛΙΟΥΠΟΛΗ,Ηρώων Πολυτεχνείου και Λεωφ. Μ. Αντύπα,False,False,
2023/03/20,ΔΙΑΚΟΠΗ ΥΔΡΕΥΣΗΣ,ΠΕΙΡΑΙΑΣ,Πύλης και Μιλτιάδου,False,False,
2023/03/20,ΔΙΑΚΟΠΗ ΥΔΡΕΥΣΗΣ,ΠΕΙΡΑΙΑΣ,Πύλης και Μιλτιάδου,False,False,
2023/03/20,ΔΙΑΚΟΠΗ ΥΔΡΕΥΣΗΣ,ΝΕΑ ΙΩΝΙΑ,Ηρώων Καλογρέζας και Αργανών,False,False,
2023/03/20,ΔΙΑΚΟΠΗ ΥΔΡΕΥΣΗΣ,ΚΑΛΟΓΡΕΖΑ,Ηρώων Καλογρέζας και Αργανών,False,False,
2023/03/20,ΔΙΑΚΟΠΗ ΥΔΡΕΥΣΗΣ,ΓΛΥΦΑΔΑ,Οινόης και Ήρας,False,False,
2023/03/20,ΔΙΑΚΟΠΗ ΥΔΡΕΥΣΗΣ,ΓΛΥΦΑΔΑ,Οινόης και Ήρας,False,False,
2023/03/20,ΔΙΑΚΟΠΗ ΥΔΡΕΥΣΗΣ,ΚΕΡΑΤΣΙΝΙ,Κουντουριώτου και Νικ. Πλαστήρα,False,False,
2023/03/20,ΔΙΑΚΟΠΗ ΥΔΡΕΥΣΗΣ,ΚΕΡΑΤΣΙΝΙ,Κουντουριώτου και Νικ. Πλαστήρα,False,False,
2023/03/20,ΔΙΑΚΟΠΗ ΥΔΡΕΥΣΗΣ,ΚΗΦΙΣΙΑ,Ιλισίων και Κήπων,False,False,
2023/03/20,ΔΙΑΚΟΠΗ ΥΔΡΕΥΣΗΣ,ΚΗΦΙΣΙΑ,Ιλισίων και Κήπων,False,False,
2023/03/20,ΔΙΑΚΟΠΗ ΥΔΡΕΥΣΗΣ,ΤΕΡΨΙΘΕΑ,Δωδεκανήσου και Λεωφ. Κύπρου,False,False,
2023/03/20,ΔΙΑΚΟΠΗ ΥΔΡΕΥΣΗΣ,ΓΛΥΦΑΔΑ,Δωδεκανήσου και Λεωφ. Κύπρου,False,False,
2023/03/20,ΔΙΑΚΟΠΗ ΥΔΡΕΥΣΗΣ,ΚΟΡΥΔΑΛΛΟΣ,Οδ. Ανδρούτσου και Παναγιώτη Έλη,False,False,
2023/03/20,ΔΙΑΚΟΠΗ ΥΔΡΕΥΣΗΣ,ΚΟΡΥΔΑΛΛΟΣ,Οδ. Ανδρούτσου και Παναγιώτη Έλη,False,False,
2023/03/20,ΔΙΑΚΟΠΗ ΥΔΡΕΥΣΗΣ,ΑΣΠΡΟΠΥΡΓΟΣ,Κούρων και Λυσίου,False,True,
2023/03/20,ΔΙΑΚΟΠΗ ΥΔΡΕΥΣΗΣ,ΑΣΠΡΟΠΥΡΓΟΣ,Κούρων και Λυσίου,False,True,
2023/03/20,ΔΙΑΚΟΠΗ ΥΔΡΕΥΣΗΣ,ΠΕΤΡΟΥΠΟΛΗ,Αγ. Τριάδος και Γ. Κονδύλη,False,False,
2023/03/20,ΔΙΑΚΟΠΗ ΥΔΡΕΥΣΗΣ,ΠΕΤΡΟΥΠΟΛΗ,Αγ. Τριάδος και Γ. Κονδύλη,False,False,
2023/03/20,ΔΙΑΚΟΠΗ ΥΔΡΕΥΣΗΣ,ΛΑΜΠΡΙΝΗ,Χριστιανουπόλεως και Σαβαγηνών,False,True,
2023/03/20,ΔΙΑΚΟΠΗ ΥΔΡΕΥΣΗΣ,ΑΘΗΝΑ,Χριστιανουπόλεως και Σαβαγηνών,False,True,
2023/03/20,ΔΙΑΚΟΠΗ ΥΔΡΕΥΣΗΣ,ΣΕΠΟΛΙΑ,Ρόδου και Δυρραχίου,False,False,
2023/03/20,ΔΙΑΚΟΠΗ ΥΔΡΕΥΣΗΣ,ΑΘΗΝΑ,Ρόδου και Δυρραχίου,False,False,
2023/03/20,ΔΙΑΚΟΠΗ ΥΔΡΕΥΣΗΣ,ΚΕΦΑΛΛΗΝΩΝ,Λεωφόρος Αλίμου και Λεωφόρος Κυθηρίων,False,False,
2023/03/20,ΔΙΑΚΟΠΗ ΥΔΡΕΥΣΗΣ,ΑΛΙΜΟΣ,Λεωφόρος Αλίμου και Λεωφόρος Κυθηρίων,False,False,
2023/03/20,ΔΙΑΚΟΠΗ ΥΔΡΕΥΣΗΣ,Ν. ΚΗΦΙΣΙΑ,ΠΗΓΩΝ & ΑΓΡΑΥΛΗΣ,False,False,
2023/03/20,ΔΙΑΚΟΠΗ ΥΔΡΕΥΣΗΣ,ΚΗΦΙΣΙΑ,ΠΗΓΩΝ & ΑΓΡΑΥΛΗΣ,False,False,
2023/03/20,ΔΙΑΚΟΠΗ ΥΔΡΕΥΣΗΣ,ΜΕΝΙΔΙ,Κωνσταντινουπόλεως 352 και Ξάνθου,False,False,
2023/03/20,ΔΙΑΚΟΠΗ ΥΔΡΕΥΣΗΣ,ΑΧΑΡΝΕΣ,Κωνσταντινουπόλεως 352 και Ξάνθου,False,False,
2023/03/20,ΔΙΑΚΟΠΗ ΥΔΡΕΥΣΗΣ,ΝΕΑ ΙΩΝΙΑ,Οκταβίου Μερλιέ και Ηρώων Καλογρέζας,False,False,
2023/03/20,ΔΙΑΚΟΠΗ ΥΔΡΕΥΣΗΣ,ΚΑΛΟΓΡΕΖΑ,Οκταβίου Μερλιέ και Ηρώων Καλογρέζας,False,False,
2023/03/20,ΔΙΑΚΟΠΗ ΥΔΡΕΥΣΗΣ,ΣΕΛΙΝΙΑ,Εβίβα και Αγ.Νικολάου,False,False,
2023/03/20,ΔΙΑΚΟΠΗ ΥΔΡΕΥΣΗΣ,ΣΑΛΑΜΙΝΑ,Εβίβα και Αγ.Νικολάου,False,False,
2023/03/21,ΔΙΑΚΟΠΗ ΥΔΡΕΥΣΗΣ,ΠΕΥΚΑΚΙΑ,Αυγερινού και Τραπεζούντος,False,False,
2023/03/21,ΔΙΑΚΟΠΗ ΥΔΡΕΥΣΗΣ,ΝΕΑ ΙΩΝΙΑ,Αυγερινού και Τραπεζούντος,False,False,
2023/03/21,ΔΙΑΚΟΠΗ ΥΔΡΕΥΣΗΣ,ΥΜΗΤΤΟΣ,Αρχιμανδρίτου Παρίση και Καλλιπόλεως,False,False,
2023/03/21,ΔΙΑΚΟΠΗ ΥΔΡΕΥΣΗΣ,ΥΜΗΤΤΟΣ,Αρχιμανδρίτου Παρίση και Καλλιπόλεως,False,False,
2023/03/21,ΔΙΑΚΟΠΗ ΥΔΡΕΥΣΗΣ,ΑΓΙΟΙ ΑΝΑΡΓΥΡΟΙ,Δημοκρατίας και Μεσολογγίου,False,False,
2023/03/21,ΔΙΑΚΟΠΗ ΥΔΡΕΥΣΗΣ,ΑΓ. ΑΝΑΡΓΥΡΟΙ,Δημοκρατίας και Μεσολογγίου,False,False,
2023/03/21,ΔΙΑΚΟΠΗ ΥΔΡΕΥΣΗΣ,ΠΑΛΑΙΟ ΦΑΛΗΡΟ,Πανδρόσου και Αμφιθέας,False,False,
2023/03/21,ΔΙΑΚΟΠΗ ΥΔΡΕΥΣΗΣ,Π. ΦΑΛΗΡΟ,Πανδρόσου και Αμφιθέας,False,False,
2023/03/21,ΔΙΑΚΟΠΗ ΥΔΡΕΥΣΗΣ,ΝΙΚΑΙΑ,Θεσσαλίας και 28ης Οκτωβρίου,False,False,
2023/03/21,ΔΙΑΚΟΠΗ ΥΔΡΕΥΣΗΣ,ΝΙΚΑΙΑ,Θεσσαλίας και 28ης Οκτωβρίου,False,False,
2023/03/21,ΔΙΑΚΟΠΗ ΥΔΡΕΥΣΗΣ,ΤΕΡΨΙΘΕΑ,Μικράς Ασίας και Δαρδανελίων,False,False,
2023/03/21,ΔΙΑΚΟΠΗ ΥΔΡΕΥΣΗΣ,ΓΛΥΦΑΔΑ,Μικράς Ασίας και Δαρδανελίων,False,False,
2023/03/21,ΔΙΑΚΟΠΗ ΥΔΡΕΥΣΗΣ,ΚΟΝΤΟΠΕΥΚΟ,Λεωφ. Μεσογείων και Ειρήνης,False,False,
2023/03/21,ΔΙΑΚΟΠΗ ΥΔΡΕΥΣΗΣ,ΑΓΙΑ ΠΑΡΑΣΚΕΥΗ,Λεωφ. Μεσογείων και Ειρήνης,False,False,
2023/03/21,ΔΙΑΚΟΠΗ ΥΔΡΕΥΣΗΣ,ΣΕΛΙΝΙΑ,Αμπελακίων και Πίνδου,False,False,
2023/03/21,ΔΙΑΚΟΠΗ ΥΔΡΕΥΣΗΣ,ΣΑΛΑΜΙΝΑ,Αμπελακίων και Πίνδου,False,False,
2023/03/21,ΔΙΑΚΟΠΗ ΥΔΡΕΥΣΗΣ,ΕΛΕΥΣΙΝΑ,Καλαθά και Οδυσσέα Ελύτη,False,False,
2023/03/21,ΔΙΑΚΟΠΗ ΥΔΡΕΥΣΗΣ,ΕΛΕΥΣΙΝΑ,Καλαθά και Οδυσσέα Ελύτη,False,False,
2023/03/21,ΔΙΑΚΟΠΗ ΥΔΡΕΥΣΗΣ,ΣΤΑΘΜΟΣ ΛΑΡΙΣΗΣ,Ιουλιανού και Μιχ. Βόδα,False,False,
2023/03/21,ΔΙΑΚΟΠΗ ΥΔΡΕΥΣΗΣ,ΑΘΗΝΑ,Ιουλιανού και Μιχ. Βόδα,False,False,
2023/03/21,ΔΙΑΚΟΠΗ ΥΔΡΕΥΣΗΣ,ΚΥΨΕΛΗ,Δοϊράνης και Σκύρου,False,False,
2023/03/21,ΔΙΑΚΟΠΗ ΥΔΡΕΥΣΗΣ,ΑΘΗΝΑ,Δοϊράνης και Σκύρου,False,False,
2023/03/21,ΔΙΑΚΟΠΗ ΥΔΡΕΥΣΗΣ,ΜΕΓΑΡΑ,Αγίων Θεοδώρων και Σερρών,False,False,
2023/03/21,ΔΙΑΚΟΠΗ ΥΔΡΕΥΣΗΣ,ΜΕΓΑΡΑ,Αγίων Θεοδώρων και Σερρών,False,False,
2023/03/21,ΔΙΑΚΟΠΗ ΥΔΡΕΥΣΗΣ,ΝΕΑ ΦΙΛΑΔΕΛΦΕΙΑ,Σαραντόγλου και Ιασωνίδη,False,False,
2023/03/21,ΔΙΑΚΟΠΗ ΥΔΡΕΥΣΗΣ,Ν. ΦΙΛΑΔΕΛΦΕΙΑ,Σαραντόγλου και Ιασωνίδη,False,False,
2023/03/21,ΔΙΑΚΟΠΗ ΥΔΡΕΥΣΗΣ,ΓΑΛΑΤΣΙ,Λεωφόρος Γαλατσίου και Λυσίου,False,False,
2023/03/21,ΔΙΑΚΟΠΗ ΥΔΡΕΥΣΗΣ,ΓΑΛΑΤΣΙ,Λεωφόρος Γαλατσίου και Λυσίου,False,False,
2023/03/22,ΔΙΑΚΟΠΗ ΥΔΡΕΥΣΗΣ,ΠΛ. ΚΟΥΜΟΥΝΔΟΥΡΟΥ,Κορίνης και Επικούρου,False,False,
2023/03/22,ΔΙΑΚΟΠΗ ΥΔΡΕΥΣΗΣ,ΑΘΗΝΑ,Κορίνης και Επικούρου,False,False,
2023/03/22,ΔΙΑΚΟΠΗ ΥΔΡΕΥΣΗΣ,ΧΟΛΑΡΓΟΣ,Τερψιχόρης και Μπουμπουλίνας,False,False,
2023/03/22,ΔΙΑΚΟΠΗ ΥΔΡΕΥΣΗΣ,ΧΟΛΑΡΓΟΣ,Τερψιχόρης και Μπουμπουλίνας,False,False,
2023/03/22,ΔΙΑΚΟΠΗ ΥΔΡΕΥΣΗΣ,ΑΣΠΡΟΠΥΡΓΟΣ,Θρασυβούλου Πάροδος και Αγ. Ειρηναίου,False,False,
2023/03/22,ΔΙΑΚΟΠΗ ΥΔΡΕΥΣΗΣ,ΑΣΠΡΟΠΥΡΓΟΣ,Θρασυβούλου Πάροδος και Αγ. Ειρηναίου,False,False,
2023/03/22,ΔΙΑΚΟΠΗ ΥΔΡΕΥΣΗΣ,ΣΑΛΑΜΙΝΑ,"Πατρίς και Κρήτης, ΒΑΣΙΛΙΚΑ",False,False,
2023/03/22,ΔΙΑΚΟΠΗ ΥΔΡΕΥΣΗΣ,ΣΑΛΑΜΙΝΑ,"Πατρίς και Κρήτης, ΒΑΣΙΛΙΚΑ",False,False,
2023/03/22,ΔΙΑΚΟΠΗ ΥΔΡΕΥΣΗΣ,ΚΕΡΑΤΣΙΝΙ,Τσακάλωφ και Ξάνθου,False,False,
2023/03/22,ΔΙΑΚΟΠΗ ΥΔΡΕΥΣΗΣ,ΚΕΡΑΤΣΙΝΙ,Τσακάλωφ και Ξάνθου,False,False,
2023/03/22,ΔΙΑΚΟΠΗ ΥΔΡΕΥΣΗΣ,ΒΑΡΥΜΠΟΜΠΗ,Ελάτων και Ανεμώνης,False,False,
2023/03/22,ΔΙΑΚΟΠΗ ΥΔΡΕΥΣΗΣ,ΑΧΑΡΝΕΣ,Ελάτων και Ανεμώνης,False,False,
2023/03/22,ΔΙΑΚΟΠΗ ΥΔΡΕΥΣΗΣ,ΑΣΠΡΟΠΥΡΓΟΣ,Αγίας Μαρίνας και Ελπίδος,False,False,
2023/03/22,ΔΙΑΚΟΠΗ ΥΔΡΕΥΣΗΣ,ΑΣΠΡΟΠΥΡΓΟΣ,Αγίας Μαρίνας και Ελπίδος,False,False,
2023/03/22,ΔΙΑΚΟΠΗ ΥΔΡΕΥΣΗΣ,ΚΟΡΥΔΑΛΛΟΣ,Αιγαίου και Σάμου,False,False,
2023/03/22,ΔΙΑΚΟΠΗ ΥΔΡΕΥΣΗΣ,ΚΟΡΥΔΑΛΛΟΣ,Αιγαίου και Σάμου,False,False,
2023/03/22,ΔΙΑΚΟΠΗ ΥΔΡΕΥΣΗΣ,ΧΟΛΑΡΓΟΣ,Ασπασίας και Βεντούρη,False,False,
2023/03/22,ΔΙΑΚΟΠΗ ΥΔΡΕΥΣΗΣ,ΧΟΛΑΡΓΟΣ,Ασπασίας και Βεντούρη,False,False,
2023/03/22,ΔΙΑΚΟΠΗ ΥΔΡΕΥΣΗΣ,ΗΛΙΟΥΠΟΛΗ,Ηρώων Πολυτεχνείου και Μαρίνου Αντύπα,False,False,
2023/03/22,ΔΙΑΚΟΠΗ ΥΔΡΕΥΣΗΣ,ΗΛΙΟΥΠΟΛΗ,Ηρώων Πολυτεχνείου και Μαρίνου Αντύπα,False,False,
2023/03/22,ΔΙΑΚΟΠΗ ΥΔΡΕΥΣΗΣ,ΒΑΡΗ,Δωδεκανήσου και Προφήτου Ηλία,False,False,
2023/03/22,ΔΙΑΚΟΠΗ ΥΔΡΕΥΣΗΣ,ΒΑΡΗ,Δωδεκανήσου και Προφήτου Ηλία,False,False,
2023/03/22,ΔΙΑΚΟΠΗ ΥΔΡΕΥΣΗΣ,ΚΟΡΥΔΑΛΛΟΣ,Ερμού και Βάρναλη,False,False,
2023/03/22,ΔΙΑΚΟΠΗ ΥΔΡΕΥΣΗΣ,ΚΟΡΥΔΑΛΛΟΣ,Ερμού και Βάρναλη,False,False,
2023/03/22,ΔΙΑΚΟΠΗ ΥΔΡΕΥΣΗΣ,ΧΑΛΑΝΔΡΙ,Περικλέους και Επτανήσου,False,False,
2023/03/22,ΔΙΑΚΟΠΗ ΥΔΡΕΥΣΗΣ,ΚΑΤΩ ΧΑΛΑΝΔΡΙ,Περικλέους και Επτανήσου,False,False,
2023/03/22,ΔΙΑΚΟΠΗ ΥΔΡΕΥΣΗΣ,ΠΕΥΚΑΚΙΑ,Αυγερινού και Τρωάδος,False,False,
2023/03/22,ΔΙΑΚΟΠΗ ΥΔΡΕΥΣΗΣ,ΝΕΑ ΙΩΝΙΑ,Αυγερινού και Τρωάδος,False,False,
2023/03/22,ΔΙΑΚΟΠΗ ΥΔΡΕΥΣΗΣ,ΑΓΙΑ ΒΑΡΒΑΡΑ,Παπαδιαμάντη και Καραϊσκάκη,False,False,
2023/03/22,ΔΙΑΚΟΠΗ ΥΔΡΕΥΣΗΣ,ΑΓ. ΒΑΡΒΑΡΑ,Παπαδιαμάντη και Καραϊσκάκη,False,False,
2023/03/22,ΔΙΑΚΟΠΗ ΥΔΡΕΥΣΗΣ,ΚΟΡΥΔΑΛΛΟΣ,Ερμού και Σταματοπούλου επηρεαζει τμημα ΔΗΜΟΥ ΑΓΙΑΣ ΒΑΡΒΑΡΑΣ,False,False,
2023/03/22,ΔΙΑΚΟΠΗ ΥΔΡΕΥΣΗΣ,ΚΟΡΥΔΑΛΛΟΣ,Ερμού και Σταματοπούλου επηρεαζει τμημα ΔΗΜΟΥ ΑΓΙΑΣ ΒΑΡΒΑΡΑΣ,False,False,
2023/03/23,ΧΑΜΗΛΕΣ ΠΙΕΣΕΙΣ,ΝΕΑ ΠΕΡΑΜΟΣ,"ΛΟΥΤΡΟΠΥΡΓΟΣ, ΝΕΑ ΠΕΡΑΜΟΣ, ΜΕΓΑΡΑ",False,True,
2023/03/23,ΧΑΜΗΛΕΣ ΠΙΕΣΕΙΣ,Ν. ΠΕΡΑΜΟΣ,"ΛΟΥΤΡΟΠΥΡΓΟΣ, ΝΕΑ ΠΕΡΑΜΟΣ, ΜΕΓΑΡΑ",False,True,
2023/03/23,ΧΑΜΗΛΕΣ ΠΙΕΣΕΙΣ,ΜΕΓΑΡΑ,"ΛΟΥΤΡΟΠΥΡΓΟΣ, ΝΕΑ ΠΕΡΑΜΟΣ, ΜΕΓΑΡΑ",False,True,
2023/03/23,ΧΑΜΗΛΕΣ ΠΙΕΣΕΙΣ,ΜΕΓΑΡΑ,"ΛΟΥΤΡΟΠΥΡΓΟΣ, ΝΕΑ ΠΕΡΑΜΟΣ, ΜΕΓΑΡΑ",False,True,
2023/03/23,ΔΙΑΚΟΠΗ ΥΔΡΕΥΣΗΣ,ΚΕΡΑΤΣΙΝΙ,Λεωφ. Γρηγ. Λαμπράκη και Σχιστού Σκαραμαγκά,False,False,
2023/03/23,ΔΙΑΚΟΠΗ ΥΔΡΕΥΣΗΣ,ΑΜΦΙΑΛΗ,Λεωφ. Γρηγ. Λαμπράκη και Σχιστού Σκαραμαγκά,False,False,
2023/03/23,ΔΙΑΚΟΠΗ ΥΔΡΕΥΣΗΣ,ΣΑΛΑΜΙΝΑ,Βιλλιώτη Μητσάκη και Πλωτίνου,False,False,
2023/03/23,ΔΙΑΚΟΠΗ ΥΔΡΕΥΣΗΣ,ΣΑΛΑΜΙΝΑ,Βιλλιώτη Μητσάκη και Πλωτίνου,False,False,
2023/03/23,ΔΙΑΚΟΠΗ ΥΔΡΕΥΣΗΣ,ΠΕΙΡΑΙΑΣ,Καπετάν Ματαπά και Λακωνίας,False,False,
2023/03/23,ΔΙΑΚΟΠΗ ΥΔΡΕΥΣΗΣ,ΜΑΝΙΑΤΙΚΑ,Καπετάν Ματαπά και Λακωνίας,False,False,
2023/03/23,ΔΙΑΚΟΠΗ ΥΔΡΕΥΣΗΣ,ΠΕΙΡΑΙΑΣ,Καπεταν Ματαπά και Λακωνίας,False,False,
2023/03/23,ΔΙΑΚΟΠΗ ΥΔΡΕΥΣΗΣ,ΜΑΝΙΑΤΙΚΑ,Καπεταν Ματαπά και Λακωνίας,False,False,
2023/03/23,ΔΙΑΚΟΠΗ ΥΔΡΕΥΣΗΣ,ΗΡΑΚΛΕΙΟ,Ομήρου και Τερψιχόρης,False,False,
2023/03/23,ΔΙΑΚΟΠΗ ΥΔΡΕΥΣΗΣ,ΗΡΑΚΛΕΙΟ,Ομήρου και Τερψιχόρης,False,False,
2023/03/23,ΔΙΑΚΟΠΗ ΥΔΡΕΥΣΗΣ,ΓΛΥΦΑΔΑ,Παπαπφλέσσα και Πορταριάς,False,False,
2023/03/23,ΔΙΑΚΟΠΗ ΥΔΡΕΥΣΗΣ,ΓΛΥΦΑΔΑ,Παπαπφλέσσα και Πορταριάς,False,False,
2023/03/23,ΔΙΑΚΟΠΗ ΥΔΡΕΥΣΗΣ,ΓΛΥΦΑΔΑ Π,Παναγούλη και Ελπίδος,False,False,
2023/03/23,ΔΙΑΚΟΠΗ ΥΔΡΕΥΣΗΣ,ΓΛΥΦΑΔΑ,Παναγούλη και Ελπίδος,False,False,
2023/03/23,ΔΙΑΚΟΠΗ ΥΔΡΕΥΣΗΣ,ΝΙΚΑΙΑ,Εφέσου και Ικονίου,False,True,
2023/03/23,ΔΙΑΚΟΠΗ ΥΔΡΕΥΣΗΣ,ΝΙΚΑΙΑ,Εφέσου και Ικονίου,False,True,
2023/03/23,ΔΙΑΚΟΠΗ ΥΔΡΕΥΣΗΣ,ΕΞΑΡΧΕΙΑ,Λάμπρου Κατσώνη και Ασκληπιού,False,False,
2023/03/23,ΔΙΑΚΟΠΗ ΥΔΡΕΥΣΗΣ,ΑΘΗΝΑ,Λάμπρου Κατσώνη και Ασκληπιού,False,False,
2023/03/23,ΔΙΑΚΟΠΗ ΥΔΡΕΥΣΗΣ,ΝΕΑ ΙΩΝΙΑ,Αυγερινού και Κοραή,False,False,
2023/03/23,ΔΙΑΚΟΠΗ ΥΔΡΕΥΣΗΣ,Ν. ΙΩΝΙΑ,Αυγερινού και Κοραή,False,False,
2023/03/23,ΔΙΑΚΟΠΗ ΥΔΡΕΥΣΗΣ,ΜΑΓΟΥΛΑ,Θριασίου Πεδίου και Σωκράτους,False,False,
2023/03/23,ΔΙΑΚΟΠΗ ΥΔΡΕΥΣΗΣ,ΜΑΓΟΥΛΑ,Θριασίου Πεδίου και Σωκράτους,False,False,
2023/03/24,ΔΙΑΚΟΠΗ ΥΔΡΕΥΣΗΣ,ΜΕΛΙΣΣΙΑ,Ολύμπου & Διός,False,False,
2023/03/24,ΔΙΑΚΟΠΗ ΥΔΡΕΥΣΗΣ,ΜΕΛΙΣΣΙΑ,Ολύμπου & Διός,False,False,
2023/03/24,ΔΙΑΚΟΠΗ ΥΔΡΕΥΣΗΣ,ΝΙΚΑΙΑ,Κουντουριώτου και Θεσσαλίας,False,False,
2023/03/24,ΔΙΑΚΟΠΗ ΥΔΡΕΥΣΗΣ,ΝΙΚΑΙΑ,Κουντουριώτου και Θεσσαλίας,False,False,
2023/03/24,ΔΙΑΚΟΠΗ ΥΔΡΕΥΣΗΣ,ΣΑΛΑΜΙΝΑ,"Δημοκρατίας και Διός, περιοχή Αγίου Γεωργίου",False,False,
2023/03/24,ΔΙΑΚΟΠΗ ΥΔΡΕΥΣΗΣ,ΣΑΛΑΜΙΝΑ,"Δημοκρατίας και Διός, περιοχή Αγίου Γεωργίου",False,False,
2023/03/24,ΔΙΑΚΟΠΗ ΥΔΡΕΥΣΗΣ,ΑΣΠΡΟΠΥΡΓΟΣ,Φυλής 50,False,False,
2023/03/24,ΔΙΑΚΟΠΗ ΥΔΡΕΥΣΗΣ,ΑΣΠΡΟΠΥΡΓΟΣ,Φυλής 50,False,False,
2023/03/24,ΔΙΑΚΟΠΗ ΥΔΡΕΥΣΗΣ,ΠΕΙΡΑΙΑΣ,Οριγώνη και Μυκόνου,False,False,
2023/03/24,ΔΙΑΚΟΠΗ ΥΔΡΕΥΣΗΣ,ΚΑΜΙΝΙΑ,Οριγώνη και Μυκόνου,False,False,
2023/03/24,ΔΙΑΚΟΠΗ ΥΔΡΕΥΣΗΣ,ΠΑΛΑΙΟ ΦΑΛΗΡΟ,Σολωμού και Ιπποκράτους,False,False,
2023/03/24,ΔΙΑΚΟΠΗ ΥΔΡΕΥΣΗΣ,Π. ΦΑΛΗΡΟ,Σολωμού και Ιπποκράτους,False,False,
2023/03/24,ΔΙΑΚΟΠΗ ΥΔΡΕΥΣΗΣ,ΚΟΡΥΔΑΛΛΟΣ,Βάρναλη και Ερμού,False,False,
2023/03/24,ΔΙΑΚΟΠΗ ΥΔΡΕΥΣΗΣ,ΚΟΡΥΔΑΛΛΟΣ,Βάρναλη και Ερμού,False,False,
2023/03/24,ΔΙΑΚΟΠΗ ΥΔΡΕΥΣΗΣ,ΠΕΡΑΜΑ,Χαριλάου Τρικούπη & Ελευθερίας,False,False,
2023/03/24,ΔΙΑΚΟΠΗ ΥΔΡΕΥΣΗΣ,ΠΕΡΑΜΑ,Χαριλάου Τρικούπη & Ελευθερίας,False,False,
2023/03/24,ΔΙΑΚΟΠΗ ΥΔΡΕΥΣΗΣ,ΕΛΕΥΣΙΝΑ,Φίλωνα Κτενίδη και Δάφνης,False,False,
2023/03/24,ΔΙΑΚΟΠΗ ΥΔΡΕΥΣΗΣ,ΕΛΕΥΣΙΝΑ,Φίλωνα Κτενίδη και Δάφνης,False,False,
2023/03/24,ΔΙΑΚΟΠΗ ΥΔΡΕΥΣΗΣ,ΚΕΡΑΤΣΙΝΙ,Μικράς Ασίας και Αδριανουπόλεως,False,False,
2023/03/24,ΔΙΑΚΟΠΗ ΥΔΡΕΥΣΗΣ,ΚΕΡΑΤΣΙΝΙ,Μικράς Ασίας και Αδριανουπόλεως,False,False,
2023/03/24,ΔΙΑΚΟΠΗ ΥΔΡΕΥΣΗΣ,ΚΕΡΑΤΣΙΝΙ,Λεωφ. Δημοκρατίας και Σολωμονίδου,False,False,
2023/03/24,ΔΙΑΚΟΠΗ ΥΔΡΕΥΣΗΣ,ΚΕΡΑΤΣΙΝΙ,Λεωφ. Δημοκρατίας και Σολωμονίδου,False,False,
2023/03/24,ΔΙΑΚΟΠΗ ΥΔΡΕΥΣΗΣ,ΠΕΙΡΑΙΑΣ,Μυκόνου και Οριγώνη,False,False,
2023/03/24,ΔΙΑΚΟΠΗ ΥΔΡΕΥΣΗΣ,ΑΠΟΛΛΩΝΟΣ,Μυκόνου και Οριγώνη,False,False,
2023/03/25,ΔΙΑΚΟΠΗ ΥΔΡΕΥΣΗΣ,ΧΟΛΑΡΓΟΣ,25ης Μαρτίου και Ξανθίππου,False,False,
2023/03/25,ΔΙΑΚΟΠΗ ΥΔΡΕΥΣΗΣ,ΜΕΤΑΜΟΡΦΩΣΗ,Διλόφου και Καραισκάκη,False,False,
2023/03/25,ΔΙΑΚΟΠΗ ΥΔΡΕΥΣΗΣ,ΜΕΤΑΜΟΡΦΩΣΗ,Διλόφου και Καραισκάκη,False,False,
2023/03/25,ΔΙΑΚΟΠΗ ΥΔΡΕΥΣΗΣ,ΠΑΝΟΡΑΜΑ Α,Αγαμέμνονος και Θεσμιέων,False,False,
2023/03/25,ΔΙΑΚΟΠΗ ΥΔΡΕΥΣΗΣ,ΒΟΥΛΑ,Αγαμέμνονος και Θεσμιέων,False,False,
2023/03/25,ΔΙΑΚΟΠΗ ΥΔΡΕΥΣΗΣ,ΑΛΙΜΟΣ Α,Κερασιάς και Δωριέων,False,False,
2023/03/25,ΔΙΑΚΟΠΗ ΥΔΡΕΥΣΗΣ,ΑΓΙΟΣ ΔΗΜΗΤΡΙΟΣ,Κερασιάς και Δωριέων,False,False,
2023/03/25,ΔΙΑΚΟΠΗ ΥΔΡΕΥΣΗΣ,ΑΓ. ΔΗΜΗΤΡΙΟΣ Α,Κερασιάς και Δωριέων,False,False,
2023/03/25,ΔΙΑΚΟΠΗ ΥΔΡΕΥΣΗΣ,ΚΑΜΑΤΕΡΟ,Στρ. Παπαγου και Ελικώνος,False,False,
2023/03/25,ΔΙΑΚΟΠΗ ΥΔΡΕΥΣΗΣ,ΚΑΜΑΤΕΡΟ,Στρ. Παπαγου και Ελικώνος,False,False,
2023/03/25,ΔΙΑΚΟΠΗ ΥΔΡΕΥΣΗΣ,ΚΑΜΑΤΕΡΟ,Μιαούλη και Ελευθερίας,False,False,
2023/03/25,ΔΙΑΚΟΠΗ ΥΔΡΕΥΣΗΣ,ΚΑΜΑΤΕΡΟ,Μιαούλη και Ελευθερίας,False,False,
2023/03/25,ΔΙΑΚΟΠΗ ΥΔΡΕΥΣΗΣ,ΠΕΡΑΜΑ,"Αραπίτσας και  Επτανήσου, ΕΠΗΡΕΑΖΕΙ ΕΥΡΥΤΕΡΗ ΠΕΡΙΟΧΗ ΠΕΡΑΜΑΤΟΣ",False,False,
2023/03/25,ΔΙΑΚΟΠΗ ΥΔΡΕΥΣΗΣ,ΠΕΡΑΜΑ,"Αραπίτσας και  Επτανήσου, ΕΠΗΡΕΑΖΕΙ ΕΥΡΥΤΕΡΗ ΠΕΡΙΟΧΗ ΠΕΡΑΜΑΤΟΣ",False,False,
2023/03/26,ΔΙΑΚΟΠΗ ΥΔΡΕΥΣΗΣ,ΣΕΠΟΛΙΑ,Μύλων και Μοναστηρίου,False,False,
2023/03/26,ΔΙΑΚΟΠΗ ΥΔΡΕΥΣΗΣ,ΑΘΗΝΑ,Μύλων και Μοναστηρίου,False,False,
2023/03/26,ΔΙΑΚΟΠΗ ΥΔΡΕΥΣΗΣ,ΒΥΡΩΝΑΣ,Καλλιπόλεως και Χειμάρας,False,False,
2023/03/26,ΔΙΑΚΟΠΗ ΥΔΡΕΥΣΗΣ,ΒΥΡΩΝΑ,Καλλιπόλεως και Χειμάρας,False,False,
2023/03/26,ΔΙΑΚΟΠΗ ΥΔΡΕΥΣΗΣ,ΚΕΝΤΡΟ ΑΘΗΝΑΣ,Ιπποκράτους και Δερβενίων,False,False,
2023/03/26,ΔΙΑΚΟΠΗ ΥΔΡΕΥΣΗΣ,ΕΞΑΡΧΕΙΑ,Ιπποκράτους και Δερβενίων,False,False,
2023/03/26,ΔΙΑΚΟΠΗ ΥΔΡΕΥΣΗΣ,ΑΘΗΝΑ,Ιπποκράτους και Δερβενίων,False,False,
2023/03/26,ΔΙΑΚΟΠΗ ΥΔΡΕΥΣΗΣ,ΨΥΧΙΚΟ,Κωστή Παλαμά και Αγίου Δημητρίου,False,False,
2023/03/26,ΔΙΑΚΟΠΗ ΥΔΡΕΥΣΗΣ,ΨΥΧΙΚΟ,Κωστή Παλαμά και Αγίου Δημητρίου,False,False,
2023/03/26,ΔΙΑΚΟΠΗ ΥΔΡΕΥΣΗΣ,ΓΛΥΦΑΔΑ,Αγίου Γερασίμου κα Σάκη Καράγιωργα,False,False,
2023/03/26,ΔΙΑΚΟΠΗ ΥΔΡΕΥΣΗΣ,ΓΛΥΦΑΔΑ,Αγίου Γερασίμου κα Σάκη Καράγιωργα,False,False,
2023/03/27,ΔΙΑΚΟΠΗ ΥΔΡΕΥΣΗΣ,ΖΩΓΡΑΦΟΣ,34ου Συντάγματος και Αριστομένους,False,False,
2023/03/27,ΔΙΑΚΟΠΗ ΥΔΡΕΥΣΗΣ,ΓΟΥΔΙ,34ου Συντάγματος και Αριστομένους,False,False,
2023/03/27,ΔΙΑΚΟΠΗ ΥΔΡΕΥΣΗΣ,ΥΜΗΤΤΟΣ,Μαντώς Μαυρογένους & Κονίτσης,False,False,
2023/03/27,ΔΙΑΚΟΠΗ ΥΔΡΕΥΣΗΣ,ΥΜΗΤΤΟΣ,Μαντώς Μαυρογένους & Κονίτσης,False,False,
2023/03/27,ΔΙΑΚΟΠΗ ΥΔΡΕΥΣΗΣ,ΝΕΑ ΙΩΝΙΑ,Ομορφοκκλησιάς & Ηρώων Καλογρέζας,False,False,
2023/03/27,ΔΙΑΚΟΠΗ ΥΔΡΕΥΣΗΣ,Ν. ΙΩΝΙΑ,Ομορφοκκλησιάς & Ηρώων Καλογρέζας,False,False,
2023/03/27,ΔΙΑΚΟΠΗ ΥΔΡΕΥΣΗΣ,ΑΣΠΡΟΠΥΡΓΟΣ,Βελανιδιάς & Αγ. Ιωάννου,False,False,
2023/03/27,ΔΙΑΚΟΠΗ ΥΔΡΕΥΣΗΣ,ΑΣΠΡΟΠΥΡΓΟΣ,Βελανιδιάς & Αγ. Ιωάννου,False,False,
2023/03/27,ΔΙΑΚΟΠΗ ΥΔΡΕΥΣΗΣ,ΕΛΕΥΣΙΝΑ,Άρη Βελουχιώτη & Αντιγόνης,False,False,
2023/03/27,ΔΙΑΚΟΠΗ ΥΔΡΕΥΣΗΣ,ΕΛΕΥΣΙΝΑ,Άρη Βελουχιώτη & Αντιγόνης,False,False,
2023/03/27,ΔΙΑΚΟΠΗ ΥΔΡΕΥΣΗΣ,ΒΥΡΩΝΑΣ,Τ. Περτσεμλή & Φλέμινγκ,False,False,
2023/03/27,ΔΙΑΚΟΠΗ ΥΔΡΕΥΣΗΣ,ΒΥΡΩΝΑ,Τ. Περτσεμλή & Φλέμινγκ,False,False,
2023/03/27,ΔΙΑΚΟΠΗ ΥΔΡΕΥΣΗΣ,ΗΛΙΟΥΠΟΛΗ,Μεσσηνίας & Ηπείρου,False,False,
2023/03/27,ΔΙΑΚΟΠΗ ΥΔΡΕΥΣΗΣ,ΗΛΙΟΥΠΟΛΗ,Μεσσηνίας & Ηπείρου,False,False,
2023/03/27,ΔΙΑΚΟΠΗ ΥΔΡΕΥΣΗΣ,ΠΕΙΡΑΙΑΣ,Αγ. Ελευθερίου & Σερίφου,False,False,
2023/03/27,ΔΙΑΚΟΠΗ ΥΔΡΕΥΣΗΣ,ΚΑΜΙΝΙΑ,Αγ. Ελευθερίου & Σερίφου,False,False,
2023/03/27,ΔΙΑΚΟΠΗ ΥΔΡΕΥΣΗΣ,ΝΙΚΑΙΑ,Άγγελου Σικελιανού & Γιάννη Κεχαγιά,False,True,
2023/03/27,ΔΙΑΚΟΠΗ ΥΔΡΕΥΣΗΣ,ΝΙΚΑΙΑ,Άγγελου Σικελιανού & Γιάννη Κεχαγιά,False,True,
2023/03/27,ΔΙΑΚΟΠΗ ΥΔΡΕΥΣΗΣ,ΥΜΗΤΤΟΣ,Ιεραπετριτάκη και Μπουλούμπεη,False,False,
2023/03/27,ΔΙΑΚΟΠΗ ΥΔΡΕΥΣΗΣ,ΥΜΗΤΤΟΣ,Ιεραπετριτάκη και Μπουλούμπεη,False,False,
2023/03/27,ΔΙΑΚΟΠΗ ΥΔΡΕΥΣΗΣ,ΚΟΡΥΔΑΛΛΟΣ,Αγ. Νικολάου & Ν. Καπετανίδη,False,False,
2023/03/27,ΔΙΑΚΟΠΗ ΥΔΡΕΥΣΗΣ,ΚΟΡΥΔΑΛΛΟΣ,Αγ. Νικολάου & Ν. Καπετανίδη,False,False,
2023/03/27,ΔΙΑΚΟΠΗ ΥΔΡΕΥΣΗΣ,ΜΟΣΧΑΤΟ,Χρυσοστόμου Σμύρνης και Ρούσου,False,False,
2023/03/27,ΔΙΑΚΟΠΗ ΥΔΡΕΥΣΗΣ,ΜΟΣΧΑΤΟ,Χρυσοστόμου Σμύρνης και Ρούσου,False,False,
2023/03/27,ΔΙΑΚΟΠΗ ΥΔΡΕΥΣΗΣ,ΠΑΠΑΓΟΥ,Αργυροκάστρου και Αδελφών Διδασκάλου (ΕΠΗΡΕΑΖΕΤΑΙ ΕΥΡΥΤΕΡΟ ΤΜΗΜΑ),False,False,
2023/03/27,ΔΙΑΚΟΠΗ ΥΔΡΕΥΣΗΣ,ΠΑΠΑΓΟΣ,Αργυροκάστρου και Αδελφών Διδασκάλου (ΕΠΗΡΕΑΖΕΤΑΙ ΕΥΡΥΤΕΡΟ ΤΜΗΜΑ),False,False,
2023/03/27,ΔΙΑΚΟΠΗ ΥΔΡΕΥΣΗΣ,ΠΑΠΑΓΟΥ,Αργυροκάστρου και Παπαρόδου,False,False,
2023/03/27,ΔΙΑΚΟΠΗ ΥΔΡΕΥΣΗΣ,ΠΑΠΑΓΟΣ,Αργυροκάστρου και Παπαρόδου,False,False,
2023/03/28,ΔΙΑΚΟΠΗ ΥΔΡΕΥΣΗΣ,ΚΑΜΑΤΕΡΟ,Καφαντάρη και Φαναριωτών,False,False,
2023/03/28,ΔΙΑΚΟΠΗ ΥΔΡΕΥΣΗΣ,ΚΑΜΑΤΕΡΟ,Καφαντάρη και Φαναριωτών,False,False,
2023/03/28,ΔΙΑΚΟΠΗ ΥΔΡΕΥΣΗΣ,ΧΟΛΑΡΓΟΣ,Αγίου Ιωάννη Θεολόγου και Πολυμνίας,False,False,
2023/03/28,ΔΙΑΚΟΠΗ ΥΔΡΕΥΣΗΣ,ΧΟΛΑΡΓΟΣ,Αγίου Ιωάννη Θεολόγου και Πολυμνίας,False,False,
2023/03/28,ΔΙΑΚΟΠΗ ΥΔΡΕΥΣΗΣ,ΜΕΓΑΡΑ,Μαρουλής Γ. και 25ης Μαρτίου,False,False,
2023/03/28,ΔΙΑΚΟΠΗ ΥΔΡΕΥΣΗΣ,ΜΕΓΑΡΑ,Μαρουλής Γ. και 25ης Μαρτίου,False,False,
2023/03/28,ΔΙΑΚΟΠΗ ΥΔΡΕΥΣΗΣ,ΣΑΛΑΜΙΝΑ,Μεταμόρφωση Σωτήρος και Ακακίας (Περιοχή Περιστέρια),False,False,
2023/03/28,ΔΙΑΚΟΠΗ ΥΔΡΕΥΣΗΣ,ΣΑΛΑΜΙΝΑ,Μεταμόρφωση Σωτήρος και Ακακίας (Περιοχή Περιστέρια),False,False,
2023/03/28,ΔΙΑΚΟΠΗ ΥΔΡΕΥΣΗΣ,ΑΣΠΡΟΠΥΡΓΟΣ,Αττική Οδός και Κεχρινίας,False,False,
2023/03/28,ΔΙΑΚΟΠΗ ΥΔΡΕΥΣΗΣ,ΑΣΠΡΟΠΥΡΓΟΣ,Αττική Οδός και Κεχρινίας,False,False,
2023/03/28,ΔΙΑΚΟΠΗ ΥΔΡΕΥΣΗΣ,ΠΕΡΑΜΑ,Μαρίας Κιουρί και Φολεγάνδρου,False,False,
2023/03/28,ΔΙΑΚΟΠΗ ΥΔΡΕΥΣΗΣ,ΠΕΡΑΜΑ,Μαρίας Κιουρί και Φολεγάνδρου,False,False,
2023/03/28,ΔΙΑΚΟΠΗ ΥΔΡΕΥΣΗΣ,ΓΛΥΦΑΔΑ,Πατρών και Κονίτσης,False,False,
2023/03/28,ΔΙΑΚΟΠΗ ΥΔΡΕΥΣΗΣ,ΓΛΥΦΑΔΑ,Πατρών και Κονίτσης,False,False,
2023/03/28,ΔΙΑΚΟΠΗ ΥΔΡΕΥΣΗΣ,ΝΕΑ ΙΩΝΙΑ,Ομορφοκκλησιάς και Εθνικής Αντιστάσεως,False,False,
2023/03/28,ΔΙΑΚΟΠΗ ΥΔΡΕΥΣΗΣ,ΚΑΛΟΓΡΕΖΑ,Ομορφοκκλησιάς και Εθνικής Αντιστάσεως,False,False,
2023/03/28,ΔΙΑΚΟΠΗ ΥΔΡΕΥΣΗΣ,ΠΕΥΚΑΚΙΑ,Ταγματάρχου Βελισσαρίου και Χάλκης,False,False,
2023/03/28,ΔΙΑΚΟΠΗ ΥΔΡΕΥΣΗΣ,ΝΕΑ ΙΩΝΙΑ,Ταγματάρχου Βελισσαρίου και Χάλκης,False,False,
2023/03/28,ΔΙΑΚΟΠΗ ΥΔΡΕΥΣΗΣ,ΠΕΡΙΣΤΕΡΙ,Ναυτίλου και Κυδωνιών,False,False,
2023/03/28,ΔΙΑΚΟΠΗ ΥΔΡΕΥΣΗΣ,Ν. ΖΩΗ,Ναυτίλου και Κυδωνιών,False,False,
2023/03/28,ΔΙΑΚΟΠΗ ΥΔΡΕΥΣΗΣ,ΝΙΚΑΙΑ,Σικελιανού Αγγ. και Κεχαγιά Γ.,False,True,
2023/03/28,ΔΙΑΚΟΠΗ ΥΔΡΕΥΣΗΣ,ΝΙΚΑΙΑ,Σικελιανού Αγγ. και Κεχαγιά Γ.,False,True,
2023/03/28,ΔΙΑΚΟΠΗ ΥΔΡΕΥΣΗΣ,ΠΕΥΚΗΣ,Καποδιστρίου και Νάξου,False,False,
2023/03/28,ΔΙΑΚΟΠΗ ΥΔΡΕΥΣΗΣ,ΠΕΥΚΗ,Καποδιστρίου και Νάξου,False,False,
2023/03/28,ΔΙΑΚΟΠΗ ΥΔΡΕΥΣΗΣ,ΒΑΡΥΜΠΟΜΠΗ,Ελάτων και Ευκαλύπτων,False,False,
2023/03/28,ΔΙΑΚΟΠΗ ΥΔΡΕΥΣΗΣ,ΑΧΑΡΝΕΣ,Ελάτων και Ευκαλύπτων,False,False,
2023/03/28,ΔΙΑΚΟΠΗ ΥΔΡΕΥΣΗΣ,ΠΑΤΗΣΙΑ,Πανσελήνου και Περεσιάδου,False,False,
2023/03/28,ΔΙΑΚΟΠΗ ΥΔΡΕΥΣΗΣ,ΑΘΗΝΑ,Πανσελήνου και Περεσιάδου,False,False,
2023/03/28,ΔΙΑΚΟΠΗ ΥΔΡΕΥΣΗΣ,ΜΟΣΧΑΤΟ,Χρυσοστόμου Σμύρνης και Ρούσου,False,False,
2023/03/28,ΔΙΑΚΟΠΗ ΥΔΡΕΥΣΗΣ,ΜΟΣΧΑΤΟ,Χρυσοστόμου Σμύρνης και Ρούσου,False,False,
2023/03/28,ΔΙΑΚΟΠΗ ΥΔΡΕΥΣΗΣ,ΧΟΛΑΡΓΟΣ,Αθ. Διάκου και Μελά Β.,False,False,
2023/03/28,ΔΙΑΚΟΠΗ ΥΔΡΕΥΣΗΣ,ΧΟΛΑΡΓΟΣ,Αθ. Διάκου και Μελά Β.,False,False,
2023/03/29,ΔΙΑΚΟΠΗ ΥΔΡΕΥΣΗΣ,ΗΛΙΟΥΠΟΛΗ,Πινδάρου και Γορτυνίας,False,False,
2023/03/29,ΔΙΑΚΟΠΗ ΥΔΡΕΥΣΗΣ,ΗΛΙΟΥΠΟΛΗ,Πινδάρου και Γορτυνίας,False,False,
2023/03/29,ΔΙΑΚΟΠΗ ΥΔΡΕΥΣΗΣ,ΗΛΙΟΥΠΟΛΗ,Βορείου Ηπείρου και Λάρνακος,False,False,
2023/03/29,ΔΙΑΚΟΠΗ ΥΔΡΕΥΣΗΣ,ΗΛΙΟΥΠΟΛΗ,Βορείου Ηπείρου και Λάρνακος,False,False,
2023/03/29,ΔΙΑΚΟΠΗ ΥΔΡΕΥΣΗΣ,ΑΓΙΟΣ ΙΩΑΝΝΗΣ ΡΕΝΤΗΣ,28ης Οκτωβρίου και Αγγ.Σικελιανού,False,False,
2023/03/29,ΔΙΑΚΟΠΗ ΥΔΡΕΥΣΗΣ,ΑΓ. Ι. ΡΕΝΤΗΣ,28ης Οκτωβρίου και Αγγ.Σικελιανού,False,False,
2023/03/29,ΔΙΑΚΟΠΗ ΥΔΡΕΥΣΗΣ,ΚΟΡΥΔΑΛΛΟΣ,Αγίου Αρτεμίου και Ταξιαρχών,False,False,
2023/03/29,ΔΙΑΚΟΠΗ ΥΔΡΕΥΣΗΣ,ΚΟΡΥΔΑΛΛΟΣ,Αγίου Αρτεμίου και Ταξιαρχών,False,False,
2023/03/29,ΔΙΑΚΟΠΗ ΥΔΡΕΥΣΗΣ,ΓΛΥΦΑΔΑ,Σολωμού και Επαμεινώνδα,False,False,
2023/03/29,ΔΙΑΚΟΠΗ ΥΔΡΕΥΣΗΣ,ΓΛΥΦΑΔΑ,Σολωμού και Επαμεινώνδα,False,False,
2023/03/29,ΔΙΑΚΟΠΗ ΥΔΡΕΥΣΗΣ,ΑΘΗΝΑ,Ιλιάδος και Αττάλου,False,False,
2023/03/29,ΔΙΑΚΟΠΗ ΥΔΡΕΥΣΗΣ,ΑΓ. ΑΡΤΕΜΙΟΣ,Ιλιάδος και Αττάλου,False,False,
2023/03/29,ΔΙΑΚΟΠΗ ΥΔΡΕΥΣΗΣ,ΑΧΑΡΝΕΣ,Κολοκοτρώνη και Ηρώων Πολυτεχνείου,False,False,
2023/03/29,ΔΙΑΚΟΠΗ ΥΔΡΕΥΣΗΣ,ΑΧΑΡΝΕΣ,Κολοκοτρώνη και Ηρώων Πολυτεχνείου,False,False,
2023/03/29,ΔΙΑΚΟΠΗ ΥΔΡΕΥΣΗΣ,ΧΑΛΑΝΔΡΙ,Μεσσηνίας και Καλαβρύτων,False,False,
2023/03/29,ΔΙΑΚΟΠΗ ΥΔΡΕΥΣΗΣ,ΧΑΛΑΝΔΡΙ,Μεσσηνίας και Καλαβρύτων,False,False,
2023/03/29,ΔΙΑΚΟΠΗ ΥΔΡΕΥΣΗΣ,ΚΕΡΑΜΕΙΚΟΣ,Θερμοπυλών και Κεραμεικού,False,False,
2023/03/29,ΔΙΑΚΟΠΗ ΥΔΡΕΥΣΗΣ,ΑΘΗΝΑ,Θερμοπυλών και Κεραμεικού,False,False,
2023/03/29,ΔΙΑΚΟΠΗ ΥΔΡΕΥΣΗΣ,ΝΙΚΑΙΑ,Αλκαμένους και Περσεφόνης,False,False,
2023/03/29,ΔΙΑΚΟΠΗ ΥΔΡΕΥΣΗΣ,ΝΙΚΑΙΑ,Αλκαμένους και Περσεφόνης,False,False,
2023/03/29,ΔΙΑΚΟΠΗ ΥΔΡΕΥΣΗΣ,ΑΧΑΡΝΕΣ,Αγαμέμνονος και Κολοκοτρώνη,False,False,
2023/03/29,ΔΙΑΚΟΠΗ ΥΔΡΕΥΣΗΣ,ΑΧΑΡΝΕΣ,Αγαμέμνονος και Κολοκοτρώνη,False,False,
2023/03/29,ΔΙΑΚΟΠΗ ΥΔΡΕΥΣΗΣ,ΠΕΡΙΣΤΕΡΙ,Καλλιπόλεως και Καρυάτιδος,False,False,
2023/03/29,ΔΙΑΚΟΠΗ ΥΔΡΕΥΣΗΣ,Ν. ΖΩΗ,Καλλιπόλεως και Καρυάτιδος,False,False,
2023/03/29,ΔΙΑΚΟΠΗ ΥΔΡΕΥΣΗΣ,ΧΟΛΑΡΓΟΣ,Αγίου Ιωάννου Θεολόγου και Πολύμνιας,False,False,
2023/03/29,ΔΙΑΚΟΠΗ ΥΔΡΕΥΣΗΣ,ΧΟΛΑΡΓΟΣ,Αγίου Ιωάννου Θεολόγου και Πολύμνιας,False,False,
2023/03/29,ΔΙΑΚΟΠΗ ΥΔΡΕΥΣΗΣ,ΠΕΡΙΣΤΕΡΙ,Παγωνίου και Πυλίας,False,False,
2023/03/29,ΔΙΑΚΟΠΗ ΥΔΡΕΥΣΗΣ,ΠΕΡΙΣΤΕΡΙ,Παγωνίου και Πυλίας,False,False,
2023/03/30,ΔΙΑΚΟΠΗ ΥΔΡΕΥΣΗΣ,ΝΕΑ ΣΜΥΡΝΗ,Πλαστήρα Νικ. και Εφέσου,False,False,
2023/03/30,ΔΙΑΚΟΠΗ ΥΔΡΕΥΣΗΣ,Ν. ΣΜΥΡΝΗ Π,Πλαστήρα Νικ. και Εφέσου,False,False,
2023/03/30,ΔΙΑΚΟΠΗ ΥΔΡΕΥΣΗΣ,ΣΑΛΑΜΙΝΑ,"Αγ.Νεκταρίου και Αθανασίου, ΒΑΣΙΛΙΚΑ",False,False,
2023/03/30,ΔΙΑΚΟΠΗ ΥΔΡΕΥΣΗΣ,ΣΑΛΑΜΙΝΑ,"Αγ.Νεκταρίου και Αθανασίου, ΒΑΣΙΛΙΚΑ",False,False,
2023/03/30,ΔΙΑΚΟΠΗ ΥΔΡΕΥΣΗΣ,ΙΛΙΣΙΑ,Αβύδου και Μανώλη Ανδρόνικου,False,False,
2023/03/30,ΔΙΑΚΟΠΗ ΥΔΡΕΥΣΗΣ,ΖΩΓΡΑΦΟΥ,Αβύδου και Μανώλη Ανδρόνικου,False,False,
2023/03/30,ΔΙΑΚΟΠΗ ΥΔΡΕΥΣΗΣ,ΖΩΓΡΑΦΟΣ,Αβύδου και Μανώλη Ανδρόνικου,False,False,
2023/03/30,ΔΙΑΚΟΠΗ ΥΔΡΕΥΣΗΣ,ΧΑΛΑΝΔΡΙ,Χελμού και Οίτης,False,False,
2023/03/30,ΔΙΑΚΟΠΗ ΥΔΡΕΥΣΗΣ,ΧΑΛΑΝΔΡΙ,Χελμού και Οίτης,False,False,
2023/03/30,ΔΙΑΚΟΠΗ ΥΔΡΕΥΣΗΣ,ΧΟΛΑΡΓΟΣ,Αγίου Ιωάννου Θεολόγου και Πολύμνιας,False,False,
2023/03/30,ΔΙΑΚΟΠΗ ΥΔΡΕΥΣΗΣ,ΜΑΡΟΥΣΙ,Ηροδότου και Ίριδος,False,False,
2023/03/30,ΔΙΑΚΟΠΗ ΥΔΡΕΥΣΗΣ,ΜΑΡΟΥΣΙ,Ηροδότου και Ίριδος,False,False,
2023/03/30,ΔΙΑΚΟΠΗ ΥΔΡΕΥΣΗΣ,ΙΛΙΟΝ,Πίνδου και Αγίου Νικολάου,False,False,
2023/03/30,ΔΙΑΚΟΠΗ ΥΔΡΕΥΣΗΣ,ΙΛΙΟΝ,Πίνδου και Αγίου Νικολάου,False,False,
2023/03/30,ΔΙΑΚΟΠΗ ΥΔΡΕΥΣΗΣ,ΠΕΙΡΑΙΑΣ,Παξών και Ερμουπόλεως,False,False,
2023/03/30,ΔΙΑΚΟΠΗ ΥΔΡΕΥΣΗΣ,ΚΑΜΙΝΙΑ,Παξών και Ερμουπόλεως,False,False,
2023/03/30,ΔΙΑΚΟΠΗ ΥΔΡΕΥΣΗΣ,ΥΜΗΤΤΟΣ,Μεσολογγίου και Σαμίου,False,False,
2023/03/30,ΔΙΑΚΟΠΗ ΥΔΡΕΥΣΗΣ,ΥΜΗΤΤΟΣ,Μεσολογγίου και Σαμίου,False,False,
2023/03/30,ΔΙΑΚΟΠΗ ΥΔΡΕΥΣΗΣ,ΝΙΚΑΙΑ,Νικολαΐδη και Αγγέλου Σικελιανού,False,True,
2023/03/30,ΔΙΑΚΟΠΗ ΥΔΡΕΥΣΗΣ,ΝΙΚΑΙΑ,Νικολαΐδη και Αγγέλου Σικελιανού,False,True,
2023/03/30,ΔΙΑΚΟΠΗ ΥΔΡΕΥΣΗΣ,ΕΦΟΡΙΑΚΩΝ,Αγίου Παντελεήμονος και Κύπρου,False,False,
2023/03/30,ΔΙΑΚΟΠΗ ΥΔΡΕΥΣΗΣ,ΑΛΙΜΟΣ,Αγίου Παντελεήμονος και Κύπρου,False,False,
2023/03/30,ΔΙΑΚΟΠΗ ΥΔΡΕΥΣΗΣ,ΝΕΟ ΨΥΧΙΚΟ,Κωστή Παλαμά και 28ης Οκτωβρίου,False,False,
2023/03/30,ΔΙΑΚΟΠΗ ΥΔΡΕΥΣΗΣ,Ν. ΨΥΧΙΚΟ,Κωστή Παλαμά και 28ης Οκτωβρίου,False,False,
2023/03/30,ΔΙΑΚΟΠΗ ΥΔΡΕΥΣΗΣ,ΕΛΕΥΣΙΝΑ,Γκίκα Ευάγγελου και Σκορδά,False,True,
2023/03/30,ΔΙΑΚΟΠΗ ΥΔΡΕΥΣΗΣ,ΕΛΕΥΣΙΝΑ,Γκίκα Ευάγγελου και Σκορδά,False,True,
2023/03/30,ΔΙΑΚΟΠΗ ΥΔΡΕΥΣΗΣ,ΠΕΡΑΜΑ,Χρυσοστόμου Σμύρνης και Πλαστήρα,False,False,
2023/03/30,ΔΙΑΚΟΠΗ ΥΔΡΕΥΣΗΣ,ΠΕΡΑΜΑ,Χρυσοστόμου Σμύρνης και Πλαστήρα,False,False,
2023/03/30,ΔΙΑΚΟΠΗ ΥΔΡΕΥΣΗΣ,ΧΟΛΑΡΓΟΣ,Αγίου Ιωάννου Θεολόγου και Πολυμνίας,False,False,
2023/03/30,ΔΙΑΚΟΠΗ ΥΔΡΕΥΣΗΣ,ΧΟΛΑΡΓΟΣ,Αγίου Ιωάννου Θεολόγου και Πολυμνίας,False,False,
2023/03/30,ΔΙΑΚΟΠΗ ΥΔΡΕΥΣΗΣ,ΠΑΛΛΗΝΗΣ,Βυζαντιου 6 & Αγίου Νικολάου,False,False,
2023/03/30,ΔΙΑΚΟΠΗ ΥΔΡΕΥΣΗΣ,ΠΑΛΛΗΝΗ,Βυζαντιου 6 & Αγίου Νικολάου,False,False,
2023/03/30,ΔΙΑΚΟΠΗ ΥΔΡΕΥΣΗΣ,ΑΧΑΡΝΕΣ,Θεσσαλίας και Ευρίπου,False,False,
2023/03/30,ΔΙΑΚΟΠΗ ΥΔΡΕΥΣΗΣ,ΑΧΑΡΝΕΣ,Θεσσαλίας και Ευρίπου,False,False,
2023/03/31,ΔΙΑΚΟΠΗ ΥΔΡΕΥΣΗΣ,ΣΑΛΑΜΙΝΑ,Μαραθώνος και Χίου,False,False,
2023/03/31,ΔΙΑΚΟΠΗ ΥΔΡΕΥΣΗΣ,ΑΙΑΝΤΕΙΟ,Μαραθώνος και Χίου,False,False,
2023/03/31,ΔΙΑΚΟΠΗ ΥΔΡΕΥΣΗΣ,ΗΛΙΟΥΠΟΛΗ,Ηρακλέους και Γράμμου,False,False,
2023/03/31,ΔΙΑΚΟΠΗ ΥΔΡΕΥΣΗΣ,ΗΛΙΟΥΠΟΛΗ,Ηρακλέους και Γράμμου,False,False,
2023/03/31,ΔΙΑΚΟΠΗ ΥΔΡΕΥΣΗΣ,ΝΙΚΑΙΑ,Λεμονή και Ακροπόλεως,False,False,
2023/03/31,ΔΙΑΚΟΠΗ ΥΔΡΕΥΣΗΣ,ΝΙΚΑΙΑ,Λεμονή και Ακροπόλεως,False,False,
2023/03/31,ΔΙΑΚΟΠΗ ΥΔΡΕΥΣΗΣ,ΝΙΚΑΙΑ,Ευριπίδου και Σικελιανού,False,True,
2023/03/31,ΔΙΑΚΟΠΗ ΥΔΡΕΥΣΗΣ,ΝΙΚΑΙΑ,Ευριπίδου και Σικελιανού,False,True,
2023/03/31,ΔΙΑΚΟΠΗ ΥΔΡΕΥΣΗΣ,ΠΕΙΡΑΙΑΣ,Δωδεκανήσου και Υμηττού,False,True,
2023/03/31,ΔΙΑΚΟΠΗ ΥΔΡΕΥΣΗΣ,ΚΑΜΙΝΙΑ,Δωδεκανήσου και Υμηττού,False,True,
2023/03/31,ΔΙΑΚΟΠΗ ΥΔΡΕΥΣΗΣ,ΚΟΛΩΝΟΣ,Δημοσθένους και Κιλκίς,False,False,
2023/03/31,ΔΙΑΚΟΠΗ ΥΔΡΕΥΣΗΣ,ΑΘΗΝΑ,Δημοσθένους και Κιλκίς,False,False,
2023/03/31,ΔΙΑΚΟΠΗ ΥΔΡΕΥΣΗΣ,ΗΛΙΟΥΠΟΛΗ,Παλαμά και Σολωμού,False,False,
2023/03/31,ΔΙΑΚΟΠΗ ΥΔΡΕΥΣΗΣ,ΗΛΙΟΥΠΟΛΗ,Παλαμά και Σολωμού,False,False,
2023/03/31,ΔΙΑΚΟΠΗ ΥΔΡΕΥΣΗΣ,ΙΛΙΟΝ,Πίνδου και Αγίων Σαράντα,False,False,
2023/03/31,ΔΙΑΚΟΠΗ ΥΔΡΕΥΣΗΣ,ΙΛΙΟΝ,Πίνδου και Αγίων Σαράντα,False,False,
2023/03/31,ΔΙΑΚΟΠΗ ΥΔΡΕΥΣΗΣ,ΠΕΥΚΗΣ,Νάξου και Καποδιστρίου,False,True,
2023/03/31,ΔΙΑΚΟΠΗ ΥΔΡΕΥΣΗΣ,ΠΕΥΚΗ,Νάξου και Καποδιστρίου,False,True,
2023/03/31,ΔΙΑΚΟΠΗ ΥΔΡΕΥΣΗΣ,ΧΟΛΑΡΓΟΣ,Αγίου Ιωάννου Θεολόγου και Πολύμνιας,False,False,
2023/03/31,ΔΙΑΚΟΠΗ ΥΔΡΕΥΣΗΣ,ΧΟΛΑΡΓΟΣ,Αγίου Ιωάννου Θεολόγου και Πολύμνιας,False,False,
