Ημερομηνία,ΟΣΥ,ΣΤΑΣΥ,Γραμμή 1,Γραμμή 2,Γραμμή 3,Αεροδρόμιο,ΤΡΑΜ,ΚΤΕΛ,ΣΥΝΟΛΟ ΟΣΥ ΣΤΑΣΥ,ΣΥΝΟΛΟ ΟΣΥ ΚΤΕΛ,ΓΕΝΙΚΟ ΣΥΝΟΛΟ ΟΣΥ ΚΤΕΛ ΣΤΑΣΥ
1/1/2019,63790,286496,85712,114798,78256,4123,3607,0,350286,63790,350286
2/1/2019,226653,765881,216065,313816,217018,9825,9157,0,992534,226653,992534
3/1/2019,262009,943611,259206,401619,263297,10148,9341,0,1205620,262009,1205620
4/1/2019,316643,1027491,281283,435497,289144,10627,10940,0,1344134,316643,1344134
5/1/2019,215424,733791,209966,310095,196536,7727,9467,0,949215,215424,949215
6/1/2019,128728,513469,149650,204099,146038,6843,6839,0,642197,128728,642197
7/1/2019,353665,1115769,304348,459601,328916,10852,12052,0,1469434,353665,1469434
8/1/2019,277886,976863,261047,413044,284856,6907,11009,0,1254749,277886,1254749
9/1/2019,370748,1186910,314033,488399,362999,9522,11957,0,1557658,370748,1557658
10/1/2019,403670,1255673,354926,499120,377314,10297,14016,0,1659343,403670,1659343
11/1/2019,379899,1299695,359244,519656,395770,11505,13520,0,1679594,379899,1679594
12/1/2019,206028,742796,208489,310733,208104,7424,8046,0,948824,206028,948824
13/1/2019,161764,623946,176929,247471,183638,7235,8673,0,785710,161764,785710
14/1/2019,429753,1340777,357596,552944,402875,12821,14541,0,1770530,429753,1770530
15/1/2019,399690,1261507,337517,519558,380806,10805,12821,0,1661197,399690,1661197
16/1/2019,420544,1301107,347362,535993,391754,11693,14305,0,1721651,420544,1721651
17/1/2019,424450,1369048,366036,565969,408577,12592,15874,0,1793498,424450,1793498
18/1/2019,442649,1348765,365106,552562,402510,13123,15464,0,1791414,442649,1791414
19/1/2019,268262,875970,251289,361385,242443,8426,12427,0,1144232,268262,1144232
20/1/2019,143049,646083,218007,219179,190781,8740,9376,0,789132,143049,789132
21/1/2019,441762,1275679,347799,518353,381803,12788,14936,0,1717441,441762,1717441
22/1/2019,441269,1290545,351703,526478,386109,11802,14453,0,1731814,441269,1731814
23/1/2019,402276,1258013,339112,512167,381869,11735,13130,0,1660289,402276,1660289
24/1/2019,417573,1296339,366602,497975,404559,12286,14917,0,1713912,417573,1713912
25/1/2019,310660,1144732,317500,450714,356835,11522,8161,0,1455392,310660,1455392
26/1/2019,263105,865531,246367,357985,241944,8582,10653,0,1128636,263105,1128636
27/1/2019,171481,655316,188952,257734,191283,7774,9573,0,826797,171481,826797
28/1/2019,462415,1329341,365017,538505,397398,12863,15558,0,1791756,462415,1791756
29/1/2019,451748,1335261,366867,542224,399701,11610,14859,0,1787009,451748,1787009
30/1/2019,421235,1264858,349866,516950,370715,11831,15496,0,1686093,421235,1686093
31/1/2019,430943,1314408,357784,536971,392701,12263,14689,0,1745351,430943,1745351
1/2/2019,453819,1369068,378979,557394,403400,13319,15976,0,1822887,453819,1822887
2/2/2019,271706,893232,257329,364777,250091,8772,12263,0,1164938,271706,1164938
3/2/2019,172701,685575,200615,271836,195266,8002,9856,0,858276,172701,858276
4/2/2019,454761,1316432,364045,535058,389016,13301,15012,0,1771193,454761,1771193
5/2/2019,442176,1298611,356905,530682,384703,12178,14143,0,1740787,442176,1740787
6/2/2019,375011,1203354,325319,494502,359522,11766,12245,0,1578365,375011,1578365
7/2/2019,413891,1280355,350552,520387,383809,12278,13329,0,1694246,413891,1694246
8/2/2019,435953,1353505,371020,550923,403353,13674,14535,0,1789458,435953,1789458
9/2/2019,277720,887196,255703,362218,247342,9688,12245,0,1164916,277720,1164916
10/2/2019,177653,677283,196686,263841,196994,8837,10925,0,854936,177653,854936
11/2/2019,465989,1340606,371389,539023,400086,14025,16083,0,1806595,465989,1806595
12/2/2019,450240,1339241,374233,540957,396207,12612,15232,0,1789481,450240,1789481
13/2/2019,387487,1253713,343644,509886,375698,12052,12433,0,1641200,387487,1641200
14/2/2019,400382,1283630,355085,518706,385144,11101,13594,0,1684012,400382,1684012
15/2/2019,381344,1280436,345348,527491,381551,12965,13081,0,1661780,381344,1661780
16/2/2019,230310,803579,228866,332392,224811,8345,9165,0,1033889,230310,1033889
17/2/2019,162328,650525,188952,251486,193049,8295,8743,0,812853,162328,812853
18/2/2019,437324,1355850,378549,541169,405320,14443,16369,0,1793174,437324,1793174
19/2/2019,448453,1373207,384656,552417,407766,13220,15148,0,1821660,448453,1821660
20/2/2019,448112,1386106,385080,555290,416813,13665,15258,0,1834218,448112,1834218
21/2/2019,464629,1309738,316878,552056,409652,13650,17502,0,1774367,464629,1774367
22/2/2019,445379,1387218,392533,559226,411509,14554,9396,0,1832597,445379,1832597
23/2/2019,195391,707404,197442,299717,198756,7689,3800,0,902795,195391,902795
24/2/2019,107194,466045,128316,189632,137368,6846,3883,0,573239,107194,573239
25/2/2019,372909,1232801,335220,501178,372938,13223,10242,0,1605710,372909,1605710
26/2/2019,432303,1345917,374319,546606,401442,12836,10714,0,1778220,432303,1778220
27/2/2019,426350,1365756,375432,556707,409364,13221,11032,0,1792106,426350,1792106
28/2/2019,424897,1372069,381253,553627,409730,12664,14795,0,1796966,424897,1796966
1/3/2019,444949,1388279,390659,565389,409128,14417,8686,0,1833228,444949,1833228
2/3/2019,460610,918763,266414,374512,251643,9590,16604,0,1379373,460610,1379373
3/3/2019,461109,706332,202418,277808,200898,8604,16604,0,1167441,461109,1167441
4/3/2019,445200,1391110,391895,559538,411686,14597,13394,0,1836310,445200,1836310
5/3/2019,444819,1392657,391895,559538,411686,14597,14941,0,1837476,444819,1837476
6/3/2019,466386,1426491,401385,575014,421857,14044,14191,0,1892877,466386,1892877
7/3/2019,471189,1429158,406608,570820,423056,13607,15067,0,1900347,471189,1900347
8/3/2019,431432,1405214,401444,570291,407901,14307,11271,0,1836646,431432,1836646
9/3/2019,259378,784832,236064,321974,212705,9190,4899,0,1044210,259378,1044210
10/3/2019,154470,644844,198361,249669,176857,7918,12039,0,799314,154470,799314
11/3/2019,131198,473141,156065,178965,122826,7147,8138,0,604339,131198,604339
12/3/2019,425692,1293387,365840,516603,384802,13476,12666,0,1719079,425692,1719079
13/3/2019,408994,1320683,366712,531777,394570,13117,14507,0,1729677,408994,1729677
14/3/2019,415347,1422464,392671,572969,428709,14306,13809,0,1837811,415347,1837811
15/3/2019,421194,1382545,385415,561814,411798,14665,8853,0,1803739,421194,1803739
16/3/2019,268375,952913,281111,385730,270523,10541,5008,0,1221288,268375,1221288
17/3/2019,157749,958917,281111,385736,270523,10541,11006,0,1116666,157749,1116666
18/3/2019,454423,1418368,399910,563813,424764,15158,14723,0,1872791,454423,1872791
19/3/2019,465224,1426468,400664,572486,424072,13978,15268,0,1891692,465224,1891692
20/3/2019,453663,1407496,398995,561837,420698,14321,11645,0,1861159,453663,1861159
21/3/2019,448869,1412906,390566,568182,425233,13912,15013,0,1861775,448869,1861775
22/3/2019,406149,1372322,390749,554120,402486,14179,10788,0,1778471,406149,1778471
23/3/2019,253814,849459,255892,344852,233487,9707,5521,0,1103273,253814,1103273
24/3/2019,157823,669948,200439,264458,188956,7751,8344,0,827771,157823,827771
25/3/2019,120818,627531,189298,257818,164684,7657,8074,0,748349,120818,748349
26/3/2019,438206,1361658,382819,548362,401930,14369,14178,0,1799864,438206,1799864
27/3/2019,437948,1416288,393180,569939,424388,15087,13694,0,1854236,437948,1854236
28/3/2019,409200,1386698,386152,564283,409550,13737,12976,0,1795898,409200,1795898
29/3/2019,419673,1391493,387786,567262,413955,14100,8390,0,1811166,419673,1811166
30/3/2019,257878,914009,276410,368481,253458,9550,6110,0,1171887,257878,1171887
31/3/2019,169659,695501,206266,269822,200402,8467,10544,0,865160,169659,865160
1/4/2019,462774,1406454,397473,562006,413915,15198,17862,0,1869228,462774,1869228
2/4/2019,446078,1445891,406044,581143,428020,14513,16171,0,1891969,446078,1891969
3/4/2019,400239,1468248,412738,586490,439680,15208,14132,0,1868487,400239,1868487
4/4/2019,447610,1479186,416671,589493,440468,15284,17270,0,1926796,447610,1926796
5/4/2019,413615,1463836,415209,589105,433745,15408,10369,0,1877451,413615,1877451
6/4/2019,211486,817724,235500,340801,227724,9087,4612,0,1029210,211486,1029210
7/4/2019,175160,739104,219520,290694,210233,9135,9522,0,914264,175160,914264
8/4/2019,397639,1308155,364211,528892,389734,15393,9925,0,1705794,397639,1705794
9/4/2019,443811,1418766,399641,571609,420479,14948,12089,0,1862577,443811,1862577
10/4/2019,439825,1445177,408815,581483,423682,15945,15252,0,1885002,439825,1885002
11/4/2019,454145,1492348,422928,594637,441756,15886,17141,0,1946493,454145,1946493
12/4/2019,390220,1394456,387823,571223,411120,15551,8739,0,1784676,390220,1784676
13/4/2019,252725,799807,265783,367862,150481,10756,4925,0,1052532,252725,1052532
14/4/2019,168236,785623,231057,305442,231381,9664,8079,0,953859,168236,953859
15/4/2019,413916,1386430,393297,556835,408580,14770,12948,0,1800346,413916,1800346
16/4/2019,453814,1500249,429918,600858,438956,15306,15211,0,1954063,453814,1954063
17/4/2019,434964,1481894,424012,591267,435692,16335,14588,0,1916858,434964,1916858
18/4/2019,447567,1482350,424012,591267,435696,16335,15040,0,1929917,447567,1929917
19/4/2019,440609,1496486,431914,606215,431575,16345,10437,0,1937095,440609,1937095
20/4/2019,272354,964651,291348,395822,259755,11506,6220,0,1237005,272354,1237005
21/4/2019,194516,830761,255553,335877,220163,9559,9609,0,1025277,194516,1025277
22/4/2019,418648,1350822,391095,549122,380485,15518,14602,0,1769470,418648,1769470
23/4/2019,420834,1331860,392191,539314,372582,14281,13492,0,1752694,420834,1752694
24/4/2019,408456,1274634,380562,516381,349650,14233,13808,0,1683090,408456,1683090
25/4/2019,350699,1080515,333932,438522,283984,12488,11589,0,1431214,350699,1431214
26/4/2019,200759,647040,211369,264385,153483,8592,9211,0,847799,200759,847799
27/4/2019,145616,469439,160908,186447,106374,7071,8639,0,615055,145616,615055
28/4/2019,65765,465297,160908,186447,106374,7071,4497,0,531062,65765,531062
29/4/2019,104677,384055,138437,146141,90649,7078,1750,0,488732,104677,488732
30/4/2019,256223,834048,271568,333231,208709,10772,9768,0,1090271,256223,1090271
1/5/2019,1407,233604,3189,133666,89509,16,7224,0,235011,1407,235011
2/5/2019,355866,1164571,354163,467964,314466,14448,13530,0,1520437,355866,1520437
3/5/2019,364169,1209836,369050,489225,328079,14693,8789,0,1574005,364169,1574005
4/5/2019,228186,556970,24861,313710,202887,9965,5547,0,785156,228186,785156
5/5/2019,170778,694421,221257,274357,180574,8912,9321,0,865199,170778,865199
6/5/2019,439221,1379369,403447,545201,400273,15758,14690,0,1818590,439221,1818590
7/5/2019,444729,1424335,413242,571574,412466,15961,11092,0,1869064,444729,1869064
8/5/2019,453020,1443555,419629,575337,418297,16351,13941,0,1896575,453020,1896575
9/5/2019,453472,1446661,419629,575337,418297,16351,17047,0,1900133,453472,1900133
10/5/2019,445663,1461108,428678,583420,421121,16742,11147,0,1906771,445663,1906771
11/5/2019,262498,952745,290897,381951,261723,11043,7131,0,1215243,262498,1215243
12/5/2019,174764,723880,223448,277917,203222,9533,9760,0,898644,174764,898644
13/5/2019,456102,1402037,406648,554607,410549,15282,14951,0,1858139,456102,1858139
14/5/2019,432302,1440307,416601,572201,422508,14733,14264,0,1872609,432302,1872609
15/5/2019,458747,1477290,428132,583389,435694,15077,14998,0,1936037,458747,1936037
16/5/2019,451117,1479052,428138,583389,435702,15077,16746,0,1930169,451117,1930169
17/5/2019,429791,1447278,429791,576615,417969,15503,7400,0,1877069,429791,1877069
18/5/2019,273718,994193,306476,401958,267374,11009,7376,0,1267911,273718,1267911
19/5/2019,288620,731210,227333,284580,204452,9479,5366,0,1019830,288620,1019830
20/5/2019,452608,1446324,424591,571923,419072,15262,15476,0,1898932,452608,1898932
21/5/2019,450756,1457064,430621,575512,421140,14580,15211,0,1907820,450756,1907820
22/5/2019,436643,1476385,428081,590384,426503,15390,16027,0,1913028,436643,1913028
23/5/2019,437653,1479695,429908,588842,430880,15026,15039,0,1917348,437653,1917348
24/5/2019,394109,1430537,423891,574047,405937,15149,11513,0,1824646,394109,1824646
25/5/2019,246553,849598,268624,340341,225549,10274,4810,0,1096151,246553,1096151
26/5/2019,151757,598099,192606,228192,160390,8674,8237,0,749856,151757,749856
27/5/2019,370017,1209051,360289,480320,343385,13827,11230,0,1579068,370017,1579068
28/5/2019,431239,1230703,420641,365335,414423,14840,15464,0,1661942,431239,1661942
29/5/2019,434899,1438401,419270,566343,421170,14814,16804,0,1873300,434899,1873300
30/5/2019,435928,1480736,432192,582922,432737,15383,17502,0,1916664,435928,1916664
31/5/2019,403600,1211270,355271,484286,343308,12648,15757,0,1614870,403600,1614870
1/6/2019,250432,846445,275380,333849,221273,11314,4629,0,1096877,250432,1096877
2/6/2019,164936,641819,209159,244215,170446,9904,8095,0,806755,164936,806755
3/6/2019,409433,1248262,378145,488268,351704,14320,15825,0,1657695,409433,1657695
4/6/2019,451568,1454361,434709,570091,416500,15983,17078,0,1905929,451568,1905929
5/6/2019,437959,1463499,437346,572457,420415,16398,16883,0,1901458,437959,1901458
6/6/2019,440559,1486038,444032,579598,428655,16457,17296,0,1926597,440559,1926597
7/6/2019,435366,1464428,442777,576129,418166,16797,10559,0,1899794,435366,1899794
8/6/2019,255045,954258,299127,387840,249361,12347,5583,0,1209303,255045,1209303
9/6/2019,166926,675973,213603,263053,179636,9846,9835,0,842899,166926,842899
10/6/2019,417102,1423732,431326,553782,407547,16149,14928,0,1840834,417102,1840834
11/6/2019,426209,1423635,425347,560419,406361,16019,15489,0,1849844,426209,1849844
12/6/2019,431253,1429507,427965,557888,412087,15904,15663,0,1860760,431253,1860760
13/6/2019,448289,1453310,431874,569603,416389,15675,19769,0,1901599,448289,1901599
14/6/2019,397624,837103,258385,328259,233448,10440,6571,0,1234727,397624,1234727
15/6/2019,247390,817563,269134,326355,203978,10587,7509,0,1064953,247390,1064953
16/6/2019,158158,586847,192288,226001,149101,9355,10102,0,745005,158158,745005
17/6/2019,247053,769988,262304,308899,187628,11042,115,0,1017041,247053,1017041
18/6/2019,413867,1397382,422706,546284,399085,15883,13424,0,1811249,413867,1811249
19/6/2019,419510,1414097,418914,558449,406558,15416,14760,0,1833607,419510,1833607
20/6/2019,424190,1457279,430884,579719,418117,15194,13365,0,1881469,424190,1881469
21/6/2019,418207,1431144,431839,568713,406145,15559,8888,0,1849351,418207,1849351
22/6/2019,251373,880667,288347,348361,225184,10827,7948,0,1132040,251373,1132040
23/6/2019,153357,651193,205963,256297,170591,9281,9061,0,804550,153357,804550
24/6/2019,411081,1390862,411762,552261,397045,15313,14481,0,1801943,411081,1801943
25/6/2019,412790,1401865,417034,555381,396933,15934,16583,0,1814655,412790,1814655
26/6/2019,419780,1406900,418374,554291,404536,14818,14881,0,1826680,419780,1826680
27/6/2019,430465,1452894,433562,575226,413928,14901,15277,0,1883359,430465,1883359
28/6/2019,414078,1400514,422861,556867,394891,15601,10294,0,1814592,414078,1814592
29/6/2019,253103,873835,287893,347476,220404,10622,7440,0,1126938,253103,1126938
30/6/2019,158373,645213,212660,246299,167809,9492,8953,0,803586,158373,803586
1/7/2019,418653,1390039,420130,548600,393220,15725,12364,0,1808692,418653,1808692
2/7/2019,427272,1430326,428477,568106,402500,16031,15212,0,1857598,427272,1857598
3/7/2019,402223,1443352,425587,575626,409339,16402,16398,0,1845575,402223,1845575
4/7/2019,395727,1389212,425808,549951,383522,16008,13923,0,1784939,395727,1784939
5/7/2019,360346,1351999,422339,539628,367456,15407,7169,0,1712345,360346,1712345
6/7/2019,219919,792176,273473,311527,192055,10174,4947,0,1012095,219919,1012095
7/7/2019,148035,602855,212926,227702,144234,8808,9185,0,750890,148035,750890
8/7/2019,337435,1201105,371552,478700,324852,14052,11949,0,1538540,337435,1538540
9/7/2019,368935,1281512,384966,509029,357461,15596,14460,0,1650447,368935,1650447
10/7/2019,357181,1051041,275787,494864,250298,14627,15465,0,1408222,357181,1408222
11/7/2019,378201,1345355,408160,534017,374262,15152,13764,0,1723556,378201,1723556
12/7/2019,319970,1317406,403989,525695,361495,15330,10897,0,1637376,319970,1637376
13/7/2019,232752,807485,269569,321571,199562,10830,5953,0,1040237,232752,1040237
14/7/2019,154307,645007,216349,250862,158325,8643,10828,0,799314,154307,799314
15/7/2019,378883,1245482,381547,492187,344100,15062,12586,0,1624365,378883,1624365
16/7/2019,391322,1284076,391723,508788,355770,14503,13292,0,1675398,391322,1675398
17/7/2019,370854,1274699,389283,501164,356265,14904,13083,0,1645553,370854,1645553
18/7/2019,388294,1284440,395113,508350,351712,14674,14591,0,1672734,388294,1672734
19/7/2019,337946,763748,260438,286229,196640,12667,7774,0,1101694,337946,1101694
20/7/2019,216047,700886,239404,278688,166770,9892,6132,0,916933,216047,916933
21/7/2019,139071,547210,182191,210809,133341,8595,12274,0,686281,139071,686281
22/7/2019,346729,1167148,362054,459846,317261,13710,14277,0,1513877,346729,1513877
23/7/2019,356460,1207329,368541,482764,328228,14250,13546,0,1563789,356460,1563789
24/7/2019,355768,1170428,359191,463797,320061,13865,13514,0,1526196,355768,1526196
25/7/2019,360392,1094278,267156,472602,325999,13555,14966,0,1454670,360392,1454670
26/7/2019,350934,1146985,359042,458962,307283,13269,8429,0,1497919,350934,1497919
27/7/2019,212235,698658,235765,281591,166494,9187,5621,0,910893,212235,910893
28/7/2019,137003,512988,170529,202487,124061,7954,7957,0,649991,137003,649991
29/7/2019,331882,1085556,336958,434083,290019,13341,11155,0,1417438,331882,1417438
30/7/2019,347564,1148006,355285,459384,304718,14104,14515,0,1495570,347564,1495570
31/7/2019,331591,1114081,345739,446143,298426,13386,10387,0,1445672,331591,1445672
1/8/2019,323163,1074966,331878,432047,285283,12986,12772,0,1398129,323163,1398129
2/8/2019,302540,1004254,315974,407273,263825,12753,4429,0,1306794,302540,1306794
3/8/2019,182886,610237,208295,245501,142155,8704,5582,0,793123,182886,793123
4/8/2019,128671,476113,161441,184434,113667,7979,8592,0,604784,128671,604784
5/8/2019,300534,934412,297847,374934,238784,12733,10114,0,1234946,300534,1234946
6/8/2019,296451,930084,295461,375153,236042,12529,10899,0,1226535,296451,1226535
7/8/2019,286314,904671,287787,361752,231544,12786,10802,0,1190985,286314,1190985
8/8/2019,281525,898933,286378,360000,227209,13206,12140,0,1180458,281525,1180458
9/8/2019,264892,838275,273578,338236,209049,12303,5109,0,1103167,264892,1103167
10/8/2019,177577,550052,188618,223089,125805,9228,3312,0,727629,177577,727629
11/8/2019,12161,430253,149471,167701,98936,8016,6129,0,442414,12161,442414
12/8/2019,237077,721331,239247,287108,174559,11108,9309,0,958408,237077,958408
13/8/2019,230728,699250,234811,278682,165653,11383,8721,0,929978,230728,929978
14/8/2019,211551,633618,217057,251262,147482,10409,7408,0,845169,211551,845169
15/8/2019,100791,356279,125336,138516,77111,8303,7013,0,457070,100791,457070
16/8/2019,188080,577089,200662,229515,132663,9670,4579,0,765169,188080,765169
17/8/2019,330896,492062,173165,189092,106002,8770,15033,0,822958,330896,822958
18/8/2019,118607,419780,150488,158521,95544,8752,6475,0,538387,118607,538387
19/8/2019,247097,742095,243803,294176,185404,11113,7599,0,989192,247097,989192
20/8/2019,258896,788415,255496,312577,198342,12646,9354,0,1047311,258896,1047311
21/8/2019,253416,784902,255010,309639,200525,11213,8515,0,1038318,253416,1038318
22/8/2019,258249,808217,259545,317960,207829,11790,11093,0,1066466,258249,1066466
23/8/2019,259405,799409,258738,318970,205621,11951,4129,0,1058814,259405,1058814
24/8/2019,178431,580174,198687,228529,138939,10035,3984,0,758605,178431,758605
25/8/2019,126071,480726,160481,185143,118349,8696,8057,0,606797,126071,606797
26/8/2019,289562,946205,297146,374522,251625,12545,10367,0,1235767,289562,1235767
27/8/2019,305915,1004312,313311,398020,268521,13224,11236,0,1310227,305915,1310227
28/8/2019,309609,1028517,317358,408824,277128,12589,12618,0,1338126,309609,1338126
29/8/2019,322637,1072303,333071,429143,285344,13187,11558,0,1394940,322637,1394940
30/8/2019,315217,1076462,340987,429918,284796,13522,7239,0,1391679,315217,1391679
31/8/2019,205378,738265,247030,292560,182156,10847,5672,0,943643,205378,943643
1/9/2019,143015,574359,188917,223651,145089,9602,7100,0,717374,143015,717374
2/9/2019,369107,1218162,376714,478723,336034,14777,11914,0,1587269,369107,1587269
3/9/2019,383237,1280429,393729,504539,353164,15513,13484,0,1663666,383237,1663666
4/9/2019,387622,1294910,394991,508641,361362,15221,14695,0,1682532,387622,1682532
5/9/2019,399731,1307453,401198,515283,363919,15054,11999,0,1707184,399731,1707184
6/9/2019,395779,1333958,423780,523273,361881,15850,9174,0,1729737,395779,1729737
7/9/2019,252507,835363,275809,324889,210450,10582,13633,0,1087870,252507,1087870
8/9/2019,157509,639717,213494,243759,165248,9152,8064,0,797226,157509,797226
9/9/2019,405324,1329970,408926,529048,374688,15859,1449,0,1735294,405324,1735294
10/9/2019,430728,1385787,419677,543770,387789,16318,18233,0,1816515,430728,1816515
11/9/2019,408121,1326520,404658,515922,376567,15351,14022,0,1734641,408121,1734641
12/9/2019,420975,1374220,418358,536237,388302,15752,15571,0,1795195,420975,1795195
13/9/2019,416136,1371584,419709,537488,389787,16184,8416,0,1787720,416136,1787720
14/9/2019,225701,904400,289105,354952,243078,11216,6049,0,1130101,225701,1130101
15/9/2019,149723,676093,218030,255944,182486,9469,10164,0,825816,149723,825816
16/9/2019,393802,1379530,421946,535803,391078,15237,15466,0,1773332,393802,1773332
17/9/2019,401785,1429437,430855,561890,400812,16431,19449,0,1831222,401785,1831222
18/9/2019,386763,1417274,433481,549766,402285,15534,16208,0,1804037,386763,1804037
19/9/2019,292629,1425598,432960,556566,404949,15450,15673,0,1718227,292629,1718227
20/9/2019,416564,1425997,432885,564004,403334,16103,9671,0,1842561,416564,1842561
21/9/2019,255714,944929,304997,369992,251174,11762,7004,0,1200643,255714,1200643
22/9/2019,168842,740989,252730,269676,199630,10714,8239,0,909831,168842,909831
23/9/2019,445607,1437238,438302,558546,407423,15282,17685,0,1882845,445607,1882845
24/9/2019,1740,600323,3177,325073,247236,11492,13345,0,602063,1740,602063
25/9/2019,454651,1477032,449631,578002,419351,15609,14439,0,1931683,454651,1931683
26/9/2019,449739,1453855,437916,571466,413931,14798,15744,0,1903594,449739,1903594
27/9/2019,444040,1493253,452125,594891,419800,16205,10232,0,1937293,444040,1937293
28/9/2019,270021,1489722,452125,594891,419800,16205,6701,0,1759743,270021,1759743
29/9/2019,172282,893909,266728,357562,248575,11383,9661,0,1066191,172282,1066191
30/9/2019,453732,1441426,406462,578216,426031,15657,15060,0,1895158,453732,1895158
1/10/2019,441186,1538330,461705,605942,441037,14875,14771,0,1979516,441186,1979516
2/10/2019,122403,13207,3404,3098,2430,1,4274,0,135610,122403,135610
3/10/2019,432443,1210473,367646,479708,352531,35,10553,0,1642916,432443,1642916
4/10/2019,430007,1518362,461276,599853,431298,16045,9890,0,1948369,430007,1948369
5/10/2019,263052,1055748,327447,421243,289078,11708,6272,0,1318800,263052,1318800
6/10/2019,176925,770942,240834,295585,218060,10138,6325,0,947867,176925,947867
7/10/2019,434166,1509556,448326,591698,440696,15481,13355,0,1943722,434166,1943722
8/10/2019,439197,1484330,444883,581573,431208,13141,13525,0,1923527,439197,1923527
9/10/2019,449736,1521041,456587,590295,446236,13816,14107,0,1970777,449736,1970777
10/10/2019,453705,1557549,468360,605433,452715,15538,15503,0,2011254,453705,2011254
11/10/2019,434371,1559002,471386,614091,447376,15761,10388,0,1993373,434371,1993373
12/10/2019,270924,1023398,319429,405597,279719,12332,6321,0,1294322,270924,1294322
13/10/2019,179433,789540,249245,296806,222368,10281,10840,0,968973,179433,968973
14/10/2019,458607,1552122,467850,600668,452176,16881,14547,0,2010729,458607,2010729
15/10/2019,470974,1570931,474183,610398,455496,15904,14950,0,2041905,470974,2041905
16/10/2019,465795,1589233,475861,616644,463379,16389,16960,0,2055028,465795,2055028
17/10/2019,443334,1574950,467048,618927,458032,15220,15723,0,2018284,443334,2018284
18/10/2019,456843,1576960,481532,613559,455218,16459,10192,0,2033803,456843,2033803
19/10/2019,273698,1056210,331188,412700,293375,11996,6951,0,1329908,273698,1329908
20/10/2019,183396,830681,255572,309991,243619,10325,11174,0,1014077,183396,1014077
21/10/2019,462828,1535290,468372,595982,438058,16179,16699,0,1998118,462828,1998118
22/10/2019,470515,1587406,477789,615946,461470,15879,16322,0,2057921,470515,2057921
23/10/2019,439309,1585449,480645,615779,462351,15784,10890,0,2024758,439309,2024758
24/10/2019,435897,1623207,480477,641663,468393,15949,16725,0,2059104,435897,2059104
25/10/2019,440611,1511163,466747,589524,428589,15662,10641,0,1951774,440611,1951774
26/10/2019,259822,931062,300245,365650,248390,11183,5594,0,1190884,259822,1190884
27/10/2019,165801,733913,236123,278725,201031,8801,9233,0,899714,165801,899714
28/10/2019,133145,660396,218122,253572,169294,9720,9688,0,793541,133145,793541
29/10/2019,463215,1541633,467146,599574,442160,15393,17360,0,2004848,463215,2004848
30/10/2019,463485,1599701,480208,625259,465185,15550,13499,0,2063186,463485,2063186
31/10/2019,387322,1511206,446717,595850,439493,16207,12939,0,1898528,387322,1898528
1/11/2019,447871,1580836,477369,625714,453264,15270,9219,0,2028707,447871,2028707
2/11/2019,272689,1063232,329154,422765,294551,10542,6220,0,1335921,272689,1335921
3/11/2019,193742,910813,283501,357815,251487,9929,8081,0,1104555,193742,1104555
4/11/2019,397698,1480597,445375,577436,431769,14071,11946,0,1878295,397698,1878295
5/11/2019,472649,2068675,483883,628954,470941,470941,13956,0,2541324,472649,2541324
6/11/2019,462879,1633304,486876,633285,482928,15324,14891,0,2096183,462879,2096183
7/11/2019,466395,1636425,489533,638455,476954,15206,16277,0,2102820,466395,2102820
8/11/2019,425153,1573868,475394,618314,454423,15774,9963,0,1999021,425153,1999021
9/11/2019,262571,1177275,351392,475514,332785,11356,6228,0,1439846,262571,1439846
10/11/2019,127849,916048,248917,365705,282368,12008,7050,0,1043897,127849,1043897
11/11/2019,422017,1639322,486669,625655,494362,16219,16417,0,2061339,422017,2061339
12/11/2019,442741,1600868,472385,622589,477236,14010,14648,0,2043609,442741,2043609
13/11/2019,297013,1291712,382766,505437,383290,12083,8136,0,1588725,297013,1588725
14/11/2019,431021,1590579,478384,621110,461911,14600,14574,0,2021600,431021,2021600
15/11/2019,418651,1536853,474323,600617,438318,15019,8576,0,1955504,418651,1955504
16/11/2019,261504,996519,320539,383886,274346,10273,7475,0,1258023,261504,1258023
17/11/2019,130255,667165,223550,242055,185021,8476,8063,0,797420,130255,797420
18/11/2019,456765,1539733,471151,598710,453613,14054,2205,0,1996498,456765,1996498
19/11/2019,456011,1547678,471783,604910,457436,13549,0,0,2003689,456011,2003689
20/11/2019,448747,1556742,467924,599904,462769,14011,12134,0,2005489,448747,2005489
21/11/2019,406531,1499025,450032,585337,437246,13900,12510,0,1905556,406531,1905556
22/11/2019,445543,1576756,475839,616114,461573,14681,8549,0,2022299,445543,2022299
23/11/2019,268986,1071719,331440,422891,299797,10857,6734,0,1340705,268986,1340705
24/11/2019,162021,756834,233696,286928,219898,9370,6942,0,918855,162021,918855
25/11/2019,404071,1459084,440581,566760,427909,13427,10407,0,1863155,404071,1863155
26/11/2019,446727,1562274,467487,607469,461472,13836,12010,0,2009001,446727,2009001
27/11/2019,429931,1618693,481305,630028,478850,14338,14172,0,2048624,429931,2048624
28/11/2019,450025,1625489,494189,634519,469915,14644,12222,0,2075514,450025,2075514
29/11/2019,451526,1693167,522464,669017,475736,15245,10705,0,2144693,451526,2144693
30/11/2019,267036,1134938,349085,462088,306228,10666,6871,0,1401974,267036,1401974
1/12/2019,169547,822673,254944,315728,234614,9082,8305,0,992220,169547,992220
2/12/2019,442323,1546800,466678,596524,455022,14621,13955,0,1989123,442323,1989123
3/12/2019,457612,1585141,476737,615771,464931,14136,13566,0,2042753,457612,2042753
4/12/2019,403858,1503143,446832,582924,447116,13905,12366,0,1907001,403858,1907001
5/12/2019,426160,1580849,478838,607329,467314,13970,13398,0,2007009,426160,2007009
6/12/2019,370845,1472851,479837,532771,438312,14270,7661,0,1843696,370845,1843696
7/12/2019,258444,1033556,326619,399863,290251,9707,7116,0,1292000,258444,1292000
8/12/2019,167239,811665,249660,306166,238359,8962,8518,0,978904,167239,978904
9/12/2019,435369,1565491,470008,611149,456940,13798,13596,0,2000860,435369,2000860
10/12/2019,370524,1505318,442491,593666,444592,13129,11440,0,1875842,370524,1875842
11/12/2019,369557,1556266,460059,613530,457717,13231,11729,0,1925823,369557,1925823
12/12/2019,380947,1577812,462299,623291,466151,13452,12619,0,1958759,380947,1958759
13/12/2019,390865,1636622,490549,641386,479926,14410,10351,0,2027487,390865,2027487
14/12/2019,186056,914023,274505,370707,255436,8582,4793,0,1100079,186056,1100079
15/12/2019,193960,1080755,318632,445270,298428,10054,8371,0,1274715,193960,1274715
16/12/2019,413827,1604589,471882,632829,471670,14163,14045,0,2018416,413827,2018416
17/12/2019,394368,1397084,485639,517884,369079,11568,12914,0,1791452,394368,1791452
18/12/2019,405821,1678554,502177,657773,491163,14594,12847,0,2084375,405821,2084375
19/12/2019,411368,1654610,493681,646209,486828,14397,13495,0,2065978,411368,2065978
20/12/2019,406010,1679905,504999,665367,485064,14914,9561,0,2085915,406010,2085915
21/12/2019,274250,1207435,364697,495443,329109,10799,7387,0,1481685,274250,1481685
22/12/2019,187262,987637,298080,407751,271617,9234,955,0,1174899,187262,1174899
23/12/2019,382822,1470369,446894,595542,404855,13419,9659,0,1853191,382822,1853191
24/12/2019,282104,1217368,376559,507247,314063,11242,8257,0,1499472,282104,1499472
25/12/2019,82637,462466,145604,184942,123564,4378,3978,0,545103,82637,545103
26/12/2019,115647,669333,199672,272346,183215,7879,6221,0,784980,115647,784980
27/12/2019,323130,1324459,402331,553840,347815,12919,7554,0,1647589,323130,1647589
28/12/2019,212140,1014573,308494,422645,264486,10032,8916,0,1226713,212140,1226713
29/12/2019,124510,749069,226771,316388,191257,7592,7061,0,873579,124510,873579
30/12/2019,197734,1062207,319535,449286,275417,9717,8252,0,1259941,197734,1259941
31/12/2019,202005,942950,289212,402459,235152,6573,9554,0,1144955,202005,1144955
1/1/2020,65412,372917,120277,146264,98043,4737,3596,0,438329,65412,438329
2/1/2020,182475,837898,253921,334575,233852,8861,6689,0,1020373,182475,1020373
3/1/2020,300695,1236481,375602,512217,331085,10992,6585,0,1537176,300695,1537176
4/1/2020,236773,861562,208453,388522,246843,9516,8228,0,1098335,236773,1098335
5/1/2020,124411,618143,193705,241918,170818,7370,4332,0,742554,124411,742554
6/1/2020,77549,394428,128760,152972,103592,5909,3195,0,471977,77549,471977
7/1/2020,308023,1236043,370233,493728,350737,11092,10253,0,1544066,308023,1544066
8/1/2020,364621,1430172,425283,559612,419766,12501,13010,0,1794793,364621,1794793
9/1/2020,382975,1480484,438902,580732,436971,12211,11668,0,1863459,382975,1863459
10/1/2020,283980,1547550,456338,614773,454341,13130,8968,0,1831530,283980,1831530
11/1/2020,240154,989423,302904,396455,275397,8790,5877,0,1229577,240154,1229577
12/1/2020,152814,729283,222230,281974,209748,7823,7508,0,882097,152814,882097
13/1/2020,413840,1508377,448556,590140,441994,13260,14427,0,1922217,413840,1922217
14/1/2020,429857,1523547,455469,597020,444050,12467,14541,0,1953404,429857,1953404
15/1/2020,424593,1507139,452145,587265,443207,12649,11873,0,1931732,424593,1931732
16/1/2020,425370,1516479,451424,595643,443636,12646,13130,0,1941849,425370,1941849
17/1/2020,405993,1504524,447971,597243,436541,13391,9378,0,1910517,405993,1910517
18/1/2020,232978,945991,293419,381460,257902,8488,4722,0,1178969,232978,1178969
19/1/2020,161666,782634,256869,291521,218664,7420,8160,0,944300,161666,944300
20/1/2020,402685,1429749,424405,556859,423568,12795,12122,0,1832434,402685,1832434
21/1/2020,390723,1459688,432187,575298,428530,12399,11274,0,1850411,390723,1850411
22/1/2020,411678,1482746,438866,581316,436827,12685,13052,0,1894424,411678,1894424
23/1/2020,410628,1484544,438517,582635,436518,12901,13973,0,1895172,410628,1895172
24/1/2020,413986,1501171,451024,590786,436672,13862,8827,0,1915157,413986,1915157
25/1/2020,253915,1012945,310003,408822,277136,9413,7571,0,1266860,253915,1266860
26/1/2020,156209,708874,220659,271461,201432,8060,7262,0,865083,156209,865083
27/1/2020,394753,1399369,415382,547391,412497,13147,10952,0,1794122,394753,1794122
28/1/2020,430285,1472027,440158,577674,427643,12220,14332,0,1902312,430285,1902312
29/1/2020,425836,1477648,442175,573540,435419,12615,13899,0,1903484,425836,1903484
30/1/2020,409918,1435941,425439,565113,418408,12562,14419,0,1845859,409918,1845859
31/1/2020,419193,1464007,447968,560254,432998,13665,9122,0,1883200,419193,1883200
1/2/2020,255331,977772,309629,390103,262863,9099,6078,0,1233103,255331,1233103
2/2/2020,164923,770756,239470,298935,215358,8205,8788,0,935679,164923,935679
3/2/2020,428110,1245513,433523,362064,423103,12895,13928,0,1673623,428110,1673623
4/2/2020,424697,1478390,441394,581428,429496,12368,13704,0,1903087,424697,1903087
5/2/2020,388643,1397617,415606,547484,410412,11875,12240,0,1786260,388643,1786260
6/2/2020,364225,1389790,409014,549063,408492,11821,11400,0,1754015,364225,1754015
7/2/2020,383639,1462168,434884,578480,427155,13438,8211,0,1845807,383639,1845807
8/2/2020,227767,916538,278542,367339,254880,9797,5980,0,1144305,227767,1144305
9/2/2020,134086,717657,220149,274022,206900,8730,7856,0,851743,134086,851743
10/2/2020,405708,1465299,435624,571195,431986,13463,13031,0,1871007,405708,1871007
11/2/2020,419913,1469798,441418,573595,427981,12308,14496,0,1889711,419913,1889711
12/2/2020,419126,1478646,445841,575013,432343,12883,12566,0,1897772,419126,1897772
13/2/2020,417348,1496007,430124,594568,443436,12820,15059,0,1913355,417348,1913355
14/2/2020,401999,1491746,444952,587387,436961,14073,8373,0,1893745,401999,1893745
15/2/2020,226287,906948,281670,361821,250305,8720,4432,0,1133235,226287,1133235
16/2/2020,158271,720958,223404,275814,206056,8270,7414,0,879229,158271,879229
17/2/2020,423728,1492114,445879,582381,436971,13983,12900,0,1915842,423728,1915842
18/2/2020,0,0,0,0,0,0,0,0,0,0,0
19/2/2020,437535,1568983,468865,613894,457011,13939,15274,0,2006518,437535,2006518
20/2/2020,382070,1452972,434203,564349,430205,13217,10998,0,1835042,382070,1835042
21/2/2020,391448,1457286,441064,569540,424694,13459,8529,0,1848734,391448,1848734
22/2/2020,226660,904058,277004,363147,250428,8725,4754,0,1130718,226660,1130718
23/2/2020,147426,714704,218674,274303,206985,8034,6708,0,862130,147426,862130
24/2/2020,420101,1478296,441042,575308,434417,13808,13721,0,1898397,420101,1898397
25/2/2020,423335,1496883,449072,582041,439066,13465,13239,0,1920218,423335,1920218
26/2/2020,415035,1467258,436041,572107,433523,13273,12314,0,1882293,415035,1882293
27/2/2020,399998,1558492,426443,563889,542339,12621,13200,0,1958490,399998,1958490
28/2/2020,376920,1309545,402720,512789,374548,12388,7100,0,1686465,376920,1686465
29/2/2020,210556,739091,240151,295252,191972,7075,4641,0,949647,210556,949647
1/3/2020,130441,560700,181999,215573,151342,6158,5628,0,691141,130441,691141
2/3/2020,108428,427467,148876,157349,109611,5654,5977,0,535895,108428,535895
3/3/2020,380645,1337342,408890,518733,385614,11943,12162,0,1717987,380645,1717987
4/3/2020,393139,1058688,407280,528328,100589,11886,10605,0,1451827,393139,1451827
5/3/2020,397137,1397835,420140,550605,410749,12051,4290,0,1794972,397137,1794972
6/3/2020,386237,1368637,416357,537937,395188,11821,7334,0,1754874,386237,1754874
7/3/2020,220988,819332,261969,324042,220871,7343,5107,0,1040320,220988,1040320
8/3/2020,127914,604067,187978,234323,169289,6753,5724,0,731981,127914,731981
9/3/2020,281338,1141468,340661,446142,337400,10091,7174,0,1422806,281338,1422806
10/3/2020,360043,1255308,384276,487586,363133,10107,10206,0,1615351,360043,1615351
11/3/2020,285771,984946,303959,383828,279338,8887,8934,0,1270717,285771,1270717
12/3/2020,257205,860944,272995,333342,238736,7625,8246,0,1118149,257205,1118149
13/3/2020,214673,723061,235336,282376,194918,6601,3830,0,937734,214673,937734
14/3/2020,96807,288243,106604,112193,64448,3152,1846,0,385050,96807,385050
15/3/2020,45398,160411,60549,59569,35927,2552,1814,0,205809,45398,205809
16/3/2020,99887,344135,115710,132015,91044,3257,2109,0,444022,99887,444022
17/3/2020,94074,305679,106172,116276,78675,2498,2058,0,399753,94074,399753
18/3/2020,77941,250028,87358,93039,65496,2323,1812,0,327969,77941,327969
19/3/2020,74193,235363,83841,86812,61344,1850,1516,0,309556,74193,309556
20/3/2020,74248,230110,82543,84563,59573,1916,1515,0,304358,74248,304358
21/3/2020,44104,134511,52428,49035,30753,1240,1055,0,178615,44104,178615
22/3/2020,26410,94660,37189,33791,22003,1064,613,0,121070,26410,121070
23/3/2020,47402,152295,52952,54969,42252,1236,886,0,199697,47402,199697
24/3/2020,49078,151687,53627,54719,41324,1126,891,0,200765,49078,200765
25/3/2020,15195,55738,21870,18523,14491,512,342,0,70933,15195,70933
26/3/2020,46407,149215,51989,54090,41272,957,907,0,195622,46407,195622
27/3/2020,45827,153636,54030,55819,41862,962,963,0,199463,45827,199463
28/3/2020,30544,91631,36019,32228,22027,602,755,0,122175,30544,122175
29/3/2020,14732,55828,22434,18278,14428,397,291,0,70560,14732,70560
30/3/2020,55772,168523,60272,60724,45254,1073,1200,0,224295,55772,224295
31/3/2020,56040,166505,59798,60123,44470,1006,1108,0,222545,56040,222545
1/4/2020,52832,161995,57601,58614,43606,961,1213,0,214827,52832,214827
2/4/2020,65584,164552,59148,59397,43903,940,1164,0,230136,65584,230136
3/4/2020,53465,164746,59083,60247,43400,921,1095,0,218211,53465,218211
4/4/2020,26719,87934,34383,31143,21299,492,617,0,114653,26719,114653
5/4/2020,14411,55210,22050,18492,14003,318,347,0,69621,14411,69621
6/4/2020,49295,160673,57009,58825,42973,869,997,0,209968,49295,209968
7/4/2020,48121,157598,55478,57592,42581,933,1014,0,205719,48121,205719
8/4/2020,51598,159891,56437,58832,42466,929,1227,0,211489,51598,211489
9/4/2020,53084,163092,58380,59082,43548,947,1135,0,216176,53084,216176
10/4/2020,56007,167696,60139,61026,44451,953,1127,0,223703,56007,223703
11/4/2020,32119,99889,39619,35403,23665,554,648,0,132008,32119,132008
12/4/2020,20547,67741,27394,22628,16735,351,633,0,88288,20547,88288
13/4/2020,54329,169391,60871,61263,45151,941,1165,0,223720,54329,223720
14/4/2020,54793,166629,59328,60782,44453,887,1179,0,221422,54793,221422
15/4/2020,55007,168398,60682,61197,44369,943,1207,0,223405,55007,223405
16/4/2020,54712,165513,60536,60032,42867,811,1267,0,220225,54712,220225
17/4/2020,30105,95239,38074,33639,22505,463,558,0,125344,30105,125344
18/4/2020,25777,82978,33353,28651,19700,358,916,0,108755,25777,108755
19/4/2020,8348,38842,16266,12017,10182,207,170,0,47190,8348,47190
20/4/2020,13943,51989,21554,16769,12972,298,396,0,65932,13943,65932
21/4/2020,52008,166209,60416,59948,43657,1000,1188,0,218217,52008,218217
22/4/2020,54364,165703,60964,57774,44806,979,1180,0,220067,54364,220067
23/4/2020,55827,176525,62822,66027,45524,926,1226,0,232352,55827,232352
24/4/2020,58653,178906,65111,64516,46926,978,1375,0,237559,58653,237559
25/4/2020,35654,112068,44702,39422,26566,562,816,0,147722,35654,147722
26/4/2020,19390,70498,29240,23358,17033,382,485,0,89888,19390,89888
27/4/2020,63235,194785,69761,70357,52005,1053,1609,0,258020,63235,258020
28/4/2020,62524,195714,70470,71022,51829,1059,1334,0,258238,62524,258238
29/4/2020,64214,197943,70963,72352,51987,1098,1543,0,262157,64214,262157
30/4/2020,67529,207799,74912,75646,54461,1080,1700,0,275328,67529,275328
1/5/2020,21852,46532,828,26884,18163,0,657,0,68384,21852,68384
2/5/2020,40748,122570,49621,43038,28313,605,993,0,163318,40748,163318
3/5/2020,23279,81721,33497,27632,19472,421,699,0,105000,23279,105000
4/5/2020,107698,349876,122884,134306,88010,2019,2657,0,457574,107698,457574
5/5/2020,119210,367395,128569,139648,93583,2173,3422,0,486605,119210,486605
6/5/2020,118392,367157,128400,138518,94378,2188,3673,0,485549,118392,485549
7/5/2020,117599,374509,129049,144105,95845,2036,3474,0,492108,117599,492108
8/5/2020,123383,385613,134490,146936,98197,2196,3794,0,508996,123383,508996
9/5/2020,82293,267389,99595,100525,62549,1497,3223,0,349682,82293,349682
10/5/2020,52227,193687,73544,72802,43320,1209,2812,0,245914,52227,245914
11/5/2020,143996,453777,155272,174939,116847,2506,4213,0,597773,143996,597773
12/5/2020,147715,470977,160441,182053,120737,2591,5155,0,618692,147715,618692
13/5/2020,144437,475461,158884,186084,123517,2634,4342,0,619898,144437,619898
14/5/2020,148380,482014,162658,186308,125520,2629,4899,0,630394,148380,630394
15/5/2020,149784,497382,168174,193610,127514,2785,5299,0,647166,149784,647166
16/5/2020,96035,333805,120299,130165,77189,1960,4192,0,429840,96035,429840
17/5/2020,58524,221737,82040,85330,49752,1413,3202,0,280261,58524,280261
18/5/2020,159695,543997,184606,209882,141024,3399,5086,0,703692,159695,703692
19/5/2020,165141,573537,192125,224595,148147,3374,5296,0,738678,165141,738678
20/5/2020,167946,575979,194132,223129,150048,3374,5296,0,743925,167946,743925
21/5/2020,164745,585307,197352,226337,152129,3409,6080,0,750052,164745,750052
22/5/2020,170392,588693,198534,228365,153301,3456,5037,0,759085,170392,759085
23/5/2020,114034,403395,147096,153994,95723,2394,4188,0,517429,114034,517429
24/5/2020,69971,278538,103039,106219,63694,1917,3669,0,348509,69971,348509
25/5/2020,182120,635824,214469,243847,168081,3844,5583,0,817944,182120,817944
26/5/2020,168219,608696,202432,234431,162814,3526,5493,0,776915,168219,776915
27/5/2020,174119,630881,210579,243045,168570,3679,5008,0,805000,174119,805000
28/5/2020,175191,646126,211925,251156,173332,3740,5973,0,821317,175191,821317
29/5/2020,186937,691546,227798,270175,183964,3960,5649,0,878483,186937,878483
30/5/2020,127313,493322,175550,189242,120376,2705,5449,0,620635,127313,620635
31/5/2020,79594,327685,119438,122255,80204,2091,3697,0,407279,79594,407279
1/6/2020,200809,731067,238204,283920,198174,4652,6117,0,931876,200809,931876
2/6/2020,213278,783782,254620,305295,212421,4680,6766,0,997060,213278,997060
3/6/2020,208888,786526,254102,307930,212332,4902,7260,0,995414,208888,995414
4/6/2020,218354,838344,270132,327995,227890,4907,7420,0,1056698,218354,1056698
5/6/2020,216749,820682,276045,307554,224517,5091,7475,0,1037431,216749,1037431
6/6/2020,130908,505262,181673,192756,122133,3103,5597,0,636170,130908,636170
7/6/2020,86801,351145,128793,129787,85358,2244,4963,0,437946,86801,437946
8/6/2020,134217,480513,173203,185574,113163,3241,5332,0,614730,134217,614730
9/6/2020,220179,819515,265000,319091,222703,5202,7519,0,1039694,220179,1039694
10/6/2020,219928,837625,271903,322264,231050,5119,7289,0,1057553,219928,1057553
11/6/2020,220465,855991,276499,327955,238852,5144,7541,0,1076456,220465,1076456
12/6/2020,231202,852952,276616,331664,231154,5361,8157,0,1084154,231202,1084154
13/6/2020,144140,541846,190321,207656,134296,3289,6284,0,685986,144140,685986
14/6/2020,90710,372661,134424,139196,91302,2664,5075,0,463371,90710,463371
15/6/2020,211505,831036,268429,323049,226702,5565,7291,0,1042541,211505,1042541
16/6/2020,240916,884371,281584,347462,241523,5356,8446,0,1125287,240916,1125287
17/6/2020,234731,871084,276660,340077,239647,5757,8943,0,1105815,234731,1105815
18/6/2020,234169,885721,281217,346462,244433,5519,8090,0,1119890,234169,1119890
19/6/2020,234802,887927,283746,347992,241805,5814,8570,0,1122729,234802,1122729
20/6/2020,144302,557012,193803,215807,136921,3519,6962,0,701314,144302,701314
21/6/2020,94332,374510,132182,141883,92013,2957,5475,0,468842,94332,468842
22/6/2020,222651,817790,260176,320557,224187,5654,7216,0,1040441,222651,1040441
23/6/2020,234655,876446,281655,339384,242544,5522,7341,0,1111101,234655,1111101
24/6/2020,237768,875462,277719,339805,244310,5772,7856,0,1113230,237768,1113230
25/6/2020,245079,904135,287532,353076,250687,4215,8625,0,1149214,245079,1149214
26/6/2020,238153,920604,295478,360406,249745,5986,8989,0,1158757,238153,1158757
27/6/2020,152871,582061,201885,226012,143833,3781,6550,0,734932,152871,734932
28/6/2020,99432,399598,140530,150968,98572,3104,6424,0,499030,99432,499030
29/6/2020,240117,903385,285613,354210,248187,6310,9065,0,1143502,240117,1143502
30/6/2020,242178,924479,290078,365869,253458,6011,9063,0,1166657,242178,1166657
1/7/2020,234124,909838,285044,357342,252154,6610,8688,0,1143962,234124,1143962
2/7/2020,237343,937863,290940,372202,258798,6560,9363,0,1175206,237343,1175206
3/7/2020,236617,917671,290152,361322,250519,6740,8938,0,1154288,236617,1154288
4/7/2020,145565,557080,190812,215952,138588,4252,7476,0,702645,145565,702645
5/7/2020,94694,381838,131412,146678,94289,3398,6061,0,476532,94694,476532
6/7/2020,232470,885871,278962,349185,243024,6585,8115,0,1118341,232470,1118341
7/7/2020,228392,925025,277514,360981,271698,6814,8018,0,1153417,228392,1153417
8/7/2020,237253,953766,287638,368422,281634,7206,8866,0,1191019,237253,1191019
9/7/2020,236632,972856,298991,364488,292718,6807,9852,0,1209488,236632,1209488
10/7/2020,233713,942099,289858,364640,271286,7332,8983,0,1175812,233713,1175812
11/7/2020,146671,585409,195137,221283,156054,5433,7502,0,732080,146671,732080
12/7/2020,98512,405054,134910,150853,108661,4412,6218,0,503566,98512,503566
13/7/2020,232789,906702,278992,352397,259201,7257,8855,0,1139491,232789,1139491
14/7/2020,242602,947426,290322,369812,270863,6939,9490,0,1190028,242602,1190028
15/7/2020,234310,943013,285207,367665,272511,8006,9624,0,1177323,234310,1177323
16/7/2020,236256,954595,291867,371372,274876,7562,8918,0,1190851,236256,1190851
17/7/2020,233683,924212,287121,359113,260909,7907,9162,0,1157895,233683,1157895
18/7/2020,146877,569815,192231,217336,147456,5276,7516,0,716692,146877,716692
19/7/2020,100753,435835,150123,164757,109662,4850,6443,0,536588,100753,536588
20/7/2020,221219,858155,264651,334358,242804,7784,8558,0,1079374,221219,1079374
21/7/2020,235827,889934,271087,348987,252990,7147,9723,0,1125761,235827,1125761
22/7/2020,226348,876357,269150,340784,250440,7167,8816,0,1102705,226348,1102705
23/7/2020,227831,889409,273276,347703,252192,7091,9147,0,1117240,227831,1117240
24/7/2020,223530,870146,269750,339947,242353,8561,9535,0,1093676,223530,1093676
25/7/2020,144475,535842,181689,205519,135458,6103,7073,0,680317,144475,680317
26/7/2020,93948,375600,126350,140281,96016,5472,7481,0,469548,93948,469548
27/7/2020,211463,815853,253059,318575,227811,7813,8595,0,1027316,211463,1027316
28/7/2020,220975,835411,251986,331255,235610,7730,8830,0,1056386,220975,1056386
29/7/2020,212208,817624,247443,322660,232031,7077,8413,0,1029832,212208,1029832
30/7/2020,208037,813572,247793,320267,227729,6809,10974,0,1021609,208037,1021609
31/7/2020,197571,774836,240803,306158,213018,7057,7800,0,972407,197571,972407
1/8/2020,125235,475695,160387,184498,117789,5779,7242,0,600930,125235,600930
2/8/2020,86362,340662,115916,129388,85425,5247,4686,0,427024,86362,427024
3/8/2020,193351,718614,226000,282561,194239,7565,8249,0,911965,193351,911965
4/8/2020,192223,716027,222721,283690,194220,7415,7981,0,908250,192223,908250
5/8/2020,193846,690657,216707,271049,187511,7137,8253,0,884503,193846,884503
6/8/2020,187978,685389,215414,270144,184481,6988,8362,0,873367,187978,873367
7/8/2020,175358,647762,206749,253184,173087,7003,7739,0,823120,175358,823120
8/8/2020,113197,412492,143659,158930,99993,5498,4412,0,525689,113197,525689
9/8/2020,72525,296213,104516,108903,74289,4421,4084,0,368738,72525,368738
10/8/2020,164423,574446,188631,223663,149009,7353,5790,0,738869,164423,738869
11/8/2020,165965,573597,186496,223682,149799,6620,7000,0,739562,165965,739562
12/8/2020,153556,548175,178421,212658,144237,6217,6642,0,701731,153556,701731
13/8/2020,152323,532538,174167,206393,137833,6419,7726,0,684861,152323,684861
14/8/2020,141437,494926,165771,191729,124291,6545,6590,0,636363,141437,636363
15/8/2020,66650,246768,87411,92096,56649,4999,5613,0,313418,66650,313418
16/8/2020,70030,275060,95971,103707,64775,5023,5584,0,345090,70030,345090
17/8/2020,138031,488546,163184,188117,125900,5921,5424,0,626577,138031,626577
18/8/2020,144995,514317,167617,199435,133392,6115,7758,0,659312,144995,659312
19/8/2020,142973,510516,167361,198117,132621,5916,6501,0,653489,142973,653489
20/8/2020,151841,529340,173767,204739,137558,6113,7163,0,681181,151841,681181
21/8/2020,152622,528717,174138,204816,137112,6309,6342,0,681339,152622,681339
22/8/2020,109224,397163,137427,150903,96852,5409,6572,0,506387,109224,506387
23/8/2020,79004,309987,106944,115516,77870,4623,5034,0,388991,79004,388991
24/8/2020,165586,610256,196017,235948,164998,6120,7173,0,775842,165586,775842
25/8/2020,169152,638036,201939,248092,173380,5959,8666,0,807188,169152,807188
26/8/2020,172344,643895,203131,250444,177551,6369,6400,0,816239,172344,816239
27/8/2020,180750,667112,210760,258280,183873,6435,7764,0,847862,180750,847862
28/8/2020,181166,680897,214787,265702,185457,7178,7773,0,862063,181166,862063
29/8/2020,122828,471926,159351,181153,119195,5611,6616,0,594754,122828,594754
30/8/2020,76652,347018,117998,130081,88332,4874,5733,0,423670,76652,423670
31/8/2020,193944,736622,231313,286598,204250,7272,7189,0,930566,193944,930566
1/9/2020,204504,791624,246386,307387,222973,6788,8090,0,996128,204504,996128
2/9/2020,215578,807336,249192,314574,228756,6596,8218,0,1022914,215578,1022914
3/9/2020,216902,830464,256889,322437,235173,6782,9183,0,1047366,216902,1047366
4/9/2020,221425,837150,258805,325878,236385,7608,8474,0,1058575,221425,1058575
5/9/2020,142298,545969,181560,209774,142574,5858,6203,0,688267,142298,688267
6/9/2020,93706,396039,132061,148932,103636,5211,6199,0,489745,93706,489745
7/9/2020,231318,853352,262744,331684,243723,7587,7614,0,1084670,231318,1084670
8/9/2020,232916,876164,267352,340893,251873,7388,8658,0,1109080,232916,1109080
9/9/2020,230903,876379,267337,339542,254288,6972,8240,0,1107282,230903,1107282
10/9/2020,235522,900962,274676,350788,259800,6692,9006,0,1136484,235522,1136484
11/9/2020,235309,910110,277059,353624,262376,7419,9632,0,1145419,235309,1145419
12/9/2020,151927,585296,194476,223457,154569,5862,6932,0,737223,151927,737223
13/9/2020,99759,415118,137837,153475,113409,4951,5446,0,514877,99759,514877
14/9/2020,232486,867134,265870,332941,252248,7676,8399,0,1099620,232486,1099620
15/9/2020,245323,911202,279403,352025,263644,7217,8913,0,1156525,245323,1156525
16/9/2020,241773,905771,276412,348956,263647,7311,9445,0,1147544,241773,1147544
17/9/2020,243845,917689,279848,353694,267980,7283,8884,0,1161534,243845,1161534
18/9/2020,215568,832572,258078,320922,239077,6785,7710,0,1048140,215568,1048140
19/9/2020,121844,477413,161010,181446,126740,3973,4244,0,599257,121844,599257
20/9/2020,95577,412872,137863,153318,112996,4067,4628,0,508449,95577,508449
21/9/2020,235339,877055,271533,336556,254404,6901,7661,0,1112394,235339,1112394
22/9/2020,236797,874121,269291,336016,253671,6476,8667,0,1110918,236797,1110918
23/9/2020,237312,862056,266695,330191,250413,6453,8304,0,1099368,237312,1099368
24/9/2020,229861,867096,268248,333432,250749,6455,8212,0,1096957,229861,1096957
25/9/2020,238886,878313,272969,336969,252922,6959,8494,0,1117199,238886,1117199
26/9/2020,148508,564334,187720,214781,150186,4749,6898,0,712842,148508,712842
27/9/2020,96985,406406,136154,151783,109223,3845,5401,0,503391,96985,503391
28/9/2020,236768,838619,259971,322149,242315,6305,7879,0,1075387,236768,1075387
29/9/2020,241077,872475,269158,336899,251331,6733,8354,0,1113552,241077,1113552
30/9/2020,252670,884055,271684,340270,256985,6879,8237,0,1136725,252670,1136725
1/10/2020,238354,903277,278467,346981,262463,7023,8343,0,1141631,238354,1141631
2/10/2020,237692,895163,277644,342900,258222,7149,9248,0,1132855,237692,1132855
3/10/2020,152206,588010,195383,223079,156731,5147,7670,0,740216,152206,740216
4/10/2020,97731,410849,138136,153293,110317,4210,4893,0,508580,97731,508580
5/10/2020,235192,857169,264139,328411,249690,6492,8437,0,1092361,235192,1092361
6/10/2020,238738,876651,270511,338301,253473,6012,8354,0,1115389,238738,1115389
7/10/2020,221129,894355,268318,336252,274908,6968,7909,0,1115484,221129,1115484
8/10/2020,233795,887165,272156,339038,260628,6414,8929,0,1120960,233795,1120960
9/10/2020,239616,912065,280998,349425,266406,7165,8071,0,1151681,239616,1151681
10/10/2020,149122,607898,200525,231147,164202,5102,6922,0,757020,149122,757020
11/10/2020,98837,429775,144209,159726,116288,3878,5674,0,528612,98837,528612
12/10/2020,236810,881056,271767,335783,258930,6553,8023,0,1117866,236810,1117866
13/10/2020,216920,868991,263089,338202,254092,5575,8033,0,1085911,216920,1085911
14/10/2020,242239,910624,277256,350167,268221,6471,8509,0,1152863,242239,1152863
15/10/2020,197354,863059,265709,330671,253291,4657,8731,1,1060413,197355,1060414
16/10/2020,237570,932637,285283,358383,272495,7562,8914,416,1170207,237986,1170623
17/10/2020,143104,585625,191996,224207,158757,4952,5713,408,728729,143512,729137
18/10/2020,96610,438860,147453,163546,118192,4330,5339,298,535470,96908,535768
19/10/2020,233732,891768,275563,340713,260576,6940,7976,1677,1125500,235409,1127177
20/10/2020,235344,913693,281936,351513,266110,6292,7842,1863,1149037,237207,1150900
21/10/2020,228608,875904,267550,336805,258155,6088,7306,1797,1104512,230405,1106309
22/10/2020,230444,906312,278531,348827,265165,6366,7423,1860,1136756,232304,1138616
23/10/2020,234358,922696,285892,354452,266904,6836,8612,1991,1157054,236349,1159045
24/10/2020,149470,591755,195948,225185,158438,4663,7521,1956,741225,151426,743181
25/10/2020,100236,413758,138852,154231,111452,4035,5188,1075,513994,101311,515069
26/10/2020,231453,880173,275235,338807,252047,6552,7532,3113,1111626,234566,1114739
27/10/2020,236411,904128,281096,349260,258639,6098,9035,3255,1140539,239666,1143794
28/10/2020,66133,293714,97923,108299,81228,2978,3286,710,359847,66843,360557
29/10/2020,230708,884126,275300,340389,255017,6131,7289,3116,1114834,233824,1117950
30/10/2020,232793,893597,280250,344135,255184,5991,8037,3264,1126390,236057,1129654
31/10/2020,147836,586548,195223,223973,156412,4222,6718,1771,734384,149607,736155
1/11/2020,93243,410076,138209,153265,109582,3929,5091,1040,503319,94283,504359
2/11/2020,231148,893262,278058,344730,257489,6131,6854,3147,1124410,234295,1127557
3/11/2020,218349,807782,254833,311287,228370,5339,7953,3135,1026131,221484,1029266
4/11/2020,216686,793716,250009,304731,226650,5383,6943,3286,1010402,219972,1013688
5/11/2020,230551,874305,275286,339632,246592,5590,7205,3636,1104856,234187,1108492
6/11/2020,221258,979550,308102,386446,270617,6141,8244,3546,1200808,224804,1204354
7/11/2020,66899,184398,65486,65444,48689,1683,3096,857,251297,67756,252154
8/11/2020,34729,117333,42500,40431,31604,1397,1401,423,152062,35152,152485
9/11/2020,125439,408750,126771,150780,124703,3121,3375,2236,534189,127675,536425
10/11/2020,131681,415151,128798,154142,125406,2946,3859,2160,546832,133841,548992
11/11/2020,127329,413123,127896,153333,125140,3168,3586,2243,540452,129572,542695
12/11/2020,128522,416080,129545,154170,125382,3048,3935,2429,544602,130951,547031
13/11/2020,126693,410372,129471,152398,121920,3029,3554,2239,537065,128932,539304
14/11/2020,67711,190878,68633,69348,49073,1383,2441,1044,258589,68755,259633
15/11/2020,34240,117343,42963,41017,30604,1145,1614,1035,151583,35275,152618
16/11/2020,124392,402511,126109,148854,121181,2796,3571,3483,526903,127875,530386
17/11/2020,110942,331136,119448,104271,101508,2436,3473,3099,442078,114041,445177
18/11/2020,116676,389253,121014,145061,117190,2639,3349,3198,505929,119874,509127
19/11/2020,114073,386314,120741,143685,115900,2698,3290,3175,500387,117248,503562
20/11/2020,115380,385715,121978,143670,114059,2519,3489,3243,501095,118623,504338
21/11/2020,67123,184415,66870,66192,47731,1228,2394,1798,251538,68921,253336
22/11/2020,45855,115382,42204,39783,30810,1111,1474,1011,161237,46866,162248
23/11/2020,119275,391358,123334,144901,116929,2758,3436,4811,510633,124086,515444
24/11/2020,122284,387140,120300,143898,116884,2469,3589,4583,509424,126867,514007
25/11/2020,116749,388963,121784,144559,116776,2402,3442,4536,505712,121285,510248
26/11/2020,114239,4242,445,87,216,606,2888,3312,118481,117551,121793
27/11/2020,123806,409468,130570,152432,120321,2593,3552,5153,533274,128959,538427
28/11/2020,70799,208745,75418,75426,53338,1550,3013,2991,279544,73790,282535
29/11/2020,33348,121064,44632,42416,31294,1195,1527,1154,154412,34502,155566
30/11/2020,122560,402832,125880,150711,120030,2672,3539,5105,525392,127665,530497
1/12/2020,121769,403783,125874,151171,119879,2676,4183,4810,525552,126579,530362
2/12/2020,121871,403915,125857,150655,121173,2823,3407,4672,525786,126543,530458
3/12/2020,122258,407273,128069,150342,121857,2509,4496,4765,529531,127023,534296
4/12/2020,113435,384608,121226,143704,113956,2504,3218,4463,498043,117898,502506
5/12/2020,74869,219916,79110,80129,56192,1476,3009,2642,294785,77511,297427
6/12/2020,41622,75568,31079,21835,19920,1072,1662,1147,117190,42769,118337
7/12/2020,117711,409147,127517,153561,121650,2806,3613,4440,526858,122151,531298
8/12/2020,133383,425767,133413,158774,126500,2828,4252,4950,559150,138333,564100
9/12/2020,128054,420513,130365,156887,125981,2893,4387,5001,548567,133055,553568
10/12/2020,106413,376774,116599,140778,114134,2657,2606,3798,483187,110211,486985
11/12/2020,123343,418465,130531,157769,123623,2693,3849,4716,541808,128059,546524
12/12/2020,77157,228493,81144,83811,58794,1698,3046,3046,305650,80203,308696
13/12/2020,45370,143796,52953,51557,36103,1235,1948,1953,189166,47323,191119
14/12/2020,113420,411357,126326,157268,121993,2588,3182,4889,524777,118309,529666
15/12/2020,144194,465002,147091,173042,137261,2928,4680,6632,609196,150826,615828
16/12/2020,141113,472503,146811,178856,139140,3137,4559,6716,613616,147829,620332
17/12/2020,144742,471487,149268,175287,138912,3303,4717,7523,616229,152265,623752
18/12/2020,144517,477728,149850,181975,137427,3271,5205,7201,622245,151718,629446
19/12/2020,90550,283067,97412,107652,71920,1911,4172,5144,373617,95694,378761
20/12/2020,54757,187071,68053,66855,47927,1647,2589,2873,241828,57630,244701
21/12/2020,140317,484835,149758,187294,139989,3116,4678,9337,625152,149654,634489
22/12/2020,149673,494046,154779,189522,141787,2986,4972,9173,643719,158846,652892
23/12/2020,150956,496067,155148,190679,141252,3520,5468,9217,647023,160173,656240
24/12/2020,125901,415625,134577,160637,112623,2922,4866,7720,541526,133621,549246
25/12/2020,33618,127112,47098,44202,32736,950,2126,1809,160730,35427,162539
26/12/2020,43075,153531,56548,54603,38930,1334,2116,2554,196606,45629,199160
27/12/2020,50470,183600,65051,68700,45273,1639,2937,2741,234070,53211,236811
28/12/2020,132789,449696,142004,174643,125823,2850,4376,8537,582485,141326,591022
29/12/2020,149978,468011,147884,180536,131735,2818,5038,8700,617989,158678,626689
30/12/2020,142023,466242,147463,181569,129069,3057,5084,8838,608265,150861,617103
31/12/2020,117113,374378,122187,145055,99867,2229,5040,7150,491491,124263,498641
1/1/2021,8164,117182,44103,41760,30203,1078,38,34,125346,8198,125380
2/1/2021,59615,188757,67716,68976,47879,1693,2493,302,248372,59917,248674
3/1/2021,48029,158829,57926,57043,39988,1935,1937,468,206858,48497,207326
4/1/2021,125559,389274,121979,148437,112193,2880,3785,1452,514833,127011,516285
5/1/2021,131958,425969,135911,160754,121754,2770,4780,2821,557927,134779,560748
6/1/2021,83450,166868,61154,58654,43427,1370,2263,979,250318,84429,251297
7/1/2021,141013,434032,137076,163640,126000,2969,4347,3582,575045,144595,578627
8/1/2021,139988,450951,142497,169340,131028,3357,4729,4002,590939,143990,594941
9/1/2021,105039,256701,90386,94344,66297,2170,3504,2784,361740,107823,364524
10/1/2021,63219,183488,65975,65493,46400,2197,3423,2021,246707,65240,248728
11/1/2021,151322,492477,152431,184628,147091,3576,4751,7181,643799,158503,650980
12/1/2021,145135,479575,148133,179750,144168,3352,4172,6959,624710,152094,631669
13/1/2021,149820,494985,153185,185107,147971,3275,5447,7592,644805,157412,652397
14/1/2021,147476,489607,153076,181423,147647,3056,4405,7448,637083,154924,644531
15/1/2021,142068,481995,149152,181334,143087,3408,5014,6975,624063,149043,631038
16/1/2021,63580,222098,77380,82054,58062,1569,3033,2961,285678,66541,288639
17/1/2021,41280,167362,59545,60620,43901,1576,1720,2125,208642,43405,210767
18/1/2021,147335,544899,167502,212325,157285,3187,4600,7548,692234,154883,699782
19/1/2021,160924,577144,179351,222343,166399,3332,5719,8304,738068,169228,746372
20/1/2021,166169,584568,182359,225485,169472,3539,3713,8919,750737,175088,759656
21/1/2021,173244,606496,189154,233709,174770,3589,5274,9596,779740,182840,789336
22/1/2021,172384,616545,193370,237141,175674,3544,6816,9843,788929,182227,798772
23/1/2021,103728,382939,132056,147116,96391,2250,5126,5940,486667,109668,492607
24/1/2021,66985,278070,98962,103875,68892,1764,4577,3525,345055,70510,348580
25/1/2021,177304,605698,189088,232736,174006,3829,6039,10139,783002,187443,793141
26/1/2021,171628,588770,181991,226015,170623,3560,6581,9869,760398,181497,770267
27/1/2021,164309,580060,179150,222676,168825,3542,5867,9298,744369,173607,753667
28/1/2021,151415,614390,191223,235337,177794,3680,6356,9751,765805,161166,775556
29/1/2021,203932,641920,201641,254796,174494,3682,7307,9864,845852,213796,855716
30/1/2021,105686,352754,121834,132588,91521,2108,4703,5682,458440,111368,464122
31/1/2021,55386,214996,76708,77894,54729,1572,4093,3143,270382,58529,273525
1/2/2021,147505,545432,167123,208719,161264,3312,5014,9295,692937,156800,702232
2/2/2021,172991,577864,179455,219987,168660,3505,6257,10009,750855,183000,760864
3/2/2021,171826,562529,174054,215149,162835,3576,6915,10055,734355,181881,744410
4/2/2021,171778,581435,180299,219025,173134,3464,5513,10233,753213,182011,763446
5/2/2021,172514,589607,184522,224876,169702,3732,6775,10254,762121,182768,772375
6/2/2021,85914,267453,93903,97929,69102,1858,4661,5410,353367,91324,358777
7/2/2021,48805,182862,66428,65509,46204,1513,3208,2800,231667,51605,234467
8/2/2021,159923,544842,168498,205964,161631,3343,5406,9910,704765,169833,714675
9/2/2021,169006,556802,173217,209048,164676,3460,6401,9909,725808,178915,735717
10/2/2021,173563,589651,183194,221775,174104,3591,6987,10244,763214,183807,773458
11/2/2021,135110,460735,140870,173334,138716,2997,4818,8259,595845,143369,604104
12/2/2021,143450,474725,149332,177649,139654,3321,4769,8953,618175,152403,627128
13/2/2021,74332,225044,79186,81325,59246,1650,3637,4441,299376,78773,303817
14/2/2021,34726,140411,50237,50102,37219,1106,1747,1885,175137,36611,177022
15/2/2021,95385,383132,112571,147742,116837,2536,3446,4099,478517,99484,482616
16/2/2021,2893,158390,20236,71518,64474,513,1649,62,161283,2955,161345
17/2/2021,76214,327686,96771,125027,101633,1182,3073,3425,403900,79639,407325
18/2/2021,131076,457217,139334,172486,138792,2559,4046,7398,588293,138474,595691
19/2/2021,142267,479305,146553,180028,144292,3003,5429,8412,621572,150679,629984
20/2/2021,80819,259882,90445,94544,68337,1839,4717,5049,340701,85868,345750
21/2/2021,47020,179852,64076,64018,47394,1547,2817,2697,226872,49717,229569
22/2/2021,143556,490909,152451,183464,146899,3243,4852,9228,634465,152784,643693
23/2/2021,143530,494668,152984,185376,147217,3144,5947,8957,638198,152487,647155
24/2/2021,147405,491105,153775,179963,148776,3056,5535,9110,638510,156515,647620
25/2/2021,143401,496195,154710,183479,150093,2959,4954,9206,639596,152607,648802
26/2/2021,155052,502505,157474,188272,147281,3059,6419,9419,657557,164471,666976
27/2/2021,95799,284187,98639,104315,74581,1936,4716,5310,379986,101109,385296
28/2/2021,54543,195253,68886,70467,51286,1597,3017,2845,249796,57388,252641
1/3/2021,153511,506621,157923,188619,152255,3388,4436,9386,660132,162897,669518
2/3/2021,144075,497279,154476,185063,148581,3194,5965,8694,641354,152769,650048
3/3/2021,147564,504926,157208,188078,151586,3291,4763,9078,652490,156642,661568
4/3/2021,126349,444116,140814,163565,131646,3026,5065,8226,570465,134575,578691
5/3/2021,134420,458249,145079,168514,137200,3096,4360,8659,592669,143079,601328
6/3/2021,75794,235992,85720,82759,61933,1534,4046,4409,311786,80203,316195
7/3/2021,37727,154675,56227,54605,40253,1204,2386,2373,192402,40100,194775
8/3/2021,133498,468690,147512,171484,142534,3240,3920,8611,602188,142109,610799
9/3/2021,136811,453979,143148,166532,136944,3042,4313,8373,590790,145184,599163
10/3/2021,131360,464218,144388,172822,139073,3132,4803,8365,595578,139725,603943
11/3/2021,129010,454647,142120,168154,137260,2752,4361,8116,583657,137126,591773
12/3/2021,138946,467834,148055,173925,138108,3094,4652,8850,606780,147796,615630
13/3/2021,78735,252925,89688,91100,66216,1660,4261,4754,331660,83489,336414
14/3/2021,42304,168977,61564,59527,44069,1193,2624,2557,211281,44861,213838
15/3/2021,40357,159242,58932,55249,41647,1173,2241,2098,199599,42455,201697
16/3/2021,133801,469486,146417,176107,139808,3348,3806,8100,603287,141901,611387
17/3/2021,135131,479538,147818,180093,143494,3218,4915,8385,614669,143516,623054
18/3/2021,135846,470702,146767,174805,140744,3164,5222,8506,606548,144352,615054
19/3/2021,141336,475369,149869,177160,140643,3194,4503,8636,616705,149972,625341
20/3/2021,74761,258939,89730,95574,67721,1842,4072,4513,333700,79274,338213
21/3/2021,46064,185170,66746,66188,47844,1541,2851,2666,231234,48730,233900
22/3/2021,148620,488561,152979,183239,144931,3025,4387,8711,637181,157331,645892
23/3/2021,138096,471057,145183,177524,140531,2870,4949,7884,609153,145980,617037
24/3/2021,135295,487465,151853,185590,142574,3166,4282,8478,622760,143773,631238
25/3/2021,34525,154505,61400,48998,39128,1498,3481,2011,189030,36536,191041
26/3/2021,138233,490343,155070,184253,143279,3187,4554,8842,628576,147075,637418
27/3/2021,92204,297226,104886,107668,77928,2020,4724,5160,389430,97364,394590
28/3/2021,53515,209107,74982,75341,53980,1842,2962,2719,262622,56234,265341
29/3/2021,149589,494017,156627,183114,145527,3351,5398,8204,643606,157793,651810
30/3/2021,146846,491453,153294,184635,145678,2980,4866,8225,638299,155071,646524
31/3/2021,116278,469470,143886,177839,139343,2968,5434,7065,585748,123343,592813
1/4/2021,144424,482120,148960,182478,143397,3089,4196,2606,626544,147030,629150
2/4/2021,144349,514417,160437,193280,151151,3817,5732,8404,658766,152753,667170
3/4/2021,92036,344365,118696,127539,91041,2251,4838,5730,436401,97766,442131
4/4/2021,55118,253720,88650,92812,65555,1983,4720,3158,308838,58276,311996
5/4/2021,158349,528631,164714,200518,155054,3362,4983,8261,686980,166610,695241
6/4/2021,152830,543621,169180,205478,159302,3365,6296,8616,696451,161446,705067
7/4/2021,152748,545261,170324,205829,160045,3480,5583,8621,698009,161369,706630
8/4/2021,160167,536197,165777,203150,158034,3352,5884,8337,696364,168504,704701
9/4/2021,155891,553952,171901,210721,162419,3385,5526,8828,709843,164719,718671
10/4/2021,168582,403737,135629,152941,106976,2393,5798,5973,572319,174555,578292
11/4/2021,106626,277501,96221,100708,72218,2474,5880,3930,384127,110556,388057
12/4/2021,175162,559965,175702,211906,162758,3826,5773,9346,735127,184508,744473
13/4/2021,171284,564347,176160,214212,165500,3432,5043,9200,735631,180484,744831
14/4/2021,159847,563115,174133,213340,165366,3606,6670,9393,722962,169240,732355
15/4/2021,165029,583813,180901,222578,170855,3564,5915,9842,748842,174871,758684
16/4/2021,164702,579323,180691,220100,168640,3508,6384,10119,744025,174821,754144
17/4/2021,145238,410848,137583,155521,109912,2618,5214,6470,556086,151708,562556
18/4/2021,98459,270367,93032,98630,71389,2368,4948,3740,368826,102199,372566
19/4/2021,163770,570970,177948,216616,167539,4026,4841,10234,734740,174004,744974
20/4/2021,167788,587881,182277,223250,171644,3773,6937,10299,755669,178087,765968
21/4/2021,184518,578007,179369,218468,171024,3777,5369,10261,762525,194779,772786
22/4/2021,180809,595714,185451,225386,174256,3769,6852,11473,776523,192282,787996
23/4/2021,177899,598514,188000,228061,171779,3801,6873,12172,776413,190071,788585
24/4/2021,91964,337384,113882,129303,87629,2477,4093,6195,429348,98159,435543
25/4/2021,69526,303196,106002,113296,77778,2374,3746,5017,372722,74543,377739
26/4/2021,172159,599716,189745,228791,172016,3751,5413,12487,771875,184646,784362
27/4/2021,170696,600281,189260,229774,171508,3495,6244,12221,770977,182917,783198
28/4/2021,169471,587295,185291,224879,166470,4118,6537,11941,756766,181412,768707
29/4/2021,159468,549192,179531,209482,150145,3386,6648,11821,708660,171289,720481
30/4/2021,99263,348395,121168,132853,87535,2247,4592,6847,447658,106110,454505
1/5/2021,75372,280940,100609,105137,68225,1812,5157,5875,356312,81247,362187
2/5/2021,33740,150765,56732,53659,37149,1341,1884,2706,184505,36446,187211
3/5/2021,53388,243104,87101,87597,62438,2092,3876,4314,296492,57702,300806
4/5/2021,52768,232026,102966,72389,54071,2,2598,4318,284794,57086,289112
5/5/2021,162489,604865,192915,231746,170043,4287,5874,12110,767354,174599,779464
6/5/2021,130275,2399,419,20,176,823,961,8142,132674,138417,140816
7/5/2021,174443,668385,213453,257243,188363,3997,5329,12816,842828,187259,855644
8/5/2021,113102,462544,157861,173489,121367,3575,6252,8397,575646,121499,584043
9/5/2021,76430,349309,122379,127933,90025,3317,5655,5791,425739,82221,431530
10/5/2021,179598,657022,207537,250220,189242,4000,6023,13258,836620,192856,849878
11/5/2021,188459,679550,212487,258281,197456,3852,7474,13114,868009,201573,881123
12/5/2021,184311,653788,203889,248408,191341,3573,6577,12892,838099,197203,850991
13/5/2021,186239,705863,220065,268931,205538,3904,7425,13300,892102,199539,905402
14/5/2021,194112,732643,228341,278921,213030,4064,8287,14282,926755,208394,941037
15/5/2021,123610,506903,171168,191730,134932,2895,6178,9063,630513,132673,639576
16/5/2021,80100,395291,135599,145251,105499,2644,6298,6176,475391,86276,481567
17/5/2021,194879,726618,228597,276859,209541,4439,7182,14013,921497,208892,935510
18/5/2021,199239,751996,234697,287970,217364,4111,7854,14088,951235,213327,965323
19/5/2021,198430,745564,231988,283141,217309,4272,8854,14275,943994,212705,958269
20/5/2021,199655,747081,234081,284045,216748,4158,8049,14339,946736,213994,961075
21/5/2021,193677,757963,238748,288033,219393,4323,7466,14040,951640,207717,965680
22/5/2021,127230,523882,174028,196771,142270,3103,7710,9418,651112,136648,660530
23/5/2021,81682,400272,137059,147762,106192,2757,6502,6688,481954,88370,488642
24/5/2021,198173,735691,229007,280457,214116,4633,7478,14616,933864,212789,948480
25/5/2021,204109,759429,234589,290002,220940,4481,9417,14692,963538,218801,978230
26/5/2021,207307,617161,232471,214825,158260,3798,7807,14198,824468,221505,838666
27/5/2021,200571,791884,242062,305559,230211,4616,9436,15746,992455,216317,1008201
28/5/2021,208277,793804,247048,303851,229811,4567,8527,15343,1002081,223620,1017424
29/5/2021,133687,538443,180136,203774,144621,3292,6620,10058,672130,143745,682188
30/5/2021,81697,372481,126100,135825,100982,2524,7050,6443,454178,88140,460621
31/5/2021,205268,756995,236964,288998,219151,4827,7055,15259,962263,220527,977522
1/6/2021,216721,796098,247881,304148,229583,5110,9376,15114,1012819,231835,1027933
2/6/2021,214985,796194,246689,303829,232531,5725,7420,15437,1011179,230422,1026616
3/6/2021,212410,814595,249309,312699,237119,6084,9384,15714,1027005,228124,1042719
4/6/2021,216759,826331,257532,315131,238242,6136,9290,15612,1043090,232371,1058702
5/6/2021,136707,562181,187177,211329,150989,4497,8189,10345,698888,147052,709233
6/6/2021,90219,400144,134822,146223,107049,4192,7858,7067,490363,97286,497430
7/6/2021,213785,791962,244574,303018,229735,6157,8478,15923,1005747,229708,1021670
8/6/2021,218891,816886,250483,313908,236538,6147,9810,15779,1035777,234670,1051556
9/6/2021,210594,799595,245166,305469,234506,6305,8149,15380,1010189,225974,1025569
10/6/2021,81227,3151,422,20,51,17,2641,6756,84378,87983,91134
11/6/2021,198845,829926,254677,320683,241269,6638,6659,15125,1028771,213970,1043896
12/6/2021,126532,527080,175183,199547,140897,4384,7069,9080,653612,135612,662692
13/6/2021,85356,388885,132610,140167,105306,3960,6842,6532,474241,91888,480773
14/6/2021,201624,788150,243831,301485,229841,6211,6782,14261,989774,215885,1004035
15/6/2021,211716,831519,254999,320269,241400,6189,8662,14917,1043235,226633,1058152
16/6/2021,116092,130822,45397,46836,34516,1730,2343,8797,246914,124889,255711
17/6/2021,220958,888588,271341,344147,259374,6618,7108,16284,1109546,237242,1125830
18/6/2021,215766,835721,259000,320211,240445,7007,9058,15434,1051487,231200,1066921
19/6/2021,129822,521853,175627,195921,136782,4583,8940,10274,651675,140096,661949
20/6/2021,85327,361487,123772,131101,95505,4104,7005,6716,446814,92043,453530
21/6/2021,130372,491633,165958,188236,124312,5167,7960,10364,622005,140736,632369
22/6/2021,216493,828320,255401,318257,239461,6664,8537,15547,1044813,232040,1060360
23/6/2021,209015,827585,248476,320125,241316,6795,10873,15123,1036600,224138,1051723
24/6/2021,207574,829058,249754,322519,239995,6577,10213,14898,1036632,222472,1051530
25/6/2021,199475,812846,249216,316953,231980,6741,7956,14787,1012321,214262,1027108
26/6/2021,126490,519318,171546,199511,134675,4826,8760,9854,645808,136344,655662
27/6/2021,79338,361011,120300,136065,93146,4779,6721,7254,440349,86592,447603
28/6/2021,204614,811673,246526,316020,232704,6934,9489,15321,1016287,219935,1031608
29/6/2021,209026,841318,252649,329764,243785,6822,8298,14910,1050344,223936,1065254
30/6/2021,201829,827656,246048,323381,239420,6857,11950,14824,1029485,216653,1044309
1/7/2021,182168,763179,228689,299472,220022,6481,8515,12983,945347,195151,958330
2/7/2021,187972,820275,247118,323199,232302,6901,10755,14410,1008247,202382,1022657
3/7/2021,130314,541207,177724,209999,139774,5331,8379,10241,671521,140555,681762
4/7/2021,87722,388716,128717,146206,99997,5149,8647,7980,476438,95702,484418
5/7/2021,200864,831095,251298,326844,236741,7433,8779,15550,1031959,216414,1047509
6/7/2021,202962,853000,253685,336265,243834,7217,11999,15282,1055962,218244,1071244
7/7/2021,199099,811959,241141,320736,233434,7145,9503,15244,1011058,214343,1026302
8/7/2021,202268,846435,252352,331043,245520,7215,10305,15371,1048703,217639,1064074
9/7/2021,206496,845305,255981,332601,238243,7565,10915,15513,1051801,222009,1067314
10/7/2021,130292,543713,178743,210969,139373,5507,9121,10894,674005,141186,684899
11/7/2021,91357,408945,136471,155620,102954,5034,8866,8600,500302,99957,508902
12/7/2021,196750,817700,244921,322529,232514,7607,10129,15891,1014450,212641,1030341
13/7/2021,202101,833568,248559,329427,237584,7169,10829,15907,1035669,218008,1051576
14/7/2021,192399,835036,246296,332334,238359,7849,10198,15552,1027435,207951,1042987
15/7/2021,191870,815378,242641,321987,232641,7491,10618,15440,1007248,207310,1022688
16/7/2021,191304,799987,242597,316038,224054,7442,9856,15466,991291,206770,1006757
17/7/2021,121635,523966,173148,203360,132089,5643,9726,11135,645601,132770,656736
18/7/2021,81195,368333,121085,140641,93187,5505,7915,8432,449528,89627,457960
19/7/2021,186796,778813,235426,307164,218747,7595,9881,15376,965609,202172,980985
20/7/2021,191466,793793,239020,313787,223423,7444,10119,15430,985259,206896,1000689
21/7/2021,187986,799089,239870,313157,227858,7515,10689,15299,987075,203285,1002374
22/7/2021,191144,800438,240507,316737,225960,7437,9797,15572,991582,206716,1007154
23/7/2021,190857,776448,237287,305737,215941,7732,9751,15304,967305,206161,982609
24/7/2021,122356,522725,172451,203906,130624,5764,9980,11101,645081,133457,656182
25/7/2021,83701,362337,120361,136515,92145,5285,8031,8495,446038,92196,454533
26/7/2021,186896,750701,228464,295305,209485,7311,10136,15638,937597,202534,953235
27/7/2021,193976,735612,199300,304464,213083,7326,11439,15230,929588,209206,944818
28/7/2021,185005,725609,199108,297786,211763,6981,9971,14775,910614,199780,925389
29/7/2021,175158,711246,197565,290125,205311,7292,10953,14360,886404,189518,900764
30/7/2021,172152,697099,205395,283364,193521,7046,7773,14038,869251,186190,883289
31/7/2021,104438,444677,144156,175028,111247,5257,8989,9901,549115,114339,559016
1/8/2021,68721,313374,101439,123397,77243,4869,6426,7348,382095,76069,389443
2/8/2021,131903,593455,179492,239041,161266,6577,7079,12335,725358,144238,737693
3/8/2021,138625,577509,173454,233144,156913,6267,7731,11692,716134,150317,727826
4/8/2021,136979,565873,169431,229124,153895,6458,6965,11521,702852,148500,714373
5/8/2021,144924,592743,178914,239323,160721,6325,7460,12323,737667,157247,749990
6/8/2021,138933,560175,172034,226050,148448,6119,7524,11137,699108,150070,710245
7/8/2021,97971,400092,133562,157813,97005,4989,6723,8630,498063,106601,506693
8/8/2021,68653,302546,101226,115614,74963,4893,5850,7132,371199,75785,378331
9/8/2021,137774,546338,169811,218241,144246,6346,7694,12732,684112,150506,696844
10/8/2021,139147,536059,166544,213120,141798,6487,8110,12539,675206,151686,687745
11/8/2021,133454,507731,157710,203121,134462,6275,6163,11894,641185,145348,653079
12/8/2021,138457,515490,161737,205348,136183,6203,6019,11977,653947,150434,665924
13/8/2021,136335,500740,159294,196658,129338,6557,8893,12612,637075,148947,649687
14/8/2021,94208,357904,122042,139035,86164,4261,6402,9701,452112,103909,461813
15/8/2021,60321,255988,88280,95987,60406,4693,6622,6298,316309,66619,322607
16/8/2021,119126,451722,145978,175579,116539,6040,7586,11874,570848,131000,582722
17/8/2021,126424,478765,153172,188358,124178,6309,6748,12464,605189,138888,617653
18/8/2021,125187,480704,151549,188785,125521,6362,8487,12042,605891,137229,617933
19/8/2021,130437,494612,157337,193774,128660,6527,8314,12103,625049,142540,637152
20/8/2021,130547,497656,158086,196235,129455,6465,7415,12447,628203,142994,640650
21/8/2021,95572,386201,128175,149278,95575,5133,8040,9739,481773,105311,491512
22/8/2021,71444,325898,107114,124067,82830,5414,6473,7481,397342,78925,404823
23/8/2021,146084,573246,177808,225439,154106,6732,9161,12828,719330,158912,732158
24/8/2021,150330,599699,184416,236695,163942,6847,7799,13480,750029,163810,763509
25/8/2021,152669,617095,186163,245683,169026,7061,9162,13267,769764,165936,783031
26/8/2021,153541,623464,189980,247854,170791,6821,8018,13454,777005,166995,790459
27/8/2021,158762,625021,192059,246338,171672,7116,7836,13538,783783,172300,797321
28/8/2021,115536,452350,147103,175268,115457,5834,8688,10371,567886,125907,578257
29/8/2021,75634,371879,121843,139609,97961,5626,6840,7737,447513,83371,455250
30/8/2021,175255,702304,212364,277837,196826,7356,7921,14396,877559,189651,891955
31/8/2021,179517,741046,222533,293498,207867,7538,9610,14745,920563,194262,935308
1/9/2021,188631,776852,230861,307284,222582,7786,8339,15087,965483,203718,980570
2/9/2021,191607,796244,237519,314083,226664,7617,10361,15372,987851,206979,1003223
3/9/2021,190220,806381,240854,319262,228545,8199,9521,15757,996601,205977,1012358
4/9/2021,127369,543293,175511,209571,142901,6155,9155,10588,670662,137957,681250
5/9/2021,82879,400891,130028,149051,108415,5862,7535,7241,483770,90120,491011
6/9/2021,204207,826394,246162,325046,238934,8044,8208,15695,1030601,219902,1046296
7/9/2021,209998,868243,257655,340758,251932,8026,9872,15337,1078241,225335,1093578
8/9/2021,202946,863159,252080,342175,252125,8315,8464,14912,1066105,217858,1081017
9/9/2021,196309,928814,289663,328529,293117,8596,8909,14817,1125123,211126,1139940
10/9/2021,214094,899069,267440,353434,260583,8476,9136,15759,1113163,229853,1128922
11/9/2021,137977,629641,197425,248471,167197,6651,9897,11126,767618,149103,778744
12/9/2021,80233,483434,150275,188454,130797,6825,7083,7677,563667,87910,571344
13/9/2021,215767,857680,257717,332188,250152,8292,9331,16072,1073447,231839,1089519
14/9/2021,222800,888326,264981,343013,261991,8117,10224,16596,1111126,239396,1127722
15/9/2021,221718,905058,267785,352327,266017,8283,10646,16489,1126776,238207,1143265
16/9/2021,225956,914427,273956,355242,269029,8072,8128,17038,1140383,242994,1157421
17/9/2021,224973,921372,279851,342953,278962,7682,11924,16397,1146345,241370,1162742
18/9/2021,140041,601886,193625,232498,159241,5834,10688,10634,741927,150675,752561
19/9/2021,89437,442538,143413,165888,118111,5946,9180,7174,531975,96611,539149
20/9/2021,221519,889752,264791,345087,261823,8855,9196,16853,1111271,238372,1128124
21/9/2021,226722,925581,272586,361576,271638,8643,11138,16916,1152303,243638,1169219
22/9/2021,224613,914107,272538,351742,270711,8438,10678,16445,1138720,241058,1155165
23/9/2021,222724,912727,269686,355424,271381,8301,7935,15276,1135451,238000,1150727
24/9/2021,224403,944836,282121,365512,277427,8707,11069,17107,1169239,241510,1186346
25/9/2021,148678,639345,202176,245210,175632,6319,10008,10382,788023,159060,798405
26/9/2021,94659,478208,150894,175160,137159,6038,8957,7330,572867,101989,580197
27/9/2021,233629,925597,273682,357464,275349,8693,10409,17107,1159226,250736,1176333
28/9/2021,233255,940743,276924,365784,278438,8537,11060,16948,1173998,250203,1190946
29/9/2021,232732,953827,278651,369178,286201,8601,11196,17014,1186559,249746,1203573
30/9/2021,234801,977900,285890,380465,292946,8825,9774,17066,1212701,251867,1229767
1/10/2021,217287,996924,296287,386218,294977,8991,10451,21884,1214211,239171,1236095
2/10/2021,132383,670570,214496,253692,188354,6465,7563,11291,802953,143674,814244
3/10/2021,88804,511987,164522,183706,149157,6056,8546,6046,600791,94850,606837
4/10/2021,225627,984838,288863,379043,298607,8974,9351,13730,1210465,239357,1224195
5/10/2021,227452,1004143,296380,389516,297606,8621,12020,15682,1231595,243134,1247277
6/10/2021,224509,1022339,295611,395087,312739,8976,9926,16876,1246848,241385,1263724
7/10/2021,228099,1051678,306300,401632,324105,8426,11215,15196,1279777,243295,1294973
8/10/2021,212576,939493,275330,367665,283166,8611,4721,14474,1152069,227050,1166543
9/10/2021,175901,710795,225223,267452,198081,6326,13713,40256,886696,216157,926952
10/10/2021,79207,458365,147410,167891,130325,5852,6887,18144,537572,97351,555716
11/10/2021,214159,1057616,305234,401068,333344,9621,8349,13777,1271775,227936,1285552
12/10/2021,228394,1070369,311011,406995,333527,9038,9798,12757,1298763,241151,1311520
13/10/2021,238215,1094309,317402,413059,343359,9312,11177,20065,1332524,258280,1352589
14/10/2021,146116,845652,230630,333894,267768,7182,6178,13815,991768,159931,1005583
15/10/2021,147750,737151,219995,288431,217630,6953,4142,10913,884901,158663,895814
16/10/2021,135406,724868,224633,277429,209386,6662,6758,9161,860274,144567,869435
17/10/2021,84978,494777,155039,183837,142259,6122,7520,7351,579755,92329,587106
18/10/2021,232374,1108041,325407,422912,341270,9730,8722,14407,1340415,246781,1354822
19/10/2021,234874,1146548,333003,438244,354618,9560,11123,17448,1381422,252322,1398870
20/10/2021,233422,1127975,329709,428875,350025,9470,9896,16409,1361397,249831,1377806
21/10/2021,235409,1140232,333726,433336,351756,9449,11965,16078,1375641,251487,1391719
22/10/2021,235528,1130762,331829,429848,348972,9561,10552,29283,1366290,264811,1395573
23/10/2021,140614,735488,231249,277067,210523,6692,9957,11916,876102,152530,888018
24/10/2021,87872,497320,157894,180458,143919,5756,9293,8529,585192,96401,593721
25/10/2021,227454,1090956,316787,417454,337941,9660,9114,15700,1318410,243154,1334110
26/10/2021,236700,1146859,335781,438026,354097,9286,9669,17014,1383559,253714,1400573
27/10/2021,228315,1139755,334149,437605,347971,9363,10667,18115,1368070,246430,1386185
28/10/2021,70030,489319,157350,177274,141237,5025,8433,7972,559349,78002,567321
29/10/2021,224495,1061971,317645,410115,315412,8885,9914,15986,1286466,240481,1302452
30/10/2021,136401,695510,219818,265453,194324,6445,9470,10525,831911,146926,842436
31/10/2021,84865,498646,160752,180514,145183,5573,6624,6487,583511,91352,589998
1/11/2021,231204,1118459,328436,428311,342616,10106,8990,17716,1349663,248920,1367379
2/11/2021,238877,1115839,326070,430264,341229,9020,9256,15196,1354716,254073,1369912
3/11/2021,241165,1148660,335335,439461,352987,9317,11560,19057,1389825,260222,1408882
4/11/2021,237520,1179610,344487,454348,361014,9085,10676,17128,1417130,254648,1434258
5/11/2021,233858,1175548,346831,448579,359388,9523,11227,16658,1409406,250516,1426064
6/11/2021,136118,733658,229350,281015,206647,6187,10459,12001,869776,148119,881777
7/11/2021,97090,571099,181996,211763,161396,5881,10063,6642,668189,103732,674831
8/11/2021,231848,1087750,321052,414281,334160,9476,8781,14836,1319598,246684,1334434
9/11/2021,235249,1112309,326234,424943,342013,8954,10165,18612,1347558,253861,1366170
10/11/2021,231323,1093053,317838,418331,339520,8739,8625,15839,1324376,247162,1340215
11/11/2021,227867,1112308,325497,425859,341286,8792,10874,16904,1340175,244771,1357079
12/11/2021,230620,1113950,324706,426016,342342,9409,11477,16080,1344570,246700,1360650
13/11/2021,128012,765375,230901,303006,216469,6125,8874,11967,893387,139979,905354
14/11/2021,70729,566103,165076,214687,172822,7097,6421,6519,636832,77248,643351
15/11/2021,217995,1009569,300728,390276,300848,9135,8582,15186,1227564,233181,1242750
16/11/2021,217910,896124,213629,380747,284974,7922,8852,14790,1114034,232700,1128824
17/11/2021,171899,852540,274013,308840,253596,7389,8702,14644,1024439,186543,1039083
18/11/2021,136682,4502,311,65,170,1812,2144,9693,141184,146375,150877
19/11/2021,216655,914873,267551,351898,282151,7701,5572,13674,1131528,230329,1145202
20/11/2021,132404,682245,214232,262141,194248,5574,6050,13048,814649,145452,827697
21/11/2021,85637,493666,158924,181592,140344,5426,7380,6679,579303,92316,585982
22/11/2021,225414,1060063,312330,404358,325380,9198,8797,14385,1285477,239799,1299862
23/11/2021,217054,1053585,306757,405294,324368,8046,9120,15839,1270639,232893,1286478
24/11/2021,216586,1045164,302854,402889,323518,8174,7729,14592,1261750,231178,1276342
25/11/2021,229482,1105296,323270,427698,336393,8372,9563,15999,1334778,245481,1350777
26/11/2021,192140,1034004,299528,405759,311408,8384,8925,14913,1226144,207053,1241057
27/11/2021,130646,687993,211054,269739,193808,5435,7957,9215,818639,139861,827854
28/11/2021,82549,508889,157056,192314,148289,5354,5876,6896,591438,89445,598334
29/11/2021,229022,1044135,302348,407095,317699,8425,8568,15823,1273157,244845,1288980
30/11/2021,229984,1072192,314081,416710,324882,7473,9046,16886,1302176,246870,1319062
1/12/2021,229077,1082918,318045,415555,332346,7809,9163,17465,1311995,246542,1329460
2/12/2021,230718,1087965,319909,418566,331334,7708,10448,17314,1318683,248032,1335997
3/12/2021,220007,1070867,312866,414400,327310,8199,8092,16053,1290874,236060,1306927
4/12/2021,120726,652384,205736,246765,187893,4560,7430,8778,773110,129504,781888
5/12/2021,88119,544232,167307,206781,157196,4997,7951,6721,632351,94840,639072
6/12/2021,206048,998601,303979,370052,305769,8329,10472,14571,1204649,220619,1219220
7/12/2021,209455,1032171,303739,400057,313254,7256,7865,16343,1241626,225798,1257969
8/12/2021,229668,1084112,319404,416111,330832,8139,9626,15419,1313780,245087,1329199
9/12/2021,227832,1093748,320624,423368,332593,7674,9489,17120,1321580,244952,1338700
10/12/2021,213833,1072804,312750,416509,328311,7708,7526,16355,1286637,230188,1302992
11/12/2021,107763,579823,178837,227211,164280,4647,4848,7843,687586,115606,695429
12/12/2021,93727,608054,185203,236576,173416,5315,7544,6462,701781,100189,708243
13/12/2021,221290,1050847,308659,405559,319476,8339,8814,14426,1272137,235716,1286563
14/12/2021,201946,953102,294807,357683,285035,7298,8279,13533,1155048,215479,1168581
15/12/2021,208677,1062941,310020,409128,326811,7578,9404,15312,1271618,223989,1286930
16/12/2021,220537,1112110,321041,434140,339952,7778,9199,16237,1332647,236774,1348884
17/12/2021,213935,1136646,327016,444081,349465,8539,7545,15980,1350581,229915,1366561
18/12/2021,107391,653244,194236,259400,186140,4899,8569,7175,760635,114566,767810
19/12/2021,84970,609051,181472,238082,176479,4989,8029,5827,694021,90797,699848
20/12/2021,228369,1079890,314665,420267,326766,8300,9892,15046,1308259,243415,1323305
21/12/2021,211688,1102210,319281,433227,331352,8013,10337,13321,1313898,225009,1327219
22/12/2021,208164,1100055,319489,431335,330338,8295,10598,15835,1308219,223999,1324054
23/12/2021,196954,1055273,311852,419730,306146,8258,9287,14455,1252227,211409,1266682
24/12/2021,148746,784217,237894,317324,215489,6632,6878,13485,932963,162231,946448
25/12/2021,40471,304835,94268,118184,84298,2856,5229,3753,345306,44224,349059
26/12/2021,42842,422871,128681,165634,116245,4278,8033,4998,465713,47840,470711
27/12/2021,163313,792427,239236,319527,217871,6802,8991,10660,955740,173973,966400
28/12/2021,160028,758824,231749,304823,208057,6241,7954,15508,918852,175536,934360
29/12/2021,163575,759058,230384,304396,209227,6781,8270,11412,922633,174987,934045
30/12/2021,158134,714647,218688,288016,192905,5863,9175,12734,872781,170868,885515
31/12/2021,120133,541890,171515,218860,139668,4587,7260,8891,662023,129024,670914
1/1/2022,36101,227788,77232,86516,57317,2635,4088,3093,263889,39194,266982
2/1/2022,58531,335164,109312,127739,87651,4068,6394,4253,393695,62784,397948
3/1/2022,146577,640445,198614,252269,175235,5938,8389,10496,787022,157073,797518
4/1/2022,159893,687844,212863,271885,189368,5731,7997,12072,847737,171965,859809
5/1/2022,158316,699539,215885,275039,194165,5609,8841,11302,857855,169618,869157
6/1/2022,61075,318688,106098,119294,84389,3269,5638,5716,379763,66791,385479
7/1/2022,156959,700662,216007,277092,194443,5694,7426,10954,857621,167913,868575
8/1/2022,78254,467066,152920,180700,122793,4171,6482,7878,545320,86132,553198
9/1/2022,45323,307961,101660,114903,83755,3860,3783,4405,353284,49728,357689
10/1/2022,172259,833078,244867,323481,250379,6869,7482,11369,1005337,183628,1016706
11/1/2022,175958,842837,249699,326319,253522,5980,7317,13232,1018795,189190,1032027
12/1/2022,163962,818614,238056,316851,250019,6042,7646,10945,982576,174907,993521
13/1/2022,166599,831319,243004,323830,251902,5601,6982,11392,997918,177991,1009310
14/1/2022,177704,876285,255423,342130,264353,6630,7749,12585,1053989,190289,1066574
15/1/2022,109062,570879,179309,223511,157809,3232,7018,7497,679941,116559,687438
16/1/2022,71341,417148,134324,158142,115350,3926,5406,5130,488489,76471,493619
17/1/2022,189998,887505,261925,343188,266927,6903,8562,14919,1077503,204917,1092422
18/1/2022,190456,894315,266180,343008,270261,6139,8727,16845,1084771,207301,1101616
19/1/2022,165606,880547,255830,339958,269637,6283,8839,13195,1046153,178801,1059348
20/1/2022,186655,911692,267149,351775,277286,6490,8992,12895,1098347,199550,1111242
21/1/2022,190207,923018,269683,360270,276957,6845,9263,15144,1113225,205351,1128369
22/1/2022,90769,496273,155790,196646,135021,3533,5283,7266,587042,98035,594308
23/1/2022,54354,317188,101244,117988,90734,3528,3694,4531,371542,58885,376073
24/1/2022,49649,545246,137067,222777,180351,3236,1815,2929,594895,52578,597824
25/1/2022,682,195741,46067,72661,72575,593,3845,6292,196423,6974,202715
26/1/2022,31156,341713,91840,127937,114901,4027,3008,1707,372869,32863,374576
27/1/2022,99104,700475,197652,275887,214406,5561,6969,6062,799579,105166,805641
28/1/2022,134723,826752,237446,326364,249118,6160,7664,10228,961475,144951,971703
29/1/2022,105725,525896,159900,210888,145819,3946,5343,6890,631621,112615,638511
30/1/2022,62639,386706,120995,144295,112409,4080,4927,4510,449345,67149,453855
31/1/2022,198471,940895,272768,366266,284891,7417,9553,13005,1139366,211476,1152371
1/2/2022,189728,922883,267038,359968,280736,6747,8394,13379,1112611,203107,1125990
2/2/2022,170524,871227,249367,339488,267047,6684,8641,13006,1041751,183530,1054757
3/2/2022,187962,928193,268392,361447,282340,6722,9292,12518,1116155,200480,1128673
4/2/2022,193835,982761,285421,382497,298460,7566,8817,15883,1176596,209718,1192479
5/2/2022,122346,642659,200854,248439,180345,4815,8206,10062,765005,132408,775067
6/2/2022,73770,449051,140790,166184,130046,4649,7382,6439,522821,80209,529260
7/2/2022,206104,951541,277449,365613,290455,8336,9688,13911,1157645,220015,1171556
8/2/2022,183533,901589,259154,351106,275712,6769,8848,12672,1085122,196205,1097794
9/2/2022,192822,941790,274022,363466,287802,7189,9311,13619,1134612,206441,1148231
10/2/2022,197685,966212,281161,374169,293645,7227,10010,13005,1163897,210690,1176902
11/2/2022,107320,954732,279845,371490,291035,7818,4544,10059,1062052,117379,1072111
12/2/2022,213922,706033,217350,267319,201340,5264,14760,16547,919955,230469,936502
13/2/2022,69135,416883,129990,153086,122545,4713,6549,5603,486018,74738,491621
14/2/2022,201903,977366,283269,374923,301544,8421,9209,13116,1179269,215019,1192385
15/2/2022,201864,976942,286145,376457,295801,7325,11214,14673,1178806,216537,1193479
16/2/2022,202488,974573,283596,373711,298625,7689,10952,15151,1177061,217639,1192212
17/2/2022,196140,964939,280982,370404,296354,7500,9699,14489,1161079,210629,1175568
18/2/2022,204547,1032509,298803,399234,314607,8342,11523,14804,1237056,219351,1251860
19/2/2022,127106,685737,212138,262452,196289,5251,9607,10741,812843,137847,823584
20/2/2022,77122,455777,144701,166808,131735,5326,7207,5495,532899,82617,538394
21/2/2022,205844,970391,284138,370760,296558,8378,10557,15229,1176235,221073,1191464
22/2/2022,212248,993314,289440,380859,304190,7532,11293,14867,1205562,227115,1220429
23/2/2022,206450,991142,286342,379148,306500,7883,11269,14729,1197592,221179,1212321
24/2/2022,193442,961839,286566,357713,302332,7402,7826,14742,1155281,208184,1170023
25/2/2022,208683,1030893,299851,393914,316675,8674,11779,14910,1239576,223593,1254486
26/2/2022,124139,710985,217456,277942,200363,5470,9754,9676,835124,133815,844800
27/2/2022,69680,419529,130623,155478,123089,5103,5236,17887,489209,87567,507096
28/2/2022,204361,989734,281552,384285,306322,8759,8816,13138,1194095,217499,1207233
1/3/2022,209472,1042629,295793,406497,322895,7997,9447,14870,1252101,224342,1266971
2/3/2022,200338,1007240,288178,389206,312352,8030,9474,14077,1207578,214415,1221655
3/3/2022,214981,1057633,304929,406947,325513,8340,11904,14212,1272614,229193,1286826
4/3/2022,210614,1038175,303206,399111,316579,8849,10430,16630,1248789,227244,1265419
5/3/2022,117594,592385,184915,227817,166256,5419,7978,10188,709979,127782,720167
6/3/2022,73294,444870,139025,165619,128627,5082,6517,4878,518164,78172,523042
7/3/2022,63929,362173,119508,132144,99778,4866,5877,5526,426102,69455,431628
8/3/2022,206860,1043532,299562,405898,319236,8336,10500,13841,1250392,220701,1264233
9/3/2022,201038,1002941,285305,385674,313470,8387,10105,14425,1203979,215463,1218404
10/3/2022,170970,888194,246690,349727,276602,6882,8293,12255,1059164,183225,1071419
11/3/2022,186099,952424,266205,373233,295534,7856,9596,11147,1138523,197246,1149670
12/3/2022,101753,567837,170386,222352,164040,4716,6343,7025,669590,108778,676615
13/3/2022,70874,444891,136898,163361,132692,5310,6630,4888,515765,75762,520653
14/3/2022,206619,1033425,293362,396653,323897,9170,10343,14124,1240044,220743,1254168
15/3/2022,217382,1072011,309311,409911,333285,8307,11197,15366,1289393,232748,1304759
16/3/2022,216415,1063782,305467,404873,332902,8628,11912,16466,1280197,232881,1296663
17/3/2022,215816,934179,268553,359732,294593,8007,3294,16027,1149995,231843,1166022
18/3/2022,201649,1189890,338561,452892,370091,9889,18457,14150,1391539,215799,1405689
19/3/2022,112397,659561,196646,255643,193315,5690,8267,8973,771958,121370,780931
20/3/2022,53905,439481,124326,173685,131239,5425,4806,3805,493386,57710,497191
21/3/2022,194334,965633,275717,373036,303554,8684,4642,13163,1159967,207497,1173130
22/3/2022,199460,1028577,289546,397332,319230,8218,14251,14140,1228037,213600,1242177
23/3/2022,197259,697761,194429,267637,220307,6431,8957,12413,895020,209672,907433
24/3/2022,205999,1403385,400725,544988,427689,10525,19458,15001,1609384,221000,1624385
25/3/2022,59910,550015,167266,201566,167109,5617,8457,7297,609925,67207,617222
26/3/2022,121703,653764,205042,252745,184928,5727,5322,9059,775467,130762,784526
27/3/2022,81258,497721,152725,180281,144129,5993,14593,5646,578979,86904,584625
28/3/2022,210200,1013979,293694,388299,312983,9350,9653,16438,1224179,226638,1240617
29/3/2022,219947,1091879,311767,428298,330814,8821,12179,16457,1311826,236404,1328283
30/3/2022,192251,1094802,310941,419250,343427,8886,12298,16794,1287053,209045,1303847
31/3/2022,221914,1070530,306754,412288,333158,8600,9730,16280,1292444,238194,1308724
1/4/2022,219641,1128821,320553,438172,349019,9245,11832,16420,1348462,236061,1364882
2/4/2022,134383,747512,227971,286676,215619,6608,10638,10963,881895,145346,892858
3/4/2022,86498,551596,170622,202465,162285,6525,9699,7622,638094,94120,645716
4/4/2022,224314,1074863,308770,411720,332508,9819,12046,16439,1299177,240753,1315616
5/4/2022,231259,1124294,322522,433144,347130,9473,12025,15713,1355553,246972,1371266
6/4/2022,80040,433,195,61,50,107,20,8198,80473,88238,88671
7/4/2022,227436,1151936,329390,443632,357647,9491,11776,14651,1379372,242087,1394023
8/4/2022,228510,1162095,332352,449242,357175,9692,13634,15617,1390605,244127,1406222
9/4/2022,138617,782405,237486,304278,223128,6708,10805,11705,921022,150322,932727
10/4/2022,86994,565030,175265,210763,162967,6303,9732,6929,652024,93923,658953
11/4/2022,225736,1104195,320760,422227,339128,9757,12323,17360,1329931,243096,1347291
12/4/2022,234383,1150722,331146,442204,354119,9977,13276,17449,1385105,251832,1402554
13/4/2022,230926,1035227,298706,400618,321848,9115,4940,17117,1266153,248043,1283270
14/4/2022,231013,1178642,335142,452740,359239,10030,21491,17307,1409655,248320,1426962
15/4/2022,227113,1183151,340937,456635,360318,10569,14692,16699,1410264,243812,1426963
16/4/2022,137013,791784,240671,308462,223197,7291,12163,11978,928797,148991,940775
17/4/2022,76568,489818,149796,191802,135026,5904,7290,6115,566386,82683,572501
18/4/2022,193884,971601,279457,382045,289807,9524,10768,12043,1165485,205927,1177528
19/4/2022,202411,993381,288102,392031,292111,9518,11619,15276,1195792,217687,1211068
20/4/2022,201992,974781,289421,379548,284280,9232,12300,13657,1176773,215649,1190430
21/4/2022,178734,818999,253929,321449,225360,8198,10063,15216,997733,193950,1012949
22/4/2022,103829,483663,159834,187330,122712,6129,7658,7617,587492,111446,595109
23/4/2022,76646,371486,125077,141300,91410,5328,8371,6775,448132,83421,454907
24/4/2022,34666,225236,79214,82064,54896,4497,4565,4835,259902,39501,264737
25/4/2022,54130,324094,110921,118933,82584,5118,6538,4084,378224,58214,382308
26/4/2022,146330,752907,234191,292418,207178,8148,10972,9303,899237,155633,908540
27/4/2022,180927,870924,262348,339951,249186,8602,10837,15402,1051851,196329,1067253
28/4/2022,186363,919778,273088,359411,265972,8627,12680,14166,1106141,200529,1120307
29/4/2022,190800,924406,273802,364747,266562,9156,10139,15373,1115206,206173,1130579
30/4/2022,121546,641459,206884,245319,172395,6702,10159,10050,763005,131596,773055
1/5/2022,52555,2449,617,42,58,377,1355,4229,55004,56784,59233
2/5/2022,59417,356209,119228,130454,97047,5150,4330,4568,415626,63985,420194
3/5/2022,222038,1099759,318761,427662,333010,9982,10344,14090,1321797,236128,1335887
4/5/2022,226780,1115415,322356,428369,340861,9966,13863,16848,1342195,243628,1359043
5/5/2022,230933,1148127,331591,442548,350706,10147,13135,16365,1379060,247298,1395425
6/5/2022,224629,1156528,331289,450158,353237,10539,11305,15477,1381157,240106,1396634
7/5/2022,137617,767160,235264,296696,215551,7515,12134,11951,904777,149568,916728
8/5/2022,97186,592942,188941,223931,163884,6936,9250,7233,690128,104419,697361
9/5/2022,227363,1112471,319469,429054,340015,10516,13417,17965,1339834,245328,1357799
10/5/2022,231582,937462,272710,359336,286641,8708,10067,16032,1169044,247614,1185076
11/5/2022,234593,1161198,334898,444384,357972,10363,13581,16914,1395791,251507,1412705
12/5/2022,230451,1176348,333844,456434,363371,10263,12436,15734,1406799,246185,1422533
13/5/2022,229682,1183358,339465,455651,363456,10688,14098,16630,1413040,246312,1429670
14/5/2022,137102,765122,233858,295997,217302,7529,10436,12177,902224,149279,914401
15/5/2022,88785,552014,174012,203515,156588,6998,10901,7177,640799,95962,647976
16/5/2022,227526,1107390,316388,426243,341239,10275,13245,17037,1334916,244563,1351953
17/5/2022,235057,1145990,330263,441765,349845,10530,13587,17992,1381047,253049,1399039
18/5/2022,226968,867752,251172,332876,272575,8820,2309,20116,1094720,247084,1114836
19/5/2022,223612,1325079,372882,513771,404350,11043,23033,15381,1548691,238993,1564072
20/5/2022,232320,1152335,326362,446891,354782,10486,13814,17594,1384655,249914,1402249
21/5/2022,133900,737838,224251,285451,210428,7292,10416,10027,871738,143927,881765
22/5/2022,88862,537657,167041,198533,153386,7209,11488,7134,626519,95996,633653
23/5/2022,228884,1098067,314114,420718,339339,10623,13273,14907,1326951,243791,1341858
24/5/2022,231755,1135846,321820,439365,350272,10564,13825,31044,1367601,262799,1398645
25/5/2022,233313,1118809,316613,430748,346670,10277,14501,16676,1352122,249989,1368798
26/5/2022,231339,1140698,324242,440781,350851,10469,14355,17717,1372037,249056,1389754
27/5/2022,226554,1149813,325337,445720,353113,10809,14834,26769,1376367,253323,1403136
28/5/2022,135237,728239,221108,283746,204207,7426,11752,16937,863476,152174,880413
29/5/2022,83083,551513,166710,210319,156888,7548,10048,7158,634596,90241,641754
30/5/2022,236621,1107255,315530,429828,339100,11145,11652,16422,1343876,253043,1360298
31/5/2022,238147,1141652,332286,439961,344996,10797,13612,17157,1379799,255304,1396956
1/6/2022,237533,1144081,332997,436640,348388,10671,15385,18148,1381614,255681,1399762
2/6/2022,235811,1153615,326508,449893,351967,10638,14609,16872,1389426,252683,1406298
3/6/2022,228282,1132847,326603,440256,345257,10924,9807,17499,1361129,245781,1378628
4/6/2022,134204,728279,222696,285461,200253,7262,12607,13919,862483,148123,876402
5/6/2022,84918,512857,159810,191234,140659,7179,13975,7896,597775,92814,605671
6/6/2022,224116,1079407,308182,417418,329349,10790,13668,15728,1303523,239844,1319251
7/6/2022,232443,1117188,318737,432723,340543,10704,14481,14629,1349631,247072,1364260
8/6/2022,233339,1115267,318183,431376,341976,11181,12551,18037,1348606,251376,1366643
9/6/2022,232850,1130127,322924,436892,344660,10950,14701,19946,1362977,252796,1382923
10/6/2022,217190,1080910,312624,419726,328182,10664,9714,17249,1298100,234439,1315349
11/6/2022,119786,617757,196626,238626,164829,6805,10871,11562,737543,131348,749105
12/6/2022,81516,470072,150399,172242,129084,6499,11848,6735,551588,88251,558323
13/6/2022,129484,627365,203930,242240,163159,7838,10198,10326,756849,139810,767175
14/6/2022,227363,1089544,317216,421237,326758,10795,13538,13979,1316907,241342,1330886
15/6/2022,220769,1086277,313238,415399,333308,10491,13841,16661,1307046,237430,1323707
16/6/2022,229261,1124232,322761,435264,339154,10927,16126,18810,1353493,248071,1372303
17/6/2022,224108,1114689,323267,435858,332098,10690,12776,18532,1338797,242640,1357329
18/6/2022,134471,760222,227345,307127,207085,7757,10908,15511,894693,149982,910204
19/6/2022,87576,512399,160577,193198,138611,6913,13100,8954,599975,96530,608929
20/6/2022,226406,1086516,311281,419883,330098,10919,14335,16600,1312922,243006,1329522
21/6/2022,229494,1104999,315821,431725,331839,10927,14687,16976,1334493,246470,1351469
22/6/2022,220192,1071637,304187,417419,324447,10757,14827,15435,1291829,235627,1307264
23/6/2022,206813,1049707,296505,412556,316454,10232,13960,16985,1256520,223798,1273505
24/6/2022,211266,1076689,307544,427795,319242,10593,11515,17133,1287955,228399,1305088
25/6/2022,128504,673212,214098,261290,180791,7166,9867,12207,801716,140711,813923
26/6/2022,82919,481353,150969,180277,128142,6610,15355,9297,564272,92216,573569
27/6/2022,216577,1039107,297943,409089,308933,10583,12559,15605,1255684,232182,1271289
28/6/2022,224735,1065942,304562,418326,316957,10299,15798,16904,1290677,241639,1307581
29/6/2022,5422,1123706,345567,415607,332040,12738,17754,13262,1129128,18684,1142390
30/6/2022,226602,1095134,311720,428817,328055,10611,15931,15619,1321736,242221,1337355
1/7/2022,210672,1067499,307609,419475,318479,10397,11539,17782,1278171,228454,1295953
2/7/2022,125102,655291,207388,254214,174797,7279,11613,11499,780393,136601,791892
3/7/2022,79516,468005,149685,178904,120855,6730,11831,8843,547521,88359,556364
4/7/2022,211123,1027482,296135,402379,302721,10632,15615,14571,1238605,225694,1253176
5/7/2022,210231,1041568,298064,409175,308076,10657,15596,16493,1251799,226724,1268292
6/7/2022,205632,1044247,308731,403061,309600,10523,12332,15445,1249879,221077,1265324
7/7/2022,205434,1038432,299365,405239,307993,10105,15730,16490,1243866,221924,1260356
8/7/2022,198581,1016339,291984,402585,299518,10278,11974,16068,1214920,214649,1230988
9/7/2022,116372,614005,193913,239788,161503,7157,11644,10554,730377,126926,740931
10/7/2022,75421,467315,150733,174723,125082,6638,10139,7558,542736,82979,550294
11/7/2022,212707,975778,286363,385357,287115,10574,6369,14865,1188485,227572,1203350
12/7/2022,205617,1022440,292464,400706,296658,10738,21874,15704,1228057,221321,1243761
13/7/2022,203609,1007351,290008,394764,297681,10642,14256,17780,1210960,221389,1228740
14/7/2022,200977,1018874,293049,402476,298449,10519,14381,17111,1219851,218088,1236962
15/7/2022,196012,988686,288381,393138,285144,10854,11169,15480,1184698,211492,1200178
16/7/2022,121021,651129,216130,250380,164065,7432,13122,10814,772150,131835,782964
17/7/2022,78670,487570,156172,187436,122338,7044,14580,8304,566240,86974,574544
18/7/2022,189217,932523,270815,368405,269535,10519,13249,14792,1121740,204009,1136532
19/7/2022,196224,967804,279292,382602,281022,10664,14224,16252,1164028,212476,1180280
20/7/2022,190057,938217,272779,373169,269547,9343,13379,12547,1128274,202604,1140821
21/7/2022,191017,957967,278845,379258,276011,9855,13998,14464,1148984,205481,1163448
22/7/2022,182860,922574,267254,367206,267182,9827,11105,16341,1105434,199201,1121775
23/7/2022,113095,576243,182600,226628,147481,7374,12160,11980,689338,125075,701318
24/7/2022,66756,401149,127017,152868,102332,6876,12056,7241,467905,73997,475146
25/7/2022,169974,840533,245163,333447,239409,9920,12594,15324,1010507,185298,1025831
26/7/2022,177733,883057,254261,353292,251484,10025,13995,15783,1060790,193516,1076573
27/7/2022,178698,882985,256926,351353,251771,10272,12663,16662,1061683,195360,1078345
28/7/2022,179766,891370,253932,357596,255763,9718,14361,15437,1071136,195203,1086573
29/7/2022,181859,856523,239864,350086,247072,9958,9543,16100,1038382,197959,1054482
30/7/2022,109238,550054,178552,218851,134456,7282,10913,11697,659292,120935,670989
31/7/2022,72077,394688,127269,152058,95168,7004,13189,8096,466765,80173,474861
1/8/2022,163809,779040,236462,312732,208183,9701,11962,13844,942849,177653,956693
2/8/2022,170513,799861,240316,322100,215404,9567,12474,15003,970374,185516,985377
3/8/2022,168826,785112,236183,315778,211859,9721,11571,14033,953938,182859,967971
4/8/2022,164786,779574,237616,310371,208767,9402,13418,14019,944360,178805,958379
5/8/2022,159397,750751,230424,302679,199251,9119,9278,14963,910148,174360,925111
6/8/2022,103957,503948,167218,198236,120316,6807,11371,11711,607905,115668,619616
7/8/2022,70038,374695,123206,140891,91026,6561,13011,7373,444733,77411,452106
8/8/2022,142642,665802,202177,264622,178739,8820,11444,11337,808444,153979,819781
9/8/2022,131667,678981,209713,267651,181224,8920,11473,14225,810648,145892,824873
10/8/2022,153795,656676,198818,259399,176469,8848,13142,13159,810471,166954,823630
11/8/2022,140011,641760,198018,253926,169598,8461,11757,12802,781771,152813,794573
12/8/2022,133175,636569,194180,257338,167291,8592,9168,12995,769744,146170,782739
13/8/2022,87836,416173,138906,162394,100126,6536,8211,10015,504009,97851,514024
14/8/2022,60295,322789,107177,119349,78326,6372,11565,7352,383084,67647,390436
15/8/2022,50768,288997,98054,106943,68249,6171,9580,5973,339765,56741,345738
16/8/2022,114063,529679,165271,210600,135812,8280,9716,10071,643742,124134,653813
17/8/2022,117093,547592,169653,216840,142676,8438,9985,11452,664685,128545,676137
18/8/2022,118670,550585,170724,217268,144111,8156,10326,12264,669255,130934,681519
19/8/2022,112538,542286,169039,214570,143360,7964,7353,11384,654824,123922,666208
20/8/2022,84714,419547,134982,163421,104576,6583,9985,9039,504261,93753,513300
21/8/2022,62726,353881,114151,131134,90806,6736,11054,6652,416607,69378,423259
22/8/2022,135086,634266,190627,250823,175007,8334,9475,9578,769352,144664,778930
23/8/2022,132700,625826,185376,248307,173914,8732,9497,11488,758526,144188,770014
24/8/2022,126234,642994,191236,255549,179592,8593,8024,10616,769228,136850,779844
25/8/2022,133780,681810,206039,268747,189512,8500,9012,10622,815590,144402,826212
26/8/2022,145147,714176,213460,284237,200423,9035,7021,10455,859323,155602,869778
27/8/2022,102612,518226,169463,200763,130091,7212,10697,10295,620838,112907,631133
28/8/2022,73270,414667,137301,155849,103600,6873,11044,7123,487937,80393,495060
29/8/2022,171144,831227,242888,332031,235040,9578,11690,11783,1002371,182927,1014154
30/8/2022,179141,870039,254268,345832,248464,9680,11795,13837,1049180,192978,1063017
31/8/2022,175918,864826,247824,345003,249808,9370,12821,14896,1040744,190814,1055640
1/9/2022,191628,934844,270168,369203,272766,9875,12832,15897,1126472,207525,1142369
2/9/2022,187517,932090,271490,368250,271560,10045,10745,14794,1119607,202311,1134401
3/9/2022,116280,622106,196122,243737,164189,7495,10563,10924,738386,127204,749310
4/9/2022,77802,473862,148357,180615,125219,7014,12657,6780,551664,84582,558444
5/9/2022,203417,986555,285507,385092,293276,10546,12134,13629,1189972,217046,1203601
6/9/2022,212251,1044150,298878,410371,311128,10552,13221,15136,1256401,227387,1271537
7/9/2022,213704,1044234,298967,407124,311980,10688,15475,14955,1257938,228659,1272893
8/9/2022,215047,1096897,330295,421443,319900,10689,14570,14668,1311944,229715,1326612
9/9/2022,211276,1057589,303535,416029,314431,11006,12588,15198,1268865,226474,1284063
10/9/2022,127626,682693,210749,266328,186432,7889,11295,12668,810319,140294,822987
11/9/2022,84617,497233,153751,186496,136339,7088,13559,7392,581850,92009,589242
12/9/2022,214911,1028738,295694,399813,308902,10989,13340,14588,1243649,229499,1258237
13/9/2022,227748,1076350,306540,416648,327212,10992,14958,17805,1304098,245553,1321903
14/9/2022,222717,1078792,305236,418953,329420,11159,14024,16956,1301509,239673,1318465
15/9/2022,226777,1104828,317070,428370,332981,11141,15266,16003,1331605,242780,1347608
16/9/2022,224145,1102611,315336,432520,332037,11001,11717,15486,1326756,239631,1342242
17/9/2022,130862,709626,219269,274866,193622,8350,13519,14729,840488,145591,855217
18/9/2022,87322,513984,158884,196573,136910,7753,13864,7887,601306,95209,609193
19/9/2022,230564,1055102,308499,412166,309081,11206,14150,15167,1285666,245731,1300833
20/9/2022,227617,1091728,315053,426861,323846,11176,14792,14790,1319345,242407,1334135
21/9/2022,4566,4948,247,36,145,2246,2274,8439,9514,13005,17953
22/9/2022,228929,1152785,329475,447713,352027,11275,12295,13138,1381714,242067,1394852
23/9/2022,223657,1122871,324852,436690,339736,11174,10419,16459,1346528,240116,1362987
24/9/2022,138638,758400,234723,295935,208053,8303,11386,11858,897038,150496,908896
25/9/2022,92359,568105,176354,213227,157118,7915,13491,6857,660464,99216,667321
26/9/2022,227946,1091156,312093,422050,331542,11244,14227,14115,1319102,242061,1333217
27/9/2022,222502,1108729,314060,431541,337657,10626,14845,17185,1331231,239687,1348416
28/9/2022,233845,1128702,318468,437408,346096,10930,15800,14702,1362547,248547,1377249
29/9/2022,236019,1145664,324420,445772,351480,10712,13280,16929,1381683,252948,1398612
30/9/2022,231130,1193070,353096,460207,354893,10981,13893,16591,1424200,247721,1440791
1/10/2022,139138,766993,230072,297590,220083,8147,11101,11417,906131,150555,917548
2/10/2022,89293,632432,189322,244862,177157,7714,13377,8041,721725,97334,729766
3/10/2022,236535,1142541,333172,441028,345771,11251,11319,14858,1379076,251393,1393934
4/10/2022,242589,1184796,337450,459120,362556,11105,14565,17096,1427385,259685,1444481
5/10/2022,228995,1188475,338163,457979,366362,11134,14837,16572,1417470,245567,1434042
6/10/2022,242390,1200003,343978,461797,369284,10582,14362,15596,1442393,257986,1457989
7/10/2022,234513,1191642,340977,455867,373295,10790,10713,15209,1426155,249722,1441364
8/10/2022,143180,801481,243095,304410,234451,7826,11699,11831,944661,155011,956492
9/10/2022,95523,609250,185440,227351,176568,7426,12465,7144,704773,102667,711917
10/10/2022,240641,1225156,335816,464633,399162,11565,13980,15487,1465797,256128,1481284
11/10/2022,245937,1272041,333466,474303,437342,11176,15754,18078,1517978,264015,1536056
12/10/2022,239052,1257407,332449,468624,431004,11311,14019,16147,1496459,255199,1512606
13/10/2022,224404,1271667,336340,473813,434985,11123,15406,17620,1496071,242024,1513691
14/10/2022,224383,1223294,322516,461994,417893,11003,9888,14873,1447677,239256,1462550
15/10/2022,129341,782088,216439,295561,252109,7656,10323,8800,911429,138141,920229
16/10/2022,88187,628188,178017,222577,208051,7413,12130,7574,716375,95761,723949
17/10/2022,238879,1259048,338412,468619,426662,11222,14133,15225,1497927,254104,1513152
18/10/2022,245231,1264544,334392,477894,427395,11180,13683,14680,1509775,259911,1524455
19/10/2022,244197,1271067,336177,476493,432617,10989,14791,15339,1515264,259536,1530603
20/10/2022,241628,1302798,347166,489207,439486,10767,16172,21335,1544426,262963,1565761
21/10/2022,239552,1297391,341406,489034,444193,10780,11978,17097,1536943,256649,1554040
22/10/2022,147778,864631,235665,323187,285262,7997,12520,12184,1012409,159962,1024593
23/10/2022,95873,643525,174552,230457,217620,7419,13477,7542,739398,103415,746940
24/10/2022,201137,1253173,332562,468198,425977,11116,15320,15333,1454310,216470,1469643
25/10/2022,288017,1296874,342791,487430,440432,10983,15238,18005,1584891,306022,1602896
26/10/2022,244517,1284576,339346,483071,436345,10409,15405,17262,1529093,261779,1546355
27/10/2022,233239,1262454,343875,476695,416683,9949,15252,17721,1495693,250960,1513414
28/10/2022,76682,618800,173039,221438,210860,7172,6291,7415,695482,84097,702897
29/10/2022,132429,783489,222620,295551,247285,7452,10581,9227,915918,141656,925145
30/10/2022,91566,623701,191540,214811,195492,7102,14756,7406,715267,98972,722673
31/10/2022,242436,1232715,329087,466392,413577,10862,12797,14776,1475151,257212,1489927
1/11/2022,244503,1287095,341323,485132,434173,10811,15656,15873,1531598,260376,1547471
2/11/2022,246497,1288031,339810,487044,435976,10430,14771,16827,1534528,263324,1551355
3/11/2022,248020,1310966,349168,493144,444002,10484,14168,16538,1558986,264558,1575524
4/11/2022,242931,1322560,347547,500868,450851,10769,12525,18628,1565491,261559,1584119
5/11/2022,137981,818416,227694,310230,261314,7012,12166,9971,956397,147952,966368
6/11/2022,62407,419030,116779,154777,133974,5815,7685,6340,481437,68747,487777
7/11/2022,241214,1267628,334963,478081,431891,10695,11998,15130,1508842,256344,1523972
8/11/2022,248412,1320848,350237,496781,449080,10009,14741,16198,1569260,264610,1585458
9/11/2022,5979,136582,111365,12694,374,36,12113,9468,142561,15447,152029
10/11/2022,249390,1347275,359738,508779,459195,5696,13867,14381,1596665,263771,1611046
11/11/2022,244853,1352900,354842,511433,462963,11655,12007,18391,1597753,263244,1616144
12/11/2022,128056,930317,241286,365824,303601,7451,12155,9690,1058373,137746,1068063
13/11/2022,77995,780829,196080,297803,266967,9010,10969,5797,858824,83792,864621
14/11/2022,237930,1245518,326907,469524,423122,11058,14907,14267,1483448,252197,1497715
15/11/2022,237377,1222936,329002,466907,403396,9837,13794,16442,1460313,253819,1476755
16/11/2022,227503,1207412,326896,456226,401756,9957,12577,15401,1434915,242904,1450316
17/11/2022,178089,994714,298355,350903,324117,8267,13072,14235,1172803,192324,1187038
18/11/2022,231212,1270840,337665,487918,425314,10144,9799,16735,1502052,247947,1518787
19/11/2022,143531,838050,236396,320352,262761,7171,11370,11786,981581,155317,993367
20/11/2022,84164,565271,157041,206724,183202,6700,11604,6491,649435,90655,655926
21/11/2022,233738,1214352,325712,457939,408540,10584,11577,14403,1448090,248141,1462493
22/11/2022,239001,1253922,334563,469094,426961,9601,13703,10158,1492923,249159,1503081
23/11/2022,217810,1193060,319032,449511,403338,9172,12007,13573,1410870,231383,1424443
24/11/2022,238954,1280230,341989,483261,432172,9891,12917,15728,1519184,254682,1534912
25/11/2022,232817,1322335,353404,506682,441337,10276,10636,17823,1555152,250640,1572975
26/11/2022,140918,842582,235192,321180,266770,6802,12638,10561,983500,151479,994061
27/11/2022,91135,647770,181783,244974,203252,6712,11049,6664,738905,97799,745569
28/11/2022,217169,1167977,310828,441918,394083,9890,11258,13255,1385146,230424,1398401
29/11/2022,230706,1225375,326274,463623,413922,9249,12307,14283,1456081,244989,1470364
30/11/2022,188657,1094382,287869,417780,370024,8570,10139,12261,1283039,200918,1295300
1/12/2022,222260,1249762,328884,480464,419304,9344,11766,15655,1472022,237915,1487677
2/12/2022,232117,1300872,342513,498473,439487,9943,10456,14067,1532989,246184,1547056
3/12/2022,140605,882523,236368,342559,285553,6863,11180,11796,1023128,152401,1034924
4/12/2022,91629,671457,179127,249408,223936,6867,12119,9534,763086,101163,772620
5/12/2022,231642,1225441,331516,459112,412427,10152,12234,15947,1457083,247589,1473030
6/12/2022,214953,1182866,331820,421001,408695,9014,12336,14628,1397819,229581,1412447
7/12/2022,230067,1257659,331269,480756,422934,9690,13010,17257,1487726,247324,1504983
8/12/2022,233948,1286048,341187,486631,434018,10033,14179,13873,1519996,247821,1533869
9/12/2022,231566,1285185,342031,486887,434786,10052,11429,15238,1516751,246804,1531989
10/12/2022,134557,876655,237580,342005,279843,7110,10117,11108,1011212,145665,1022320
11/12/2022,86815,653664,178845,250431,207280,6520,10588,6902,740479,93717,747381
12/12/2022,227392,1225184,323959,467709,411086,9994,12436,12484,1452576,239876,1465060
13/12/2022,229531,1259197,338682,469207,428767,9340,13201,15181,1488728,244712,1503909
14/12/2022,230080,1261744,338566,473040,428455,9131,12552,15984,1491824,246064,1507808
15/12/2022,193245,1295741,347442,487370,438760,9462,12707,15857,1488986,209102,1504843
16/12/2022,263731,1334524,350643,510340,451392,9851,12298,16062,1598255,279793,1614317
17/12/2022,136825,970506,255874,386172,311099,7263,10098,10629,1107331,147454,1117960
18/12/2022,102189,777241,198010,306015,252437,6901,13878,7645,879430,109834,887075
19/12/2022,229096,1236435,316228,477795,420187,9511,12714,12587,1465531,241683,1478118
20/12/2022,129101,1277656,341494,486057,425942,9910,14253,12021,1406757,141122,1418778
21/12/2022,223958,1320556,350059,507069,441216,9753,12459,14509,1544514,238467,1559023
22/12/2022,221090,1329541,351618,511832,441756,9668,14667,15098,1550631,236188,1565729
23/12/2022,204585,1248146,334020,491489,402951,9750,9936,13825,1452731,218410,1466556
24/12/2022,110502,769683,214260,305715,233442,6298,9968,8618,880185,119120,888803
25/12/2022,48440,420489,115733,160280,132018,4152,8306,4498,468929,52938,473427
26/12/2022,65541,620162,161730,240511,202116,6321,9484,4070,685703,69611,689773
27/12/2022,184598,1091504,295357,436302,339129,9063,11653,10043,1276102,194641,1286145
28/12/2022,191744,1135722,304887,445531,360686,9260,15358,13741,1327466,205485,1341207
29/12/2022,193988,1137841,301231,452949,360581,9075,14005,12904,1331829,206892,1344733
30/12/2022,194221,1084116,292848,436878,338209,8805,7376,12300,1278337,206521,1290637
31/12/2022,100121,617405,177396,241681,176902,5525,15901,7342,717526,107463,724868
1/1/2023,41773,388645,111033,147313,120007,4611,5681,4315,430418,46088,434733
2/1/2023,122461,760981,207081,293367,242451,7633,10449,9712,883442,132173,893154
3/1/2023,188523,1009570,276782,397634,313532,8583,13039,11279,1198093,199802,1209372
4/1/2023,194083,1042126,280933,408211,331971,9029,11982,14735,1236209,208818,1250944
5/1/2023,188530,1046431,285156,406167,332216,8765,14127,11830,1234961,200360,1246791
6/1/2023,73881,551037,156061,202480,179494,5849,7153,7398,624918,81279,632316
7/1/2023,120939,748343,211534,289458,231184,6615,9552,8065,869282,129004,877347
8/1/2023,78480,544903,159931,197915,169254,6324,11479,5383,623383,83863,628766
9/1/2023,221114,1166337,316192,439971,388217,9965,11992,12735,1387451,233849,1400186
10/1/2023,192295,1111276,298734,421249,372679,8782,9832,12877,1303571,205172,1316448
11/1/2023,224349,1211464,322867,456444,410490,9720,11943,13153,1435813,237502,1448966
12/1/2023,224050,1234840,327759,465277,418952,9351,13501,13490,1458890,237540,1472380
13/1/2023,223902,1242990,328888,472436,421499,9706,10461,15533,1466892,239435,1482425
14/1/2023,133335,841073,241164,318878,265239,6516,9276,10807,974408,144142,985215
15/1/2023,87146,642053,186406,236530,200288,6346,12483,7847,729199,94993,737046
16/1/2023,209978,1184988,319541,443155,399946,10112,12234,12163,1394966,222141,1407129
17/1/2023,222737,1215569,324141,462319,407454,9210,12445,14677,1438306,237414,1452983
18/1/2023,223573,1207742,325576,454760,405813,9215,12378,15075,1431315,238648,1446390
19/1/2023,223796,1228436,328109,463660,414860,9244,12563,13713,1452232,237509,1465945
20/1/2023,200645,1186959,316667,453040,399760,9023,8469,13847,1387604,214492,1401451
21/1/2023,127728,780149,218414,301113,243954,6442,10226,9528,907877,137256,917405
22/1/2023,82187,562905,158761,204662,182884,6524,10074,5806,645092,87993,650898
23/1/2023,224841,1183775,319103,442610,399035,9774,13253,11892,1408616,236733,1420508
24/1/2023,227622,1202556,324185,453130,403105,9109,13027,16014,1430178,243636,1446192
25/1/2023,219680,1174709,310846,444444,398792,9207,11420,14385,1394389,234065,1408774
26/1/2023,149118,932513,239250,354618,322094,8224,8327,10148,1081631,159266,1091779
27/1/2023,209828,1203687,317885,461993,405754,9331,8724,12351,1413515,222179,1425866
28/1/2023,134837,839803,232780,323522,267030,6668,9803,9996,974640,144833,984636
29/1/2023,80869,575382,166645,206485,185155,6407,10690,5227,656251,86096,661478
30/1/2023,221306,1140245,306779,436365,376389,9684,11028,13180,1361551,234486,1374731
31/1/2023,225861,1198422,319319,454016,403572,9109,12406,15363,1424283,241224,1439646
1/2/2023,220875,1186231,315890,449986,398237,9164,12954,14678,1407106,235553,1421784
2/2/2023,226445,1177094,273215,468222,413038,9426,13193,14556,1403539,241001,1418095
3/2/2023,222842,1244172,331714,474527,418775,9717,9439,15939,1467014,238781,1482953
4/2/2023,129524,790837,221836,304682,248553,6524,9242,10313,920361,139837,930674
5/2/2023,48105,367928,102139,139733,112279,6163,7614,3390,416033,51495,419423
6/2/2023,71287,587099,156059,223096,195669,5193,7082,2749,658386,74036,661135
7/2/2023,148617,894081,233940,348497,296664,7196,7784,5840,1042698,154457,1048538
8/2/2023,171355,1041607,270452,403604,349536,7595,10420,9031,1212962,180386,1221993
9/2/2023,182558,1135692,296422,433479,386065,8584,11142,10557,1318250,193115,1328807
10/2/2023,195588,1203585,309800,465216,411594,9707,7268,12002,1399173,207590,1411175
11/2/2023,120478,816007,222500,314625,263508,6567,8807,9542,936485,130020,946027
12/2/2023,82243,595158,163729,214510,198597,6838,11484,5325,677401,87568,682726
13/2/2023,213783,1213340,325179,453098,414089,10148,10826,12343,1427123,226126,1439466
14/2/2023,219511,1264206,332568,476532,432115,9592,13399,14506,1483717,234017,1498223
15/2/2023,208064,1207793,310314,466151,412747,9813,8768,16080,1415857,224144,1431937
16/2/2023,217815,1228501,326214,457062,422856,9837,12532,14372,1446316,232187,1460688
17/2/2023,216918,1249293,330528,475207,422936,10193,10429,13212,1466211,230130,1479423
18/2/2023,134284,868652,239359,330441,280222,7473,11157,13022,1002936,147306,1015958
19/2/2023,90125,657925,185255,237588,214428,7321,13333,7621,748050,97746,755671
20/2/2023,219670,1251538,324934,474687,427823,10751,13343,15413,1471208,235083,1486621
21/2/2023,226941,1237896,329016,467235,418918,9544,13183,14432,1464837,241373,1479269
22/2/2023,229211,1259048,329695,475085,429997,10180,14091,15858,1488259,245069,1504117
23/2/2023,228284,1270814,336593,478597,432468,10047,13109,16636,1499098,244920,1515734
24/2/2023,223965,1231498,329013,467413,413703,10401,10968,14951,1455463,238916,1470414
25/2/2023,132091,803469,233515,300279,250853,6915,11907,12665,935560,144756,948225
26/2/2023,77033,560279,158095,204636,179229,6312,12007,5894,637312,82927,643206
27/2/2023,65132,427300,128571,153271,131555,6112,7791,6670,492432,71802,499102
28/2/2023,221848,1181781,316506,445526,397702,9511,12536,12663,1403629,234511,1416292
1/3/2023,228662,999128,183019,415050,380373,8254,12432,16494,1227790,245156,1244284
2/3/2023,221169,344855,298833,31967,230,48,13777,13607,566024,234776,579631
3/3/2023,215955,1252673,326016,485766,423404,6654,10833,15703,1468628,231658,1484331
4/3/2023,131988,790180,211796,308465,255886,5203,8830,12079,922168,144067,934247
5/3/2023,85626,279678,72620,105266,88725,2118,10949,6616,365304,92242,371920
6/3/2023,231780,1235438,323639,463824,426597,8128,13250,16888,1467218,248668,1484106
7/3/2023,232397,1262971,338204,474764,429223,7551,13229,16970,1495368,249367,1512338
8/3/2023,5003,200453,91153,46900,57009,957,4434,8302,205456,13305,213758
9/3/2023,232806,1287298,344774,485188,437246,7646,12444,16259,1520104,249065,1536363
10/3/2023,232248,1294922,346697,488596,441390,8132,10107,18467,1527170,250715,1545637
11/3/2023,142306,864302,235331,327863,282569,5546,12993,13872,1006608,156178,1020480
12/3/2023,85014,576623,179730,193693,191882,4920,6398,8136,661637,93150,669773
13/3/2023,227582,1241607,328086,463865,424488,8676,16492,16110,1469189,243692,1485299
14/3/2023,236425,1283864,344261,478883,439022,8112,13586,18792,1520289,255217,1539081
15/3/2023,228337,1259550,331868,471530,434089,8420,13643,18450,1487887,246787,1506337
16/3/2023,81884,239180,76242,70295,87248,523,4872,9784,321064,91668,330848
17/3/2023,209825,1253606,323171,482165,432148,9040,7082,15080,1463431,224905,1478511
18/3/2023,132727,854274,227892,328138,281792,5794,10658,12748,987001,145475,999749
19/3/2023,77153,716654,186484,275229,237250,6200,11491,7871,793807,85024,801678
20/3/2023,226920,1265389,328597,479833,435125,8870,12964,17492,1492309,244412,1509801
21/3/2023,226152,1253839,327795,475827,428808,8173,13236,16278,1479991,242430,1496269
22/3/2023,229843,1269448,333431,478355,434564,9246,13852,18989,1499291,248832,1518280
23/3/2023,243155,1322574,345269,497847,455420,10419,13619,17784,1565729,260939,1583513
24/3/2023,212857,1171405,335346,426661,391674,9116,8608,20023,1384262,232880,1404285
25/3/2023,68448,675424,184807,243687,231565,5793,9572,8047,743872,76495,751919
26/3/2023,83322,609356,169504,220957,197637,7204,14054,7116,692678,90438,699794
27/3/2023,224280,1246984,329172,468993,424827,10232,13760,17584,1471264,241864,1488848
28/3/2023,201265,996293,267685,373664,336322,7901,10721,16783,1197558,218048,1214341
29/3/2023,227003,1270097,329893,480322,437586,9734,12562,16185,1497100,243188,1513285
30/3/2023,235877,1311268,340310,495128,451127,10071,14632,17584,1547145,253461,1564729
31/3/2023,227659,1335680,348026,508757,457202,10274,11421,17963,1563339,245622,1581302
1/4/2023,140776,911671,247045,350346,292968,7355,13957,13588,1052447,154364,1066035
2/4/2023,82923,586238,170751,223775,173892,6928,10892,8900,669161,91823,678061
3/4/2023,118179,1243785,328524,467118,423500,11096,13547,13473,1361964,131652,1375437
4/4/2023,149611,1318190,348326,496056,448175,10596,15037,18356,1467801,167967,1486157
5/4/2023,153973,1385300,365813,514960,475120,11696,17711,18049,1539273,172022,1557322
6/4/2023,121940,1368616,360542,510873,467960,11907,17334,18598,1490556,140538,1509154
7/4/2023,125143,1419381,373690,535291,484596,12423,13381,17358,1544524,142501,1561882
8/4/2023,136732,906097,246309,346872,292018,8269,12629,11587,1042829,148319,1054416
9/4/2023,92419,721991,206293,265738,227684,7566,14710,9832,814410,102251,824242
10/4/2023,205345,1175106,308694,450528,391611,10960,13313,16108,1380451,221453,1396559
11/4/2023,153173,1178228,317861,449792,385169,10953,14453,16309,1331401,169482,1347710
12/4/2023,190845,1103066,299911,420815,357063,10150,15127,16094,1293911,206939,1310005
13/4/2023,164065,1067494,396202,358312,290359,9256,13365,15149,1231559,179214,1246708
14/4/2023,102002,562446,167110,216089,163643,6712,8892,9242,664448,111244,673690
15/4/2023,74747,414788,129834,154329,116779,5927,7919,9498,489535,84245,499033
16/4/2023,33824,252973,81755,88382,73046,5694,4096,4589,286797,38413,291386
17/4/2023,44594,348151,108584,123882,103758,5860,6067,4516,392745,49110,397261
18/4/2023,143005,847400,239361,324283,265273,8811,9672,13887,990405,156892,1004292
19/4/2023,170666,978107,268273,372708,314987,9703,12436,13901,1148773,184567,1162674
20/4/2023,177411,1082666,296647,411376,351049,9652,13942,16143,1260077,193554,1276220
21/4/2023,189897,1100632,299657,421151,359317,10144,10363,16655,1290529,206552,1307184
22/4/2023,119681,752498,214201,284620,233349,7526,12802,14146,872179,133827,886325
23/4/2023,80740,563418,164934,202343,177318,7318,11505,6908,644158,87648,651066
24/4/2023,210418,1233940,329577,460262,419637,11122,13342,15650,1444358,226068,1460008
25/4/2023,223529,1278982,341007,479016,433174,10804,14981,18441,1502511,241970,1520952
26/4/2023,221610,1290638,347820,480832,436712,11145,14129,18572,1512248,240182,1530820
27/4/2023,227983,1318433,350189,492315,447811,11064,17054,19827,1546416,247810,1566243
28/4/2023,219276,1317193,353212,498308,442872,11009,11792,20015,1536469,239291,1556484
29/4/2023,133076,852994,244403,319843,268813,7986,11949,13789,986070,146865,999859
30/4/2023,81365,608624,169937,221554,195041,7436,14656,8327,689989,89692,698316
1/5/2023,42972,2530,202,48,117,422,1741,6691,45502,49663,52193
2/5/2023,217728,1259949,334929,474899,427138,11392,11591,18080,1477677,235808,1495757
3/5/2023,222186,1316677,349756,492106,449492,11342,13981,17321,1538863,239507,1556184
4/5/2023,230979,1331957,353302,499337,450082,11139,18097,19533,1562936,250512,1582469
5/5/2023,211269,1288160,339514,485745,440507,11090,11304,18376,1499429,229645,1517805
6/5/2023,135142,912167,251744,342139,298608,8459,11217,12388,1047309,147530,1059697
7/5/2023,92652,685020,194907,246328,221098,8200,14487,10296,777672,102948,787968
8/5/2023,230725,1313405,347567,488946,448052,11940,16900,17217,1544130,247942,1561347
9/5/2023,224317,1310530,348596,488846,445634,11418,16036,19632,1534847,243949,1554479
10/5/2023,231221,1296465,340340,491741,437612,11531,15241,18382,1527686,249603,1546068
11/5/2023,224557,1298701,343391,485827,441354,11398,16731,19817,1523258,244374,1543075
12/5/2023,228076,1363414,357949,511802,469432,11611,12620,18713,1591490,246789,1610203
13/5/2023,144359,931388,256410,351740,302343,8796,12099,13346,1075747,157705,1089093
14/5/2023,93181,702076,204691,244201,228472,8009,16703,9993,795257,103174,805250
15/5/2023,225263,1279389,341386,476840,434778,11706,14679,17440,1504652,242703,1522092
16/5/2023,226346,1292926,342021,485519,438999,11300,15087,17522,1519272,243868,1536794
17/5/2023,227793,1357570,357384,512887,459201,11757,16341,19453,1585363,247246,1604816
18/5/2023,218660,1370510,355414,524813,462399,12083,15801,18997,1589170,237657,1608167
19/5/2023,200893,1224516,331998,459980,407545,11418,13575,19853,1425409,220746,1445262
20/5/2023,124556,758694,220344,285815,233687,8217,10631,14327,883250,138883,897577
21/5/2023,83493,528672,161658,185172,161399,7611,12832,9498,612165,92991,621663
22/5/2023,180951,1040768,285676,392026,340805,10938,11323,14432,1221719,195383,1236151
23/5/2023,217894,1245289,332164,463001,422965,11358,15801,19300,1463183,237194,1482483
24/5/2023,219161,1258702,332535,468107,432239,11069,14752,16570,1477863,235731,1494433
25/5/2023,229317,1278451,337642,476760,437288,11091,15670,20924,1507768,250241,1528692
26/5/2023,218778,1298272,341224,489894,441563,11417,14174,19490,1517050,238268,1536540
27/5/2023,135788,861757,236900,326069,278921,8281,11586,13509,997545,149297,1011054
28/5/2023,81791,623347,173557,222451,203243,7861,16235,10471,705138,92262,715609
29/5/2023,222846,1232186,326959,460998,419287,10966,13976,17230,1455032,240076,1472262
30/5/2023,227200,1260473,331567,473551,428174,11005,16176,17335,1487673,244535,1505008
31/5/2023,222163,1260765,332277,472364,428313,11640,16171,19689,1482928,241852,1502617
1/6/2023,232854,1297383,342754,487323,440361,11245,15700,18995,1530237,251849,1549232
2/6/2023,216064,1237353,331652,464782,416068,11382,13469,19671,1453417,235735,1473088
3/6/2023,139288,793823,228109,301615,243775,8420,11904,10243,933111,149531,943354
4/6/2023,85299,558054,162902,199400,172833,7683,15236,9091,643353,94390,652444
5/6/2023,132840,719622,215256,269455,214363,8663,11885,13198,852462,146038,865660
6/6/2023,232007,1242910,333910,465962,415140,11555,16343,17791,1474917,249798,1492708
7/6/2023,228178,1272732,336891,477471,432271,12211,13888,17538,1500910,245716,1518448
8/6/2023,228228,1282526,341052,476914,433022,11743,19795,16411,1510754,244639,1527165
9/6/2023,220451,1288382,341927,486499,433853,11579,14524,19066,1508833,239517,1527899
10/6/2023,138511,849010,235327,328726,264702,8407,11848,16000,987521,154511,1003521
11/6/2023,82285,556259,161571,198340,173324,8365,14659,8989,638544,91274,647533
12/6/2023,223520,1227787,327353,460546,412599,12052,15237,17334,1451307,240854,1468641
13/6/2023,223139,1247939,332889,468086,419999,11591,15374,15035,1471078,238174,1486113
14/6/2023,226391,1298322,341537,491690,436485,12232,16378,19052,1524713,245443,1543765
15/6/2023,218122,1290476,339975,491103,430906,12234,16258,17231,1508598,235353,1525829
16/6/2023,219277,1261417,335651,477295,420862,11908,15701,17738,1480694,237015,1498432
17/6/2023,127511,765554,220480,291106,235918,8399,9651,13273,893065,140784,906338
18/6/2023,75973,550151,159760,201103,169293,8112,11883,8361,626124,84334,634485
19/6/2023,224472,1268433,333662,477553,426181,12579,18458,15616,1492905,240088,1508521
20/6/2023,226929,1290627,340174,487773,432028,12147,18505,17931,1517556,244860,1535487
21/6/2023,222525,1348966,353206,512568,453584,12578,17030,17878,1571491,240403,1589369
22/6/2023,223393,1322820,346687,500592,443894,13835,17812,18706,1546213,242099,1564919
23/6/2023,197972,1211665,323571,462851,398681,13008,13554,16126,1409637,214098,1425763
24/6/2023,122765,731878,210759,280278,220486,9321,11034,12865,854643,135630,867508
25/6/2023,92210,556774,173361,199038,162431,8254,13690,10334,648984,102544,659318
26/6/2023,186981,1071479,290579,407211,347758,11447,14484,13111,1258460,200092,1271571
27/6/2023,210713,1223288,315110,466816,413401,11612,16349,19327,1434001,230040,1453328
28/6/2023,216474,1225262,322446,462720,410637,12113,17346,17036,1441736,233510,1458772
29/6/2023,216460,1239659,324920,470415,417049,11821,15454,16996,1456119,233456,1473115
30/6/2023,210851,1242650,331533,470559,413494,11708,15356,17560,1453501,228411,1471061