TK,LOCALITY,bandavedailycbu,totaconsumption,totaldays,average_daily_consumption,totalparoxes,YYYYMM
10431,ΚΕΝΤΡΟ,Κλάση A,199,10951,0.0,377,Jan-23
10431,ΚΕΝΤΡΟ,Κλάση Β,1537,5738,0.3,203,Jan-23
10431,ΚΕΝΤΡΟ,Κλάση Γ,1345,1960,0.7,76,Jan-23
10431,ΚΕΝΤΡΟ,Κλάση Δ,2103,1202,1.8,48,Jan-23
10431,ΚΕΝΤΡΟ,Κλάση Ε,2572,179,14.4,6,Jan-23
10432,ΚΕΝΤΡΟ,Κλάση A,288,19872,0.0,642,Jan-23
10432,ΚΕΝΤΡΟ,Κλάση Β,1506,6665,0.2,215,Jan-23
10432,ΚΕΝΤΡΟ,Κλάση Γ,1351,1922,0.7,62,Jan-23
10432,ΚΕΝΤΡΟ,Κλάση Δ,2739,1259,2.2,41,Jan-23
10432,ΚΕΝΤΡΟ,Κλάση Ε,2371,217,10.9,7,Jan-23
10432,ΜΟΥΣΕΙΟ,Κλάση A,62,2728,0.0,88,Jan-23
10432,ΜΟΥΣΕΙΟ,Κλάση Β,249,1054,0.2,34,Jan-23
10432,ΜΟΥΣΕΙΟ,Κλάση Γ,49,62,0.8,2,Jan-23
10432,ΜΟΥΣΕΙΟ,Κλάση Δ,89,62,1.4,2,Jan-23
10432,ΠΛΑΤΕΙΑ ΒΑΘΗΣ,Κλάση A,158,10329,0.0,336,Jan-23
10432,ΠΛΑΤΕΙΑ ΒΑΘΗΣ,Κλάση Β,1261,5328,0.2,172,Jan-23
10432,ΠΛΑΤΕΙΑ ΒΑΘΗΣ,Κλάση Γ,734,1093,0.7,36,Jan-23
10432,ΠΛΑΤΕΙΑ ΒΑΘΗΣ,Κλάση Δ,1211,610,2.0,20,Jan-23
10433,ΑΓΓΕΛΟΠΟΥΛΟΥ,Κλάση A,36,1271,0.0,41,Jan-23
10433,ΑΓΓΕΛΟΠΟΥΛΟΥ,Κλάση Β,198,930,0.2,30,Jan-23
10433,ΑΓΓΕΛΟΠΟΥΛΟΥ,Κλάση Γ,72,93,0.8,3,Jan-23
10433,ΚΕΝΤΡΟ,Κλάση A,27,1302,0.0,42,Jan-23
10433,ΚΕΝΤΡΟ,Κλάση Β,149,589,0.3,19,Jan-23
10433,ΚΕΝΤΡΟ,Κλάση Γ,53,93,0.6,3,Jan-23
10433,ΜΟΥΣΕΙΟ,Κλάση A,109,6076,0.0,197,Jan-23
10433,ΜΟΥΣΕΙΟ,Κλάση Β,729,3255,0.2,105,Jan-23
10433,ΜΟΥΣΕΙΟ,Κλάση Γ,241,372,0.7,12,Jan-23
10433,ΜΟΥΣΕΙΟ,Κλάση Δ,105,93,1.1,3,Jan-23
10433,ΠΛΑΤΕΙΑ ΒΑΘΗΣ,Κλάση A,685,28803,0.0,932,Jan-23
10433,ΠΛΑΤΕΙΑ ΒΑΘΗΣ,Κλάση Β,5201,22452,0.2,725,Jan-23
10433,ΠΛΑΤΕΙΑ ΒΑΘΗΣ,Κλάση Γ,1415,2201,0.6,71,Jan-23
10433,ΠΛΑΤΕΙΑ ΒΑΘΗΣ,Κλάση Δ,1053,620,1.7,20,Jan-23
10433,ΠΛΑΤΕΙΑ ΒΑΘΗΣ,Κλάση Ε,606,93,6.5,3,Jan-23
10433,ΠΛΑΤΕΙΑ ΒΙΚΤΩΡΙΑΣ,Κλάση A,579,24617,0.0,799,Jan-23
10433,ΠΛΑΤΕΙΑ ΒΙΚΤΩΡΙΑΣ,Κλάση Β,4686,19791,0.2,639,Jan-23
10433,ΠΛΑΤΕΙΑ ΒΙΚΤΩΡΙΑΣ,Κλάση Γ,1755,2746,0.6,89,Jan-23
10433,ΠΛΑΤΕΙΑ ΒΙΚΤΩΡΙΑΣ,Κλάση Δ,833,558,1.5,18,Jan-23
10433,ΠΛΑΤΕΙΑ ΒΙΚΤΩΡΙΑΣ,Κλάση Ε,348,34,10.2,2,Jan-23
10434,ΑΓ. ΠΑΝΤΕΛΕΗΜΩΝ,Κλάση A,354,15335,0.0,542,Jan-23
10434,ΑΓ. ΠΑΝΤΕΛΕΗΜΩΝ,Κλάση Β,3189,13091,0.2,478,Jan-23
10434,ΑΓ. ΠΑΝΤΕΛΕΗΜΩΝ,Κλάση Γ,1150,1770,0.7,80,Jan-23
10434,ΑΓ. ΠΑΝΤΕΛΕΗΜΩΝ,Κλάση Δ,415,286,1.5,15,Jan-23
10434,ΑΓΓΕΛΟΠΟΥΛΟΥ,Κλάση A,386,17863,0.0,642,Jan-23
10434,ΑΓΓΕΛΟΠΟΥΛΟΥ,Κλάση Β,3641,15380,0.2,569,Jan-23
10434,ΑΓΓΕΛΟΠΟΥΛΟΥ,Κλάση Γ,1283,2037,0.6,90,Jan-23
10434,ΑΓΓΕΛΟΠΟΥΛΟΥ,Κλάση Δ,1065,592,1.8,28,Jan-23
10434,ΑΓΓΕΛΟΠΟΥΛΟΥ,Κλάση Ε,3645,155,23.5,6,Jan-23
10434,ΜΟΥΣΕΙΟ,Κλάση A,76,3367,0.0,120,Jan-23
10434,ΜΟΥΣΕΙΟ,Κλάση Β,588,2567,0.2,92,Jan-23
10434,ΜΟΥΣΕΙΟ,Κλάση Γ,70,114,0.6,5,Jan-23
10434,ΟΤΕ,Κλάση A,157,5050,0.0,176,Jan-23
10434,ΟΤΕ,Κλάση Β,731,3241,0.2,124,Jan-23
10434,ΟΤΕ,Κλάση Γ,534,773,0.7,30,Jan-23
10434,ΟΤΕ,Κλάση Δ,418,240,1.7,10,Jan-23
10434,ΟΤΕ,Κλάση Ε,885,62,14.3,2,Jan-23
10434,ΠΕΔΙΟΝ ΑΡΕΩΣ,Κλάση A,167,7249,0.0,254,Jan-23
10434,ΠΕΔΙΟΝ ΑΡΕΩΣ,Κλάση Β,1214,5093,0.2,184,Jan-23
10434,ΠΕΔΙΟΝ ΑΡΕΩΣ,Κλάση Γ,419,627,0.7,24,Jan-23
10434,ΠΕΔΙΟΝ ΑΡΕΩΣ,Κλάση Δ,79,70,1.1,4,Jan-23
10434,ΠΛΑΤΕΙΑ ΒΙΚΤΩΡΙΑΣ,Κλάση A,1088,47090,0.0,1653,Jan-23
10434,ΠΛΑΤΕΙΑ ΒΙΚΤΩΡΙΑΣ,Κλάση Β,9648,40048,0.2,1458,Jan-23
10434,ΠΛΑΤΕΙΑ ΒΙΚΤΩΡΙΑΣ,Κλάση Γ,2827,4417,0.6,194,Jan-23
10434,ΠΛΑΤΕΙΑ ΒΙΚΤΩΡΙΑΣ,Κλάση Δ,1499,849,1.8,38,Jan-23
10434,ΠΛΑΤΕΙΑ ΒΙΚΤΩΡΙΑΣ,Κλάση Ε,456,59,7.7,3,Jan-23
10434,ΣΤΑΘΜΟΣ ΛΑΡΙΣΗΣ,Κλάση A,21,802,0.0,29,Jan-23
10434,ΣΤΑΘΜΟΣ ΛΑΡΙΣΗΣ,Κλάση Β,246,957,0.3,37,Jan-23
10434,ΣΤΑΘΜΟΣ ΛΑΡΙΣΗΣ,Κλάση Γ,133,198,0.7,12,Jan-23
10434,ΣΤΑΘΜΟΣ ΛΑΡΙΣΗΣ,Κλάση Δ,89,58,1.5,2,Jan-23
10435,ΚΕΝΤΡΟ,Κλάση A,65,2968,0.0,107,Jan-23
10435,ΚΕΝΤΡΟ,Κλάση Β,839,3373,0.3,121,Jan-23
10435,ΚΕΝΤΡΟ,Κλάση Γ,324,527,0.6,24,Jan-23
10435,ΚΕΝΤΡΟ,Κλάση Δ,120,62,1.9,2,Jan-23
10435,ΚΕΝΤΡΟ,Κλάση Ε,635,62,10.2,2,Jan-23
10435,ΜΕΤΑΞΟΥΡΓΕΙΟ,Κλάση A,1106,41798,0.0,1490,Jan-23
10435,ΜΕΤΑΞΟΥΡΓΕΙΟ,Κλάση Β,10970,45282,0.2,1640,Jan-23
10435,ΜΕΤΑΞΟΥΡΓΕΙΟ,Κλάση Γ,3795,5806,0.7,249,Jan-23
10435,ΜΕΤΑΞΟΥΡΓΕΙΟ,Κλάση Δ,3543,1912,1.9,78,Jan-23
10435,ΜΕΤΑΞΟΥΡΓΕΙΟ,Κλάση Ε,2370,159,14.9,6,Jan-23
10436,ΚΕΝΤΡΟ,Κλάση A,34,1411,0.0,51,Jan-23
10436,ΚΕΝΤΡΟ,Κλάση Β,242,992,0.2,37,Jan-23
10436,ΚΕΝΤΡΟ,Κλάση Γ,131,202,0.7,8,Jan-23
10436,ΜΕΤΑΞΟΥΡΓΕΙΟ,Κλάση A,834,33201,0.0,1196,Jan-23
10436,ΜΕΤΑΞΟΥΡΓΕΙΟ,Κλάση Β,7389,30117,0.3,1119,Jan-23
10436,ΜΕΤΑΞΟΥΡΓΕΙΟ,Κλάση Γ,2710,4114,0.7,167,Jan-23
10436,ΜΕΤΑΞΟΥΡΓΕΙΟ,Κλάση Δ,1957,1063,1.8,44,Jan-23
10436,ΜΕΤΑΞΟΥΡΓΕΙΟ,Κλάση Ε,1936,250,7.7,9,Jan-23
10437,ΑΓ. ΠΑΥΛΟΣ,Κλάση A,49,1878,0.0,62,Jan-23
10437,ΑΓ. ΠΑΥΛΟΣ,Κλάση Β,394,1682,0.2,57,Jan-23
10437,ΑΓ. ΠΑΥΛΟΣ,Κλάση Γ,127,191,0.7,7,Jan-23
10437,ΚΕΝΤΡΟ,Κλάση A,471,26415,0.0,929,Jan-23
10437,ΚΕΝΤΡΟ,Κλάση Β,3644,14375,0.3,541,Jan-23
10437,ΚΕΝΤΡΟ,Κλάση Γ,2057,3057,0.7,130,Jan-23
10437,ΚΕΝΤΡΟ,Κλάση Δ,2558,1375,1.9,58,Jan-23
10437,ΚΕΝΤΡΟ,Κλάση Ε,3355,307,10.9,12,Jan-23
10437,ΜΕΤΑΞΟΥΡΓΕΙΟ,Κλάση A,198,10935,0.0,379,Jan-23
10437,ΜΕΤΑΞΟΥΡΓΕΙΟ,Κλάση Β,1551,6435,0.2,238,Jan-23
10437,ΜΕΤΑΞΟΥΡΓΕΙΟ,Κλάση Γ,1092,1639,0.7,66,Jan-23
10437,ΜΕΤΑΞΟΥΡΓΕΙΟ,Κλάση Δ,1534,631,2.4,25,Jan-23
10437,ΜΕΤΑΞΟΥΡΓΕΙΟ,Κλάση Ε,2926,107,27.4,4,Jan-23
10437,ΠΛΑΤΕΙΑ ΒΑΘΗΣ,Κλάση A,161,6762,0.0,220,Jan-23
10437,ΠΛΑΤΕΙΑ ΒΑΘΗΣ,Κλάση Β,1398,5739,0.2,187,Jan-23
10437,ΠΛΑΤΕΙΑ ΒΑΘΗΣ,Κλάση Γ,564,872,0.7,30,Jan-23
10437,ΠΛΑΤΕΙΑ ΒΑΘΗΣ,Κλάση Δ,1338,613,2.2,20,Jan-23
10437,ΠΛΑΤΕΙΑ ΒΑΘΗΣ,Κλάση Ε,555,62,9.0,2,Jan-23
10437,ΠΛΑΤΕΙΑ ΚΑΡΑΙΣΚΑΚΗ,Κλάση A,0,62,0.0,2,Jan-23
10437,ΠΛΑΤΕΙΑ ΚΑΡΑΙΣΚΑΚΗ,Κλάση Β,11,93,0.1,3,Jan-23
10438,ΑΓ. ΠΑΥΛΟΣ,Κλάση A,672,24267,0.0,783,Jan-23
10438,ΑΓ. ΠΑΥΛΟΣ,Κλάση Β,5519,23501,0.2,759,Jan-23
10438,ΑΓ. ΠΑΥΛΟΣ,Κλάση Γ,1439,2216,0.7,72,Jan-23
10438,ΑΓ. ΠΑΥΛΟΣ,Κλάση Δ,678,388,1.8,13,Jan-23
10438,ΒΑΘΗΣ,Κλάση A,643,27834,0.0,900,Jan-23
10438,ΒΑΘΗΣ,Κλάση Β,5950,24297,0.2,784,Jan-23
10438,ΒΑΘΗΣ,Κλάση Γ,1885,3064,0.6,99,Jan-23
10438,ΒΑΘΗΣ,Κλάση Δ,1537,805,1.9,26,Jan-23
10438,ΒΑΘΗΣ,Κλάση Ε,705,93,7.6,3,Jan-23
10438,ΚΕΝΤΡΟ,Κλάση A,11,527,0.0,17,Jan-23
10438,ΚΕΝΤΡΟ,Κλάση Β,83,403,0.2,13,Jan-23
10438,ΚΕΝΤΡΟ,Κλάση Δ,227,124,1.8,4,Jan-23
10438,ΠΛΑΤΕΙΑ ΒΑΘΗΣ,Κλάση A,187,7636,0.0,248,Jan-23
10438,ΠΛΑΤΕΙΑ ΒΑΘΗΣ,Κλάση Β,1643,6755,0.2,218,Jan-23
10438,ΠΛΑΤΕΙΑ ΒΑΘΗΣ,Κλάση Γ,1183,1736,0.7,56,Jan-23
10438,ΠΛΑΤΕΙΑ ΒΑΘΗΣ,Κλάση Δ,1570,706,2.2,23,Jan-23
10439,ΑΓ. ΠΑΝΤΕΛΕΗΜΩΝ,Κλάση A,286,11979,0.0,388,Jan-23
10439,ΑΓ. ΠΑΝΤΕΛΕΗΜΩΝ,Κλάση Β,2610,11178,0.2,361,Jan-23
10439,ΑΓ. ΠΑΝΤΕΛΕΗΜΩΝ,Κλάση Γ,850,1364,0.6,44,Jan-23
10439,ΑΓ. ΠΑΝΤΕΛΕΗΜΩΝ,Κλάση Δ,153,124,1.2,4,Jan-23
10439,ΑΓ. ΠΑΝΤΕΛΕΗΜΩΝ,Κλάση Ε,1006,62,16.2,2,Jan-23
10439,ΑΓ. ΠΑΥΛΟΣ,Κλάση A,398,14012,0.0,454,Jan-23
10439,ΑΓ. ΠΑΥΛΟΣ,Κλάση Β,3276,13237,0.3,427,Jan-23
10439,ΑΓ. ΠΑΥΛΟΣ,Κλάση Γ,840,1395,0.6,45,Jan-23
10439,ΑΓ. ΠΑΥΛΟΣ,Κλάση Δ,324,155,2.1,5,Jan-23
10439,ΠΛΑΤΕΙΑ ΑΤΤΙΚΗΣ,Κλάση A,141,5022,0.0,162,Jan-23
10439,ΠΛΑΤΕΙΑ ΑΤΤΙΚΗΣ,Κλάση Β,1099,4588,0.2,148,Jan-23
10439,ΠΛΑΤΕΙΑ ΑΤΤΙΚΗΣ,Κλάση Γ,341,558,0.6,18,Jan-23
10439,ΠΛΑΤΕΙΑ ΑΤΤΙΚΗΣ,Κλάση Δ,227,93,2.4,3,Jan-23
10439,ΠΛΑΤΕΙΑ ΒΑΘΗΣ,Κλάση A,234,10788,0.0,348,Jan-23
10439,ΠΛΑΤΕΙΑ ΒΑΘΗΣ,Κλάση Β,2272,8711,0.3,281,Jan-23
10439,ΠΛΑΤΕΙΑ ΒΑΘΗΣ,Κλάση Γ,1120,1736,0.7,56,Jan-23
10439,ΠΛΑΤΕΙΑ ΒΑΘΗΣ,Κλάση Δ,855,465,1.8,15,Jan-23
10439,ΠΛΑΤΕΙΑ ΒΙΚΤΩΡΙΑΣ,Κλάση A,39,1860,0.0,60,Jan-23
10439,ΠΛΑΤΕΙΑ ΒΙΚΤΩΡΙΑΣ,Κλάση Β,280,1085,0.3,35,Jan-23
10439,ΠΛΑΤΕΙΑ ΒΙΚΤΩΡΙΑΣ,Κλάση Γ,149,200,0.8,7,Jan-23
10439,ΣΤΑΘΜΟΣ ΛΑΡΙΣΗΣ,Κλάση A,602,22451,0.0,726,Jan-23
10439,ΣΤΑΘΜΟΣ ΛΑΡΙΣΗΣ,Κλάση Β,5117,21382,0.2,690,Jan-23
10439,ΣΤΑΘΜΟΣ ΛΑΡΙΣΗΣ,Κλάση Γ,1352,2171,0.6,71,Jan-23
10439,ΣΤΑΘΜΟΣ ΛΑΡΙΣΗΣ,Κλάση Δ,381,217,1.8,7,Jan-23
10439,ΣΤΑΘΜΟΣ ΛΑΡΙΣΗΣ,Κλάση Ε,439,62,7.1,2,Jan-23
10440,ΑΓ. ΠΑΝΤΕΛΕΗΜΩΝ,Κλάση A,1132,46651,0.0,1676,Jan-23
10440,ΑΓ. ΠΑΝΤΕΛΕΗΜΩΝ,Κλάση Β,11779,49559,0.2,1791,Jan-23
10440,ΑΓ. ΠΑΝΤΕΛΕΗΜΩΝ,Κλάση Γ,2912,4683,0.6,202,Jan-23
10440,ΑΓ. ΠΑΝΤΕΛΕΗΜΩΝ,Κλάση Δ,1167,608,1.9,28,Jan-23
10440,ΑΓ. ΠΑΝΤΕΛΕΗΜΩΝ,Κλάση Ε,646,64,10.1,3,Jan-23
10440,ΑΘΗΝΑ,Κλάση A,24,1033,0.0,37,Jan-23
10440,ΑΘΗΝΑ,Κλάση Β,284,1266,0.2,45,Jan-23
10440,ΑΘΗΝΑ,Κλάση Γ,168,274,0.6,10,Jan-23
10440,ΠΛΑΤΕΙΑ ΑΤΤΙΚΗΣ,Κλάση A,795,34301,0.0,1237,Jan-23
10440,ΠΛΑΤΕΙΑ ΑΤΤΙΚΗΣ,Κλάση Β,8986,37227,0.2,1332,Jan-23
10440,ΠΛΑΤΕΙΑ ΑΤΤΙΚΗΣ,Κλάση Γ,2109,3341,0.6,155,Jan-23
10440,ΠΛΑΤΕΙΑ ΑΤΤΙΚΗΣ,Κλάση Δ,804,519,1.6,24,Jan-23
10440,ΠΛΑΤΕΙΑ ΒΙΚΤΩΡΙΑΣ,Κλάση A,140,5384,0.0,197,Jan-23
10440,ΠΛΑΤΕΙΑ ΒΙΚΤΩΡΙΑΣ,Κλάση Β,1302,4834,0.3,186,Jan-23
10440,ΠΛΑΤΕΙΑ ΒΙΚΤΩΡΙΑΣ,Κλάση Γ,596,918,0.7,37,Jan-23
10440,ΣΤΑΘΜΟΣ ΛΑΡΙΣΗΣ,Κλάση A,382,14910,0.0,531,Jan-23
10440,ΣΤΑΘΜΟΣ ΛΑΡΙΣΗΣ,Κλάση Β,3378,14409,0.2,534,Jan-23
10440,ΣΤΑΘΜΟΣ ΛΑΡΙΣΗΣ,Κλάση Γ,1318,2001,0.7,85,Jan-23
10440,ΣΤΑΘΜΟΣ ΛΑΡΙΣΗΣ,Κλάση Δ,1049,573,1.8,24,Jan-23
10441,ΑΚΑΔ. ΠΛΑΤΩΝΟΣ,Κλάση A,2533,96104,0.0,3313,Jan-23
10441,ΑΚΑΔ. ΠΛΑΤΩΝΟΣ,Κλάση Β,32244,127909,0.3,4421,Jan-23
10441,ΑΚΑΔ. ΠΛΑΤΩΝΟΣ,Κλάση Γ,9757,15725,0.6,589,Jan-23
10441,ΑΚΑΔ. ΠΛΑΤΩΝΟΣ,Κλάση Δ,2357,1274,1.9,60,Jan-23
10441,ΑΚΑΔ. ΠΛΑΤΩΝΟΣ,Κλάση Ε,425,64,6.6,3,Jan-23
10441,ΠΡΟΦ. ΔΑΝΙΗΛ,Κλάση A,13,653,0.0,22,Jan-23
10441,ΠΡΟΦ. ΔΑΝΙΗΛ,Κλάση Β,179,804,0.2,26,Jan-23
10441,ΠΡΟΦ. ΔΑΝΙΗΛ,Κλάση Γ,88,155,0.6,5,Jan-23
10442,ΑΚΑΔ. ΠΛΑΤΩΝΟΣ,Κλάση A,1159,41207,0.0,1457,Jan-23
10442,ΑΚΑΔ. ΠΛΑΤΩΝΟΣ,Κλάση Β,16028,61330,0.3,2138,Jan-23
10442,ΑΚΑΔ. ΠΛΑΤΩΝΟΣ,Κλάση Γ,5389,8591,0.6,346,Jan-23
10442,ΑΚΑΔ. ΠΛΑΤΩΝΟΣ,Κλάση Δ,2173,1163,1.9,49,Jan-23
10442,ΑΚΑΔ. ΠΛΑΤΩΝΟΣ,Κλάση Ε,489,62,7.9,3,Jan-23
10442,ΚΟΛΟΚΥΝΘΟΥ,Κλάση A,478,16740,0.0,598,Jan-23
10442,ΚΟΛΟΚΥΝΘΟΥ,Κλάση Β,6578,24550,0.3,856,Jan-23
10442,ΚΟΛΟΚΥΝΘΟΥ,Κλάση Γ,2524,3990,0.6,154,Jan-23
10442,ΚΟΛΟΚΥΝΘΟΥ,Κλάση Δ,2897,1440,2.0,59,Jan-23
10442,ΚΟΛΟΚΥΝΘΟΥ,Κλάση Ε,3584,337,10.6,13,Jan-23
10442,ΚΟΛΩΝΟΣ,Κλάση A,8,186,0.0,43,Jan-23
10442,ΚΟΛΩΝΟΣ,Κλάση Β,152,527,0.3,19,Jan-23
10442,ΚΟΛΩΝΟΣ,Κλάση Γ,76,124,0.6,5,Jan-23
10443,ΚΟΛΟΚΥΝΘΟΥ,Κλάση A,1418,44289,0.0,1448,Jan-23
10443,ΚΟΛΟΚΥΝΘΟΥ,Κλάση Β,22274,84687,0.3,2738,Jan-23
10443,ΚΟΛΟΚΥΝΘΟΥ,Κλάση Γ,6300,10264,0.6,333,Jan-23
10443,ΚΟΛΟΚΥΝΘΟΥ,Κλάση Δ,1475,827,1.8,28,Jan-23
10443,ΚΟΛΟΚΥΝΘΟΥ,Κλάση Ε,4470,62,72.1,2,Jan-23
10443,ΚΟΛΩΝΟΣ,Κλάση A,392,13891,0.0,455,Jan-23
10443,ΚΟΛΩΝΟΣ,Κλάση Β,6482,25455,0.3,823,Jan-23
10443,ΚΟΛΩΝΟΣ,Κλάση Γ,2155,3441,0.6,111,Jan-23
10443,ΛΟΦΟΣ ΣΚΟΥΖΕ,Κλάση A,749,26475,0.0,854,Jan-23
10443,ΛΟΦΟΣ ΣΚΟΥΖΕ,Κλάση Β,10721,41230,0.3,1330,Jan-23
10443,ΛΟΦΟΣ ΣΚΟΥΖΕ,Κλάση Γ,3088,5115,0.6,165,Jan-23
10443,ΛΟΦΟΣ ΣΚΟΥΖΕ,Κλάση Δ,368,248,1.5,8,Jan-23
10443,ΣΕΠΟΛΙΑ,Κλάση A,2785,94505,0.0,3054,Jan-23
10443,ΣΕΠΟΛΙΑ,Κλάση Β,38970,149759,0.3,4832,Jan-23
10443,ΣΕΠΟΛΙΑ,Κλάση Γ,10782,17557,0.6,567,Jan-23
10443,ΣΕΠΟΛΙΑ,Κλάση Δ,2611,1674,1.6,54,Jan-23
10443,ΣΕΠΟΛΙΑ,Κλάση Ε,2508,104,24.1,5,Jan-23
10444,ΚΟΛΩΝΟΣ,Κλάση A,3484,127127,0.0,4120,Jan-23
10444,ΚΟΛΩΝΟΣ,Κλάση Β,43167,169221,0.3,5465,Jan-23
10444,ΚΟΛΩΝΟΣ,Κλάση Γ,12862,20719,0.6,671,Jan-23
10444,ΚΟΛΩΝΟΣ,Κλάση Δ,2042,1378,1.5,48,Jan-23
10444,ΚΟΛΩΝΟΣ,Κλάση Ε,2357,176,13.4,6,Jan-23
10444,ΛΟΦΟΣ ΣΚΟΥΖΕ,Κλάση A,643,24232,0.0,783,Jan-23
10444,ΛΟΦΟΣ ΣΚΟΥΖΕ,Κλάση Β,7314,28623,0.3,924,Jan-23
10444,ΛΟΦΟΣ ΣΚΟΥΖΕ,Κλάση Γ,2008,3255,0.6,105,Jan-23
10444,ΛΟΦΟΣ ΣΚΟΥΖΕ,Κλάση Δ,521,372,1.4,12,Jan-23
10444,ΣΕΠΟΛΙΑ,Κλάση A,58,1643,0.0,53,Jan-23
10444,ΣΕΠΟΛΙΑ,Κλάση Β,543,2139,0.3,69,Jan-23
10444,ΣΕΠΟΛΙΑ,Κλάση Γ,52,93,0.6,3,Jan-23
10445,ΑΓ. ΜΕΛΕΤΙΟΥ,Κλάση A,77,3267,0.0,106,Jan-23
10445,ΑΓ. ΜΕΛΕΤΙΟΥ,Κλάση Β,955,3999,0.2,129,Jan-23
10445,ΑΓ. ΜΕΛΕΤΙΟΥ,Κλάση Γ,210,341,0.6,11,Jan-23
10445,ΑΓ. ΜΕΛΕΤΙΟΥ,Κλάση Δ,162,62,2.6,2,Jan-23
10445,ΑΓ. ΝΙΚΟΛΑΟΣ,Κλάση A,132,5084,0.0,164,Jan-23
10445,ΑΓ. ΝΙΚΟΛΑΟΣ,Κλάση Β,1708,6541,0.3,211,Jan-23
10445,ΑΓ. ΝΙΚΟΛΑΟΣ,Κλάση Γ,392,620,0.6,20,Jan-23
10445,ΒΑΘΗΣ,Κλάση Γ,26,38,0.7,2,Jan-23
10445,ΒΑΘΗΣ,Κλάση Δ,234,86,2.7,3,Jan-23
10445,ΘΥΜΑΡΑΚΙΑ,Κλάση A,2304,88754,0.0,2864,Jan-23
10445,ΘΥΜΑΡΑΚΙΑ,Κλάση Β,26805,106827,0.3,3447,Jan-23
10445,ΘΥΜΑΡΑΚΙΑ,Κλάση Γ,6973,11402,0.6,368,Jan-23
10445,ΘΥΜΑΡΑΚΙΑ,Κλάση Δ,1449,806,1.8,26,Jan-23
10445,ΘΥΜΑΡΑΚΙΑ,Κλάση Ε,943,124,7.6,4,Jan-23
10445,ΚΑΤΩ ΠΑΤΗΣΙΑ,Κλάση A,1688,63520,0.0,2050,Jan-23
10445,ΚΑΤΩ ΠΑΤΗΣΙΑ,Κλάση Β,20376,81254,0.3,2622,Jan-23
10445,ΚΑΤΩ ΠΑΤΗΣΙΑ,Κλάση Γ,4803,7997,0.6,258,Jan-23
10445,ΚΑΤΩ ΠΑΤΗΣΙΑ,Κλάση Δ,1263,648,2.0,21,Jan-23
10445,ΚΑΤΩ ΠΑΤΗΣΙΑ,Κλάση Ε,1077,93,11.6,3,Jan-23
10445,ΚΟΛΩΝΟΣ,Κλάση A,162,6107,0.0,197,Jan-23
10445,ΚΟΛΩΝΟΣ,Κλάση Β,1668,6882,0.2,222,Jan-23
10445,ΚΟΛΩΝΟΣ,Κλάση Γ,338,558,0.6,18,Jan-23
10445,ΚΟΛΩΝΟΣ,Κλάση Δ,155,124,1.3,4,Jan-23
10445,ΛΟΦΟΣ ΣΚΟΥΖΕ,Κλάση A,61,2046,0.0,66,Jan-23
10445,ΛΟΦΟΣ ΣΚΟΥΖΕ,Κλάση Β,583,2511,0.2,81,Jan-23
10445,ΛΟΦΟΣ ΣΚΟΥΖΕ,Κλάση Γ,108,186,0.6,6,Jan-23
10445,ΠΛΑΤΕΙΑ ΑΤΤΙΚΗΣ,Κλάση A,814,30753,0.0,993,Jan-23
10445,ΠΛΑΤΕΙΑ ΑΤΤΙΚΗΣ,Κλάση Β,7877,33191,0.2,1071,Jan-23
10445,ΠΛΑΤΕΙΑ ΑΤΤΙΚΗΣ,Κλάση Γ,2239,3441,0.7,111,Jan-23
10445,ΠΛΑΤΕΙΑ ΑΤΤΙΚΗΣ,Κλάση Δ,1374,682,2.0,22,Jan-23
10445,ΣΕΠΟΛΙΑ,Κλάση A,101,3981,0.0,130,Jan-23
10445,ΣΕΠΟΛΙΑ,Κλάση Β,1230,5022,0.2,162,Jan-23
10445,ΣΕΠΟΛΙΑ,Κλάση Γ,332,564,0.6,19,Jan-23
10445,ΤΡΕΙΣ ΓΕΦΥΡΕΣ,Κλάση A,524,17237,0.0,560,Jan-23
10445,ΤΡΕΙΣ ΓΕΦΥΡΕΣ,Κλάση Β,7726,29946,0.3,966,Jan-23
10445,ΤΡΕΙΣ ΓΕΦΥΡΕΣ,Κλάση Γ,2534,4131,0.6,134,Jan-23
10445,ΤΡΕΙΣ ΓΕΦΥΡΕΣ,Κλάση Δ,743,488,1.5,16,Jan-23
10446,ΑΓ. ΜΕΛΕΤΙΟΥ,Κλάση A,1921,80272,0.0,2595,Jan-23
10446,ΑΓ. ΜΕΛΕΤΙΟΥ,Κλάση Β,20357,82091,0.3,2650,Jan-23
10446,ΑΓ. ΜΕΛΕΤΙΟΥ,Κλάση Γ,5092,8340,0.6,271,Jan-23
10446,ΑΓ. ΜΕΛΕΤΙΟΥ,Κλάση Δ,1353,932,1.5,31,Jan-23
10446,ΑΓ. ΝΙΚΟΛΑΟΣ,Κλάση A,580,21679,0.0,701,Jan-23
10446,ΑΓ. ΝΙΚΟΛΑΟΣ,Κλάση Β,5518,22721,0.2,733,Jan-23
10446,ΑΓ. ΝΙΚΟΛΑΟΣ,Κλάση Γ,1624,2534,0.6,82,Jan-23
10446,ΑΓ. ΝΙΚΟΛΑΟΣ,Κλάση Δ,201,155,1.3,5,Jan-23
10446,ΑΓ. ΠΑΝΤΕΛΕΗΜΩΝ,Κλάση A,575,23344,0.0,754,Jan-23
10446,ΑΓ. ΠΑΝΤΕΛΕΗΜΩΝ,Κλάση Β,6252,25466,0.3,822,Jan-23
10446,ΑΓ. ΠΑΝΤΕΛΕΗΜΩΝ,Κλάση Γ,1422,2263,0.6,73,Jan-23
10446,ΑΓ. ΠΑΝΤΕΛΕΗΜΩΝ,Κλάση Δ,522,310,1.7,10,Jan-23
10446,ΑΓ. ΠΑΝΤΕΛΕΗΜΩΝ,Κλάση Ε,839,93,9.0,3,Jan-23
10446,ΘΥΜΑΡΑΚΙΑ,Κλάση A,1344,55118,0.0,1778,Jan-23
10446,ΘΥΜΑΡΑΚΙΑ,Κλάση Β,15028,61502,0.2,1984,Jan-23
10446,ΘΥΜΑΡΑΚΙΑ,Κλάση Γ,4721,7502,0.6,242,Jan-23
10446,ΘΥΜΑΡΑΚΙΑ,Κλάση Δ,1139,591,1.9,20,Jan-23
10446,ΚΑΤΩ ΠΑΤΗΣΙΑ,Κλάση A,275,11161,0.0,361,Jan-23
10446,ΚΑΤΩ ΠΑΤΗΣΙΑ,Κλάση Β,3022,11686,0.3,377,Jan-23
10446,ΚΑΤΩ ΠΑΤΗΣΙΑ,Κλάση Γ,1179,1859,0.6,60,Jan-23
10446,ΚΑΤΩ ΠΑΤΗΣΙΑ,Κλάση Δ,405,311,1.3,11,Jan-23
10446,ΚΟΛΙΑΤΣΟΥ,Κλάση A,12,465,0.0,15,Jan-23
10446,ΚΟΛΙΑΤΣΟΥ,Κλάση Β,117,465,0.3,15,Jan-23
10446,ΠΛΑΤΕΙΑ ΑΤΤΙΚΗΣ,Κλάση A,394,16453,0.0,532,Jan-23
10446,ΠΛΑΤΕΙΑ ΑΤΤΙΚΗΣ,Κλάση Β,3517,14916,0.2,482,Jan-23
10446,ΠΛΑΤΕΙΑ ΑΤΤΙΚΗΣ,Κλάση Γ,844,1367,0.6,45,Jan-23
10446,ΠΛΑΤΕΙΑ ΑΤΤΙΚΗΣ,Κλάση Δ,237,157,1.5,6,Jan-23
10447,ΑΓ. ΣΑΒΒΑΣ,Κλάση A,2,62,0.0,2,Jan-23
10447,ΑΚΑΔ. ΠΛΑΤΩΝΟΣ,Κλάση A,45,1652,0.0,57,Jan-23
10447,ΑΚΑΔ. ΠΛΑΤΩΝΟΣ,Κλάση Β,295,1218,0.2,44,Jan-23
10447,ΑΚΑΔ. ΠΛΑΤΩΝΟΣ,Κλάση Γ,58,95,0.6,4,Jan-23
10447,ΑΚΑΔ. ΠΛΑΤΩΝΟΣ,Κλάση Δ,230,80,2.9,3,Jan-23
10447,ΒΟΤΑΝΙΚΟΣ,Κλάση A,43,2778,0.0,104,Jan-23
10447,ΒΟΤΑΝΙΚΟΣ,Κλάση Β,526,1991,0.3,75,Jan-23
10447,ΒΟΤΑΝΙΚΟΣ,Κλάση Γ,399,532,0.8,23,Jan-23
10447,ΒΟΤΑΝΙΚΟΣ,Κλάση Δ,1223,528,2.3,26,Jan-23
10447,ΒΟΤΑΝΙΚΟΣ,Κλάση Ε,7825,280,28.0,13,Jan-23
10447,ΠΡΟΦ. ΔΑΝΙΗΛ,Κλάση A,334,12528,0.0,455,Jan-23
10447,ΠΡΟΦ. ΔΑΝΙΗΛ,Κλάση Β,2718,11720,0.2,438,Jan-23
10447,ΠΡΟΦ. ΔΑΝΙΗΛ,Κλάση Γ,1035,1592,0.7,68,Jan-23
10447,ΠΡΟΦ. ΔΑΝΙΗΛ,Κλάση Δ,1298,627,2.1,24,Jan-23
10551,ΚΕΝΤΡΟ,Κλάση A,236,14181,0.0,492,Jan-23
10551,ΚΕΝΤΡΟ,Κλάση Β,1905,7888,0.2,301,Jan-23
10551,ΚΕΝΤΡΟ,Κλάση Γ,2094,3034,0.7,119,Jan-23
10551,ΚΕΝΤΡΟ,Κλάση Δ,5439,2597,2.1,98,Jan-23
10551,ΚΕΝΤΡΟ,Κλάση Ε,4004,355,11.3,16,Jan-23
10552,ΚΕΝΤΡΟ,Κλάση A,301,16418,0.0,571,Jan-23
10552,ΚΕΝΤΡΟ,Κλάση Β,1622,6605,0.3,260,Jan-23
10552,ΚΕΝΤΡΟ,Κλάση Γ,1066,1613,0.7,76,Jan-23
10552,ΚΕΝΤΡΟ,Κλάση Δ,3351,1696,2.0,71,Jan-23
10552,ΚΕΝΤΡΟ,Κλάση Ε,2901,288,10.1,10,Jan-23
10552,ΨΥΡΡΗ,Κλάση A,0,155,0.0,5,Jan-23
10553,ΚΕΝΤΡΟ,Κλάση A,69,3322,0.0,115,Jan-23
10553,ΚΕΝΤΡΟ,Κλάση Β,330,1479,0.2,58,Jan-23
10553,ΚΕΝΤΡΟ,Κλάση Γ,151,221,0.7,9,Jan-23
10553,ΚΕΝΤΡΟ,Κλάση Δ,287,129,2.2,5,Jan-23
10553,ΚΕΡΑΜΕΙΚΟΣ,Κλάση A,73,2970,0.0,102,Jan-23
10553,ΚΕΡΑΜΕΙΚΟΣ,Κλάση Β,447,1689,0.3,69,Jan-23
10553,ΚΕΡΑΜΕΙΚΟΣ,Κλάση Γ,431,611,0.7,24,Jan-23
10553,ΚΕΡΑΜΕΙΚΟΣ,Κλάση Δ,404,217,1.9,7,Jan-23
10553,ΨΥΡΡΗ,Κλάση A,237,9725,0.0,341,Jan-23
10553,ΨΥΡΡΗ,Κλάση Β,2069,8211,0.3,309,Jan-23
10553,ΨΥΡΡΗ,Κλάση Γ,1162,1704,0.7,80,Jan-23
10553,ΨΥΡΡΗ,Κλάση Δ,548,384,1.4,21,Jan-23
10553,ΨΥΡΡΗ,Κλάση Ε,782,115,6.8,4,Jan-23
10554,ΚΕΝΤΡΟ,Κλάση A,64,2496,0.0,88,Jan-23
10554,ΚΕΝΤΡΟ,Κλάση Β,390,1742,0.2,68,Jan-23
10554,ΚΕΝΤΡΟ,Κλάση Γ,371,518,0.7,21,Jan-23
10554,ΚΕΝΤΡΟ,Κλάση Δ,1039,478,2.2,20,Jan-23
10554,ΚΕΝΤΡΟ,Κλάση Ε,985,111,8.9,5,Jan-23
10554,ΨΥΡΡΗ,Κλάση A,309,14806,0.0,535,Jan-23
10554,ΨΥΡΡΗ,Κλάση Β,2883,11658,0.3,457,Jan-23
10554,ΨΥΡΡΗ,Κλάση Γ,2540,3577,0.7,170,Jan-23
10554,ΨΥΡΡΗ,Κλάση Δ,6049,3089,2.0,127,Jan-23
10554,ΨΥΡΡΗ,Κλάση Ε,1818,240,7.6,10,Jan-23
10555,ΚΕΝΤΡΟ,Κλάση A,15,765,0.0,27,Jan-23
10555,ΚΕΝΤΡΟ,Κλάση Β,172,678,0.3,25,Jan-23
10555,ΚΕΝΤΡΟ,Κλάση Γ,170,269,0.6,10,Jan-23
10555,ΚΕΝΤΡΟ,Κλάση Δ,1452,620,2.3,23,Jan-23
10555,ΚΕΝΤΡΟ,Κλάση Ε,1399,188,7.4,8,Jan-23
10555,ΜΟΝΑΣΤΗΡΑΚΙ,Κλάση A,55,2011,0.0,70,Jan-23
10555,ΜΟΝΑΣΤΗΡΑΚΙ,Κλάση Β,325,1415,0.2,53,Jan-23
10555,ΜΟΝΑΣΤΗΡΑΚΙ,Κλάση Γ,278,409,0.7,21,Jan-23
10555,ΜΟΝΑΣΤΗΡΑΚΙ,Κλάση Δ,1402,607,2.3,25,Jan-23
10555,ΠΛΑΚΑ,Κλάση A,58,2359,0.0,85,Jan-23
10555,ΠΛΑΚΑ,Κλάση Β,429,1633,0.3,65,Jan-23
10555,ΠΛΑΚΑ,Κλάση Γ,399,582,0.7,25,Jan-23
10555,ΠΛΑΚΑ,Κλάση Δ,3077,1188,2.6,43,Jan-23
10555,ΠΛΑΚΑ,Κλάση Ε,1260,154,8.2,7,Jan-23
10556,ΚΕΝΤΡΟ,Κλάση A,5,91,0.1,3,Jan-23
10556,ΚΕΝΤΡΟ,Κλάση Β,33,126,0.3,5,Jan-23
10556,ΚΕΝΤΡΟ,Κλάση Γ,107,122,0.9,4,Jan-23
10556,ΚΕΝΤΡΟ,Κλάση Δ,226,126,1.8,5,Jan-23
10556,ΠΛΑΚΑ,Κλάση A,240,9142,0.0,335,Jan-23
10556,ΠΛΑΚΑ,Κλάση Β,1785,7285,0.3,285,Jan-23
10556,ΠΛΑΚΑ,Κλάση Γ,1013,1440,0.7,65,Jan-23
10556,ΠΛΑΚΑ,Κλάση Δ,1815,877,2.1,38,Jan-23
10556,ΠΛΑΚΑ,Κλάση Ε,1972,220,9.0,9,Jan-23
10557,ΖΑΠΠΕΙΟ,Κλάση A,1,228,0.0,8,Jan-23
10557,ΖΑΠΠΕΙΟ,Κλάση Β,44,186,0.2,6,Jan-23
10557,ΖΑΠΠΕΙΟ,Κλάση Γ,28,31,0.9,2,Jan-23
10557,ΖΑΠΠΕΙΟ,Κλάση Δ,258,130,2.0,5,Jan-23
10557,ΚΕΝΤΡΟ,Κλάση A,100,4399,0.0,160,Jan-23
10557,ΚΕΝΤΡΟ,Κλάση Β,637,2460,0.3,96,Jan-23
10557,ΚΕΝΤΡΟ,Κλάση Γ,640,878,0.7,34,Jan-23
10557,ΚΕΝΤΡΟ,Κλάση Δ,1453,625,2.3,24,Jan-23
10557,ΚΕΝΤΡΟ,Κλάση Ε,3604,248,14.5,8,Jan-23
10557,ΠΛΑΚΑ,Κλάση A,434,16409,0.0,576,Jan-23
10557,ΠΛΑΚΑ,Κλάση Β,2775,11992,0.2,456,Jan-23
10557,ΠΛΑΚΑ,Κλάση Γ,1107,1652,0.7,79,Jan-23
10557,ΠΛΑΚΑ,Κλάση Δ,4229,1984,2.1,76,Jan-23
10557,ΠΛΑΚΑ,Κλάση Ε,7249,391,18.5,16,Jan-23
10558,ΚΕΝΤΡΟ,Κλάση A,54,1914,0.0,67,Jan-23
10558,ΚΕΝΤΡΟ,Κλάση Β,269,1413,0.2,50,Jan-23
10558,ΚΕΝΤΡΟ,Κλάση Γ,111,182,0.6,8,Jan-23
10558,ΚΕΝΤΡΟ,Κλάση Δ,171,124,1.4,5,Jan-23
10558,ΠΛΑΚΑ,Κλάση A,527,21342,0.0,764,Jan-23
10558,ΠΛΑΚΑ,Κλάση Β,4807,19537,0.3,744,Jan-23
10558,ΠΛΑΚΑ,Κλάση Γ,2418,3580,0.7,160,Jan-23
10558,ΠΛΑΚΑ,Κλάση Δ,3518,1759,2.0,76,Jan-23
10558,ΠΛΑΚΑ,Κλάση Ε,1217,117,10.4,7,Jan-23
10559,ΚΕΝΤΡΟ,Κλάση A,81,5717,0.0,192,Jan-23
10559,ΚΕΝΤΡΟ,Κλάση Β,702,2714,0.3,101,Jan-23
10559,ΚΕΝΤΡΟ,Κλάση Γ,592,810,0.7,32,Jan-23
10559,ΚΕΝΤΡΟ,Κλάση Δ,1603,909,1.8,37,Jan-23
10559,ΚΕΝΤΡΟ,Κλάση Ε,1116,125,8.9,6,Jan-23
10559,ΠΛΑΚΑ,Κλάση A,15,808,0.0,27,Jan-23
10559,ΠΛΑΚΑ,Κλάση Β,150,443,0.3,15,Jan-23
10559,ΠΛΑΚΑ,Κλάση Γ,62,77,0.8,6,Jan-23
10559,ΠΛΑΚΑ,Κλάση Δ,309,160,1.9,6,Jan-23
10560,ΚΕΝΤΡΟ,Κλάση A,252,8646,0.0,302,Jan-23
10560,ΚΕΝΤΡΟ,Κλάση Β,1295,5508,0.2,218,Jan-23
10560,ΚΕΝΤΡΟ,Κλάση Γ,963,1375,0.7,58,Jan-23
10560,ΚΕΝΤΡΟ,Κλάση Δ,3227,1418,2.3,59,Jan-23
10560,ΚΕΝΤΡΟ,Κλάση Ε,1221,188,6.5,7,Jan-23
10560,ΠΛΑΚΑ,Κλάση A,1,310,0.0,10,Jan-23
10560,ΠΛΑΚΑ,Κλάση Β,26,124,0.2,4,Jan-23
10561,ΚΕΝΤΡΟ,Κλάση A,138,4848,0.0,162,Jan-23
10561,ΚΕΝΤΡΟ,Κλάση Β,691,3029,0.2,121,Jan-23
10561,ΚΕΝΤΡΟ,Κλάση Γ,581,871,0.7,35,Jan-23
10561,ΚΕΝΤΡΟ,Κλάση Δ,1329,710,1.9,27,Jan-23
10561,ΚΕΝΤΡΟ,Κλάση Ε,843,98,8.6,5,Jan-23
10562,ΚΕΝΤΡΟ,Κλάση A,216,7668,0.0,272,Jan-23
10562,ΚΕΝΤΡΟ,Κλάση Β,1727,6897,0.3,262,Jan-23
10562,ΚΕΝΤΡΟ,Κλάση Γ,1227,1801,0.7,81,Jan-23
10562,ΚΕΝΤΡΟ,Κλάση Δ,3738,1771,2.1,69,Jan-23
10562,ΚΕΝΤΡΟ,Κλάση Ε,2717,273,10.0,12,Jan-23
10563,ΚΕΝΤΡΟ,Κλάση A,308,13358,0.0,458,Jan-23
10563,ΚΕΝΤΡΟ,Κλάση Β,1838,8063,0.2,305,Jan-23
10563,ΚΕΝΤΡΟ,Κλάση Γ,1299,1868,0.7,80,Jan-23
10563,ΚΕΝΤΡΟ,Κλάση Δ,3988,1865,2.1,81,Jan-23
10563,ΚΕΝΤΡΟ,Κλάση Ε,3539,377,9.4,15,Jan-23
10563,ΠΛΑΚΑ,Κλάση A,71,2959,0.0,105,Jan-23
10563,ΠΛΑΚΑ,Κλάση Β,509,2058,0.3,79,Jan-23
10563,ΠΛΑΚΑ,Κλάση Γ,436,634,0.7,28,Jan-23
10563,ΠΛΑΚΑ,Κλάση Δ,1933,881,2.2,32,Jan-23
10563,ΠΛΑΚΑ,Κλάση Ε,1883,289,6.5,10,Jan-23
10564,ΑΘΗΝΑ,Κλάση A,15,372,0.0,12,Jan-23
10564,ΑΘΗΝΑ,Κλάση Δ,17,4,4.3,4,Jan-23
10564,ΑΘΗΝΑ,Κλάση Ε,8508,213,39.9,7,Jan-23
10564,ΚΕΝΤΡΟ,Κλάση A,90,7626,0.0,246,Jan-23
10564,ΚΕΝΤΡΟ,Κλάση Β,818,2945,0.3,95,Jan-23
10564,ΚΕΝΤΡΟ,Κλάση Γ,1152,1643,0.7,53,Jan-23
10564,ΚΕΝΤΡΟ,Κλάση Δ,2847,1550,1.8,50,Jan-23
10564,ΚΕΝΤΡΟ,Κλάση Ε,5857,403,14.5,13,Jan-23
10564,ΠΛΑΚΑ,Κλάση A,8,930,0.0,30,Jan-23
10564,ΠΛΑΚΑ,Κλάση Β,91,403,0.2,13,Jan-23
10564,ΠΛΑΚΑ,Κλάση Γ,98,124,0.8,4,Jan-23
10564,ΠΛΑΚΑ,Κλάση Δ,335,124,2.7,4,Jan-23
10671,ΖΑΠΠΕΙΟ,Κλάση A,5,558,0.0,18,Jan-23
10671,ΖΑΠΠΕΙΟ,Κλάση Β,103,310,0.3,10,Jan-23
10671,ΖΑΠΠΕΙΟ,Κλάση Γ,189,279,0.7,9,Jan-23
10671,ΖΑΠΠΕΙΟ,Κλάση Δ,349,186,1.9,6,Jan-23
10671,ΚΕΝΤΡΟ,Κλάση A,170,6376,0.0,206,Jan-23
10671,ΚΕΝΤΡΟ,Κλάση Β,798,3544,0.2,115,Jan-23
10671,ΚΕΝΤΡΟ,Κλάση Γ,394,558,0.7,18,Jan-23
10671,ΚΕΝΤΡΟ,Κλάση Δ,1063,465,2.3,15,Jan-23
10671,ΚΕΝΤΡΟ,Κλάση Ε,1314,62,21.2,2,Jan-23
10671,ΚΟΛΩΝΑΚΙ,Κλάση A,807,26806,0.0,865,Jan-23
10671,ΚΟΛΩΝΑΚΙ,Κλάση Β,3133,14291,0.2,461,Jan-23
10671,ΚΟΛΩΝΑΚΙ,Κλάση Γ,1170,1736,0.7,56,Jan-23
10671,ΚΟΛΩΝΑΚΙ,Κλάση Δ,1790,899,2.0,29,Jan-23
10671,ΚΟΛΩΝΑΚΙ,Κλάση Ε,544,93,5.9,3,Jan-23
10672,ΚΕΝΤΡΟ,Κλάση A,229,8277,0.0,267,Jan-23
10672,ΚΕΝΤΡΟ,Κλάση Β,1283,5487,0.2,177,Jan-23
10672,ΚΕΝΤΡΟ,Κλάση Γ,445,651,0.7,21,Jan-23
10672,ΚΕΝΤΡΟ,Κλάση Δ,527,341,1.6,11,Jan-23
10672,ΚΟΛΩΝΑΚΙ,Κλάση A,956,31595,0.0,1021,Jan-23
10672,ΚΟΛΩΝΑΚΙ,Κλάση Β,5063,22478,0.2,726,Jan-23
10672,ΚΟΛΩΝΑΚΙ,Κλάση Γ,1575,2418,0.7,78,Jan-23
10672,ΚΟΛΩΝΑΚΙ,Κλάση Δ,1442,775,1.9,25,Jan-23
10672,ΚΟΛΩΝΑΚΙ,Κλάση Ε,809,62,13.1,2,Jan-23
10673,ΚΟΛΩΝΑΚΙ,Κλάση A,1487,51746,0.0,1671,Jan-23
10673,ΚΟΛΩΝΑΚΙ,Κλάση Β,7717,33391,0.2,1078,Jan-23
10673,ΚΟΛΩΝΑΚΙ,Κλάση Γ,2499,3813,0.7,123,Jan-23
10673,ΚΟΛΩΝΑΚΙ,Κλάση Δ,2697,1488,1.8,48,Jan-23
10673,ΚΟΛΩΝΑΚΙ,Κλάση Ε,3043,186,16.4,6,Jan-23
10674,ΑΘΗΝΑ,Κλάση A,313,13145,0.0,470,Jan-23
10674,ΑΘΗΝΑ,Κλάση Β,3337,13086,0.3,486,Jan-23
10674,ΑΘΗΝΑ,Κλάση Γ,2955,4510,0.7,182,Jan-23
10674,ΑΘΗΝΑ,Κλάση Δ,1788,1249,1.4,55,Jan-23
10674,ΑΘΗΝΑ,Κλάση Ε,1935,137,14.1,6,Jan-23
10674,ΖΑΠΠΕΙΟ,Κλάση A,58,1388,0.0,52,Jan-23
10674,ΖΑΠΠΕΙΟ,Κλάση Β,329,1465,0.2,56,Jan-23
10674,ΖΑΠΠΕΙΟ,Κλάση Γ,266,371,0.7,13,Jan-23
10674,ΚΕΝΤΡΟ,Κλάση A,48,1085,0.0,35,Jan-23
10674,ΚΕΝΤΡΟ,Κλάση Β,275,1054,0.3,34,Jan-23
10674,ΚΕΝΤΡΟ,Κλάση Γ,234,372,0.6,12,Jan-23
10674,ΚΕΝΤΡΟ,Κλάση Δ,147,93,1.6,3,Jan-23
10674,ΚΕΝΤΡΟ,Κλάση Ε,578,62,9.3,2,Jan-23
10674,ΚΟΛΩΝΑΚΙ,Κλάση A,373,12307,0.0,397,Jan-23
10674,ΚΟΛΩΝΑΚΙ,Κλάση Β,2381,9850,0.2,318,Jan-23
10674,ΚΟΛΩΝΑΚΙ,Κλάση Γ,1359,2077,0.7,67,Jan-23
10674,ΚΟΛΩΝΑΚΙ,Κλάση Δ,818,473,1.7,16,Jan-23
10674,ΚΟΛΩΝΑΚΙ,Κλάση Ε,456,62,7.4,2,Jan-23
10674,ΠΑΓΚΡΑΤΙ ΣΤΑΔΙΟ,Κλάση A,27,1198,0.0,41,Jan-23
10674,ΠΑΓΚΡΑΤΙ ΣΤΑΔΙΟ,Κλάση Β,170,741,0.2,30,Jan-23
10674,ΠΑΓΚΡΑΤΙ ΣΤΑΔΙΟ,Κλάση Γ,96,138,0.7,6,Jan-23
10675,ΑΘΗΝΑ,Κλάση Ε,478,54,8.9,2,Jan-23
10675,ΖΑΠΠΕΙΟ,Κλάση A,0,186,0.0,6,Jan-23
10675,ΖΑΠΠΕΙΟ,Κλάση Δ,110,62,1.8,3,Jan-23
10675,ΚΟΛΩΝΑΚΙ,Κλάση A,1474,45920,0.0,1484,Jan-23
10675,ΚΟΛΩΝΑΚΙ,Κλάση Β,9337,39414,0.2,1276,Jan-23
10675,ΚΟΛΩΝΑΚΙ,Κλάση Γ,2998,4544,0.7,148,Jan-23
10675,ΚΟΛΩΝΑΚΙ,Κλάση Δ,3870,1820,2.1,60,Jan-23
10675,ΚΟΛΩΝΑΚΙ,Κλάση Ε,2313,155,14.9,5,Jan-23
10676,ΖΑΠΠΕΙΟ,Κλάση A,0,39,0.0,2,Jan-23
10676,ΚΟΛΩΝΑΚΙ,Κλάση A,1452,47618,0.0,1540,Jan-23
10676,ΚΟΛΩΝΑΚΙ,Κλάση Β,10221,44334,0.2,1433,Jan-23
10676,ΚΟΛΩΝΑΚΙ,Κλάση Γ,3266,5053,0.7,165,Jan-23
10676,ΚΟΛΩΝΑΚΙ,Κλάση Δ,2567,1333,1.9,44,Jan-23
10676,ΚΟΛΩΝΑΚΙ,Κλάση Ε,9883,195,50.7,7,Jan-23
10677,ΕΞΑΡΧΕΙΑ,Κλάση A,54,2171,0.0,71,Jan-23
10677,ΕΞΑΡΧΕΙΑ,Κλάση Β,197,898,0.2,29,Jan-23
10677,ΕΞΑΡΧΕΙΑ,Κλάση Γ,142,186,0.8,6,Jan-23
10677,ΕΞΑΡΧΕΙΑ,Κλάση Δ,120,93,1.3,3,Jan-23
10677,ΚΕΝΤΡΟ,Κλάση A,108,4124,0.0,134,Jan-23
10677,ΚΕΝΤΡΟ,Κλάση Β,738,2863,0.3,93,Jan-23
10677,ΚΕΝΤΡΟ,Κλάση Γ,607,868,0.7,28,Jan-23
10677,ΚΕΝΤΡΟ,Κλάση Δ,763,527,1.5,17,Jan-23
10677,ΜΟΥΣΕΙΟ,Κλάση A,7,589,0.0,19,Jan-23
10677,ΜΟΥΣΕΙΟ,Κλάση Β,18,93,0.2,3,Jan-23
10677,ΜΟΥΣΕΙΟ,Κλάση Δ,276,124,2.2,4,Jan-23
10677,ΜΟΥΣΕΙΟ,Κλάση Ε,641,62,10.3,2,Jan-23
10677,ΠΛΑΤΕΙΑ ΚΑΝΙΓΓΟΣ,Κλάση A,111,5160,0.0,168,Jan-23
10677,ΠΛΑΤΕΙΑ ΚΑΝΙΓΓΟΣ,Κλάση Β,500,2455,0.2,80,Jan-23
10677,ΠΛΑΤΕΙΑ ΚΑΝΙΓΓΟΣ,Κλάση Γ,144,197,0.7,7,Jan-23
10677,ΠΛΑΤΕΙΑ ΚΑΝΙΓΓΟΣ,Κλάση Δ,159,93,1.7,3,Jan-23
10677,ΣΤΡΕΦΗ,Κλάση A,44,1923,0.0,63,Jan-23
10677,ΣΤΡΕΦΗ,Κλάση Β,335,1473,0.2,48,Jan-23
10677,ΣΤΡΕΦΗ,Κλάση Γ,71,124,0.6,4,Jan-23
10678,ΕΞΑΡΧΕΙΑ,Κλάση A,229,10540,0.0,340,Jan-23
10678,ΕΞΑΡΧΕΙΑ,Κλάση Β,747,3701,0.2,120,Jan-23
10678,ΕΞΑΡΧΕΙΑ,Κλάση Γ,468,670,0.7,22,Jan-23
10678,ΕΞΑΡΧΕΙΑ,Κλάση Δ,1077,496,2.2,16,Jan-23
10678,ΚΕΝΤΡΟ,Κλάση A,267,12051,0.0,389,Jan-23
10678,ΚΕΝΤΡΟ,Κλάση Β,1054,4588,0.2,148,Jan-23
10678,ΚΕΝΤΡΟ,Κλάση Γ,658,907,0.7,30,Jan-23
10678,ΚΕΝΤΡΟ,Κλάση Δ,1383,837,1.7,27,Jan-23
10678,ΣΤΡΕΦΗ,Κλάση A,15,1178,0.0,38,Jan-23
10678,ΣΤΡΕΦΗ,Κλάση Β,87,341,0.3,11,Jan-23
10678,ΣΤΡΕΦΗ,Κλάση Γ,115,155,0.7,5,Jan-23
10678,ΣΤΡΕΦΗ,Κλάση Δ,74,62,1.2,2,Jan-23
10679,ΕΞΑΡΧΕΙΑ,Κλάση A,66,2542,0.0,82,Jan-23
10679,ΕΞΑΡΧΕΙΑ,Κλάση Β,199,806,0.3,26,Jan-23
10679,ΕΞΑΡΧΕΙΑ,Κλάση Γ,36,62,0.6,2,Jan-23
10679,ΚΕΝΤΡΟ,Κλάση A,220,8525,0.0,275,Jan-23
10679,ΚΕΝΤΡΟ,Κλάση Β,1057,4340,0.2,140,Jan-23
10679,ΚΕΝΤΡΟ,Κλάση Γ,579,837,0.7,27,Jan-23
10679,ΚΕΝΤΡΟ,Κλάση Δ,1134,589,1.9,19,Jan-23
10679,ΝΕΑΠΟΛΗ,Κλάση A,68,3069,0.0,99,Jan-23
10679,ΝΕΑΠΟΛΗ,Κλάση Β,199,899,0.2,29,Jan-23
10679,ΝΕΑΠΟΛΗ,Κλάση Γ,35,62,0.6,2,Jan-23
10680,ΕΞΑΡΧΕΙΑ,Κλάση A,764,27210,0.0,885,Jan-23
10680,ΕΞΑΡΧΕΙΑ,Κλάση Β,3723,16884,0.2,546,Jan-23
10680,ΕΞΑΡΧΕΙΑ,Κλάση Γ,982,1424,0.7,47,Jan-23
10680,ΕΞΑΡΧΕΙΑ,Κλάση Δ,1465,857,1.7,28,Jan-23
10680,ΚΕΝΤΡΟ,Κλάση A,744,25435,0.0,822,Jan-23
10680,ΚΕΝΤΡΟ,Κλάση Β,3335,15072,0.2,488,Jan-23
10680,ΚΕΝΤΡΟ,Κλάση Γ,847,1282,0.7,42,Jan-23
10680,ΚΕΝΤΡΟ,Κλάση Δ,1326,681,2.0,22,Jan-23
10680,ΚΕΝΤΡΟ,Κλάση Ε,370,62,6.0,2,Jan-23
10680,ΝΕΑΠΟΛΗ,Κλάση A,369,12926,0.0,417,Jan-23
10680,ΝΕΑΠΟΛΗ,Κλάση Β,1832,8649,0.2,279,Jan-23
10680,ΝΕΑΠΟΛΗ,Κλάση Γ,447,713,0.6,23,Jan-23
10680,ΝΕΑΠΟΛΗ,Κλάση Δ,844,435,1.9,15,Jan-23
10681,ΕΞΑΡΧΕΙΑ,Κλάση A,1334,48034,0.0,1559,Jan-23
10681,ΕΞΑΡΧΕΙΑ,Κλάση Β,8915,41315,0.2,1335,Jan-23
10681,ΕΞΑΡΧΕΙΑ,Κλάση Γ,1819,2708,0.7,88,Jan-23
10681,ΕΞΑΡΧΕΙΑ,Κλάση Δ,2264,1209,1.9,39,Jan-23
10681,ΕΞΑΡΧΕΙΑ,Κλάση Ε,35354,198,178.6,7,Jan-23
10681,ΝΕΑΠΟΛΗ,Κλάση A,123,4278,0.0,138,Jan-23
10681,ΝΕΑΠΟΛΗ,Κλάση Β,840,3379,0.3,109,Jan-23
10681,ΝΕΑΠΟΛΗ,Κλάση Γ,190,279,0.7,9,Jan-23
10681,ΣΤΡΕΦΗ,Κλάση A,73,3410,0.0,110,Jan-23
10681,ΣΤΡΕΦΗ,Κλάση Β,492,2139,0.2,69,Jan-23
10681,ΣΤΡΕΦΗ,Κλάση Γ,115,186,0.6,6,Jan-23
10681,ΣΤΡΕΦΗ,Κλάση Δ,205,93,2.2,3,Jan-23
10682,ΕΞΑΡΧΕΙΑ,Κλάση A,10,434,0.0,14,Jan-23
10682,ΕΞΑΡΧΕΙΑ,Κλάση Β,71,279,0.3,9,Jan-23
10682,ΕΞΑΡΧΕΙΑ,Κλάση Δ,227,93,2.4,3,Jan-23
10682,ΚΕΝΤΡΟ,Κλάση A,39,1652,0.0,54,Jan-23
10682,ΚΕΝΤΡΟ,Κλάση Β,209,930,0.2,30,Jan-23
10682,ΚΕΝΤΡΟ,Κλάση Γ,84,124,0.7,4,Jan-23
10682,ΚΕΝΤΡΟ,Κλάση Δ,172,116,1.5,4,Jan-23
10682,ΚΕΝΤΡΟ,Κλάση Ε,1184,93,12.7,3,Jan-23
10682,ΜΟΥΣΕΙΟ,Κλάση A,1003,41658,0.0,1348,Jan-23
10682,ΜΟΥΣΕΙΟ,Κλάση Β,6314,29066,0.2,940,Jan-23
10682,ΜΟΥΣΕΙΟ,Κλάση Γ,1289,2015,0.6,65,Jan-23
10682,ΜΟΥΣΕΙΟ,Κλάση Δ,1282,589,2.2,19,Jan-23
10682,ΜΟΥΣΕΙΟ,Κλάση Ε,1565,93,16.8,3,Jan-23
10682,ΜΟΥΣΕΙΟ ΝΕΑΠΟΛΗ,Κλάση A,28,1488,0.0,48,Jan-23
10682,ΜΟΥΣΕΙΟ ΝΕΑΠΟΛΗ,Κλάση Β,155,682,0.2,22,Jan-23
10682,ΜΟΥΣΕΙΟ ΝΕΑΠΟΛΗ,Κλάση Γ,61,93,0.7,3,Jan-23
10682,ΠΛΑΤΕΙΑ ΚΑΝΙΓΓΟΣ,Κλάση A,155,6169,0.0,199,Jan-23
10682,ΠΛΑΤΕΙΑ ΚΑΝΙΓΓΟΣ,Κλάση Β,394,1767,0.2,57,Jan-23
10682,ΠΛΑΤΕΙΑ ΚΑΝΙΓΓΟΣ,Κλάση Γ,115,186,0.6,6,Jan-23
10682,ΠΛΑΤΕΙΑ ΚΑΝΙΓΓΟΣ,Κλάση Δ,92,62,1.5,2,Jan-23
10683,ΕΞΑΡΧΕΙΑ,Κλάση A,174,5365,0.0,174,Jan-23
10683,ΕΞΑΡΧΕΙΑ,Κλάση Β,1199,5330,0.2,172,Jan-23
10683,ΕΞΑΡΧΕΙΑ,Κλάση Γ,226,372,0.6,12,Jan-23
10683,ΜΟΥΣΕΙΟ,Κλάση A,946,36400,0.0,1185,Jan-23
10683,ΜΟΥΣΕΙΟ,Κλάση Β,7452,33789,0.2,1093,Jan-23
10683,ΜΟΥΣΕΙΟ,Κλάση Γ,1437,2224,0.7,73,Jan-23
10683,ΜΟΥΣΕΙΟ,Κλάση Δ,554,361,1.5,13,Jan-23
10683,ΜΟΥΣΕΙΟ ΝΕΑΠΟΛΗ,Κλάση A,17,496,0.0,16,Jan-23
10683,ΜΟΥΣΕΙΟ ΝΕΑΠΟΛΗ,Κλάση Β,106,496,0.2,16,Jan-23
10683,ΣΤΡΕΦΗ,Κλάση A,69,2887,0.0,95,Jan-23
10683,ΣΤΡΕΦΗ,Κλάση Β,639,2724,0.2,88,Jan-23
10683,ΣΤΡΕΦΗ,Κλάση Γ,89,124,0.7,4,Jan-23
11141,ΑΓ. ΛΟΥΚΑΣ,Κλάση A,662,23075,0.0,949,Jan-23
11141,ΑΓ. ΛΟΥΚΑΣ,Κλάση Β,6256,25506,0.3,1048,Jan-23
11141,ΑΓ. ΛΟΥΚΑΣ,Κλάση Γ,1382,2270,0.6,94,Jan-23
11141,ΑΓ. ΛΟΥΚΑΣ,Κλάση Δ,213,146,1.5,6,Jan-23
11141,ΑΓ. ΛΟΥΚΑΣ,Κλάση Ε,2587,93,27.8,3,Jan-23
11141,ΓΑΛΑΤΣΙ,Κλάση A,28,754,0.0,100,Jan-23
11141,ΓΑΛΑΤΣΙ,Κλάση Β,521,1978,0.3,82,Jan-23
11141,ΓΑΛΑΤΣΙ,Κλάση Γ,93,163,0.6,7,Jan-23
11141,ΚΥΠΡΙΑΔΟΥ,Κλάση A,3419,106779,0.0,3928,Jan-23
11141,ΚΥΠΡΙΑΔΟΥ,Κλάση Β,46028,181385,0.3,6033,Jan-23
11141,ΚΥΠΡΙΑΔΟΥ,Κλάση Γ,12512,20192,0.6,676,Jan-23
11141,ΚΥΠΡΙΑΔΟΥ,Κλάση Δ,3135,1789,1.8,60,Jan-23
11141,ΛΑΜΠΡΙΝΗ,Κλάση A,1,93,0.0,3,Jan-23
11141,ΛΑΜΠΡΙΝΗ,Κλάση Β,89,279,0.3,9,Jan-23
11141,ΠΑΤΗΣΙΑ ΤΕΡΜΑ,Κλάση A,144,5983,0.0,193,Jan-23
11141,ΠΑΤΗΣΙΑ ΤΕΡΜΑ,Κλάση Β,1187,5053,0.2,163,Jan-23
11141,ΠΑΤΗΣΙΑ ΤΕΡΜΑ,Κλάση Γ,413,713,0.6,23,Jan-23
11141,ΠΑΤΗΣΙΑ ΤΕΡΜΑ,Κλάση Δ,150,93,1.6,3,Jan-23
11142,ΚΥΠΡΙΑΔΟΥ,Κλάση A,19,651,0.0,21,Jan-23
11142,ΚΥΠΡΙΑΔΟΥ,Κλάση Β,322,1271,0.3,41,Jan-23
11142,ΚΥΠΡΙΑΔΟΥ,Κλάση Γ,134,217,0.6,7,Jan-23
11142,ΚΥΠΡΙΑΔΟΥ,Κλάση Δ,95,62,1.5,2,Jan-23
11142,ΛΑΜΠΡΙΝΗ,Κλάση A,2386,74492,0.0,2414,Jan-23
11142,ΛΑΜΠΡΙΝΗ,Κλάση Β,41484,156202,0.3,5039,Jan-23
11142,ΛΑΜΠΡΙΝΗ,Κλάση Γ,12544,20534,0.6,664,Jan-23
11142,ΛΑΜΠΡΙΝΗ,Κλάση Δ,2130,1265,1.7,41,Jan-23
11142,ΛΑΜΠΡΙΝΗ,Κλάση Ε,367,62,5.9,2,Jan-23
11142,ΡΙΖΟΥΠΟΛΗ,Κλάση A,649,20644,0.0,667,Jan-23
11142,ΡΙΖΟΥΠΟΛΗ,Κλάση Β,10986,39986,0.3,1290,Jan-23
11142,ΡΙΖΟΥΠΟΛΗ,Κλάση Γ,3759,6111,0.6,198,Jan-23
11142,ΡΙΖΟΥΠΟΛΗ,Κλάση Δ,763,434,1.8,14,Jan-23
11142,ΡΙΖΟΥΠΟΛΗ,Κλάση Ε,834,93,9.0,3,Jan-23
11142,ΡΙΖΟΥΠΟΛΗ ΑΓ. ΑΝΤΩΝΙΟΣ,Κλάση A,171,4743,0.0,153,Jan-23
11142,ΡΙΖΟΥΠΟΛΗ ΑΓ. ΑΝΤΩΝΙΟΣ,Κλάση Β,2382,9114,0.3,294,Jan-23
11142,ΡΙΖΟΥΠΟΛΗ ΑΓ. ΑΝΤΩΝΙΟΣ,Κλάση Γ,818,1302,0.6,42,Jan-23
11142,ΡΙΖΟΥΠΟΛΗ ΑΓ. ΑΝΤΩΝΙΟΣ,Κλάση Δ,140,93,1.5,3,Jan-23
11143,ΑΓ. ΕΛΕΥΘΕΡΙΟΣ,Κλάση A,1743,52763,0.0,1703,Jan-23
11143,ΑΓ. ΕΛΕΥΘΕΡΙΟΣ,Κλάση Β,23931,92999,0.3,3000,Jan-23
11143,ΑΓ. ΕΛΕΥΘΕΡΙΟΣ,Κλάση Γ,5657,9238,0.6,298,Jan-23
11143,ΑΓ. ΕΛΕΥΘΕΡΙΟΣ,Κλάση Δ,1735,930,1.9,30,Jan-23
11143,ΑΓ. ΕΛΕΥΘΕΡΙΟΣ,Κλάση Ε,1338,124,10.8,4,Jan-23
11143,ΑΝΩ ΠΑΤΗΣΙΑ,Κλάση A,818,24924,0.0,804,Jan-23
11143,ΑΝΩ ΠΑΤΗΣΙΑ,Κλάση Β,9865,38440,0.3,1240,Jan-23
11143,ΑΝΩ ΠΑΤΗΣΙΑ,Κλάση Γ,2680,4371,0.6,141,Jan-23
11143,ΑΝΩ ΠΑΤΗΣΙΑ,Κλάση Δ,731,403,1.8,13,Jan-23
11143,ΑΝΩ ΠΑΤΗΣΙΑ,Κλάση Ε,1658,124,13.4,4,Jan-23
11143,ΚΑΤΩ ΠΑΤΗΣΙΑ,Κλάση A,152,4929,0.0,159,Jan-23
11143,ΚΑΤΩ ΠΑΤΗΣΙΑ,Κλάση Β,1591,6603,0.2,213,Jan-23
11143,ΚΑΤΩ ΠΑΤΗΣΙΑ,Κλάση Γ,273,434,0.6,14,Jan-23
11143,ΚΑΤΩ ΠΑΤΗΣΙΑ,Κλάση Δ,182,93,2.0,3,Jan-23
11143,ΠΡΟΜΠΟΝΑ,Κλάση A,514,18011,0.0,582,Jan-23
11143,ΠΡΟΜΠΟΝΑ,Κλάση Β,9241,35247,0.3,1137,Jan-23
11143,ΠΡΟΜΠΟΝΑ,Κλάση Γ,2667,4278,0.6,138,Jan-23
11143,ΠΡΟΜΠΟΝΑ,Κλάση Δ,628,434,1.5,14,Jan-23
11144,ΑΓ. ΕΛΕΥΘΕΡΙΟΣ,Κλάση A,441,15066,0.0,486,Jan-23
11144,ΑΓ. ΕΛΕΥΘΕΡΙΟΣ,Κλάση Β,5902,23498,0.3,758,Jan-23
11144,ΑΓ. ΕΛΕΥΘΕΡΙΟΣ,Κλάση Γ,1548,2542,0.6,82,Jan-23
11144,ΑΓ. ΕΛΕΥΘΕΡΙΟΣ,Κλάση Δ,340,186,1.8,6,Jan-23
11144,ΑΓ. ΛΟΥΚΑΣ,Κλάση A,2169,77566,0.0,2506,Jan-23
11144,ΑΓ. ΛΟΥΚΑΣ,Κλάση Β,22629,93735,0.2,3025,Jan-23
11144,ΑΓ. ΛΟΥΚΑΣ,Κλάση Γ,4507,7423,0.6,240,Jan-23
11144,ΑΓ. ΛΟΥΚΑΣ,Κλάση Δ,813,558,1.5,18,Jan-23
11144,ΑΓ. ΛΟΥΚΑΣ,Κλάση Ε,2583,160,16.1,10,Jan-23
11144,ΑΝΩ ΠΑΤΗΣΙΑ,Κλάση A,335,10664,0.0,344,Jan-23
11144,ΑΝΩ ΠΑΤΗΣΙΑ,Κλάση Β,3719,14973,0.3,483,Jan-23
11144,ΑΝΩ ΠΑΤΗΣΙΑ,Κλάση Γ,692,1147,0.6,37,Jan-23
11144,ΑΝΩ ΠΑΤΗΣΙΑ,Κλάση Δ,509,248,2.1,8,Jan-23
11144,ΚΑΤΩ ΠΑΤΗΣΙΑ,Κλάση A,355,13687,0.0,442,Jan-23
11144,ΚΑΤΩ ΠΑΤΗΣΙΑ,Κλάση Β,4015,16771,0.2,541,Jan-23
11144,ΚΑΤΩ ΠΑΤΗΣΙΑ,Κλάση Γ,919,1519,0.6,49,Jan-23
11144,ΚΑΤΩ ΠΑΤΗΣΙΑ,Κλάση Δ,208,124,1.7,4,Jan-23
11144,ΚΛΩΝΑΡΙΔΟΥ,Κλάση A,936,32767,0.0,1057,Jan-23
11144,ΚΛΩΝΑΡΙΔΟΥ,Κλάση Β,11374,46159,0.3,1489,Jan-23
11144,ΚΛΩΝΑΡΙΔΟΥ,Κλάση Γ,2759,4588,0.6,148,Jan-23
11144,ΚΛΩΝΑΡΙΔΟΥ,Κλάση Δ,545,341,1.6,11,Jan-23
11144,ΠΑΤΗΣΙΑ ΤΕΡΜΑ,Κλάση A,221,7843,0.0,253,Jan-23
11144,ΠΑΤΗΣΙΑ ΤΕΡΜΑ,Κλάση Β,2522,10354,0.2,334,Jan-23
11144,ΠΑΤΗΣΙΑ ΤΕΡΜΑ,Κλάση Γ,704,1085,0.7,35,Jan-23
11144,ΠΑΤΗΣΙΑ ΤΕΡΜΑ,Κλάση Δ,216,124,1.7,4,Jan-23
11144,ΠΛΑΤΕΙΑ ΚΟΛΙΑΤΣΟΥ,Κλάση A,101,4185,0.0,135,Jan-23
11144,ΠΛΑΤΕΙΑ ΚΟΛΙΑΤΣΟΥ,Κλάση Β,1007,4216,0.2,136,Jan-23
11144,ΠΛΑΤΕΙΑ ΚΟΛΙΑΤΣΟΥ,Κλάση Γ,264,465,0.6,15,Jan-23
11145,ΑΓ. ΕΛΕΥΘΕΡΙΟΣ,Κλάση A,1374,44017,0.0,1422,Jan-23
11145,ΑΓ. ΕΛΕΥΘΕΡΙΟΣ,Κλάση Β,18794,72859,0.3,2352,Jan-23
11145,ΑΓ. ΕΛΕΥΘΕΡΙΟΣ,Κλάση Γ,5551,9052,0.6,292,Jan-23
11145,ΑΓ. ΕΛΕΥΘΕΡΙΟΣ,Κλάση Δ,910,434,2.1,14,Jan-23
11145,ΑΓ. ΕΛΕΥΘΕΡΙΟΣ,Κλάση Ε,526,62,8.5,2,Jan-23
11145,ΚΑΤΩ ΠΑΤΗΣΙΑ,Κλάση A,1031,35968,0.0,1162,Jan-23
11145,ΚΑΤΩ ΠΑΤΗΣΙΑ,Κλάση Β,13660,54715,0.3,1765,Jan-23
11145,ΚΑΤΩ ΠΑΤΗΣΙΑ,Κλάση Γ,3677,5883,0.6,190,Jan-23
11145,ΚΑΤΩ ΠΑΤΗΣΙΑ,Κλάση Δ,1188,620,1.9,20,Jan-23
11145,ΚΑΤΩ ΠΑΤΗΣΙΑ,Κλάση Ε,1014,124,8.2,4,Jan-23
11145,ΤΡΕΙΣ ΓΕΦΥΡΕΣ,Κλάση A,573,21049,0.0,679,Jan-23
11145,ΤΡΕΙΣ ΓΕΦΥΡΕΣ,Κλάση Β,8307,31713,0.3,1023,Jan-23
11145,ΤΡΕΙΣ ΓΕΦΥΡΕΣ,Κλάση Γ,2833,4619,0.6,149,Jan-23
11145,ΤΡΕΙΣ ΓΕΦΥΡΕΣ,Κλάση Δ,534,341,1.6,11,Jan-23
11146,ΓΑΛΑΤΣΙ,Κλάση A,4754,142204,0.0,10612,Jan-23
11146,ΓΑΛΑΤΣΙ,Κλάση Β,75268,287390,0.3,10019,Jan-23
11146,ΓΑΛΑΤΣΙ,Κλάση Γ,21486,35261,0.6,1237,Jan-23
11146,ΓΑΛΑΤΣΙ,Κλάση Δ,4286,2446,1.8,86,Jan-23
11146,ΓΑΛΑΤΣΙ,Κλάση Ε,7084,256,27.7,9,Jan-23
11147,ΓΑΛΑΤΣΙ,Κλάση A,3238,102747,0.0,3743,Jan-23
11147,ΓΑΛΑΤΣΙ,Κλάση Β,56835,212220,0.3,7737,Jan-23
11147,ΓΑΛΑΤΣΙ,Κλάση Γ,18776,30796,0.6,1127,Jan-23
11147,ΓΑΛΑΤΣΙ,Κλάση Δ,2163,1338,1.6,51,Jan-23
11147,ΓΑΛΑΤΣΙ,Κλάση Ε,5933,121,49.0,4,Jan-23
11251,ΑΓ. ΜΕΛΕΤΙΟΥ,Κλάση A,103,3220,0.0,119,Jan-23
11251,ΑΓ. ΜΕΛΕΤΙΟΥ,Κλάση Β,1043,4373,0.2,158,Jan-23
11251,ΑΓ. ΜΕΛΕΤΙΟΥ,Κλάση Γ,308,480,0.6,19,Jan-23
11251,ΑΓ. ΜΕΛΕΤΙΟΥ,Κλάση Δ,33,18,1.8,2,Jan-23
11251,ΑΓ. ΠΑΝΤΕΛΕΗΜΩΝ,Κλάση A,319,14939,0.0,526,Jan-23
11251,ΑΓ. ΠΑΝΤΕΛΕΗΜΩΝ,Κλάση Β,3399,13762,0.3,499,Jan-23
11251,ΑΓ. ΠΑΝΤΕΛΕΗΜΩΝ,Κλάση Γ,1033,1636,0.6,72,Jan-23
11251,ΑΓ. ΠΑΝΤΕΛΕΗΜΩΝ,Κλάση Δ,324,219,1.5,11,Jan-23
11251,ΑΓΓΕΛΟΠΟΥΛΟΥ,Κλάση A,734,35441,0.0,1242,Jan-23
11251,ΑΓΓΕΛΟΠΟΥΛΟΥ,Κλάση Β,6632,28338,0.2,1027,Jan-23
11251,ΑΓΓΕΛΟΠΟΥΛΟΥ,Κλάση Γ,2051,3315,0.6,145,Jan-23
11251,ΑΓΓΕΛΟΠΟΥΛΟΥ,Κλάση Δ,1159,668,1.7,28,Jan-23
11251,ΚΕΦΑΛΛΗΝΙΑΣ,Κλάση A,1689,76668,0.0,2719,Jan-23
11251,ΚΕΦΑΛΛΗΝΙΑΣ,Κλάση Β,16629,69600,0.2,2559,Jan-23
11251,ΚΕΦΑΛΛΗΝΙΑΣ,Κλάση Γ,4408,6928,0.6,319,Jan-23
11251,ΚΕΦΑΛΛΗΝΙΑΣ,Κλάση Δ,1461,806,1.8,48,Jan-23
11251,ΚΕΦΑΛΛΗΝΙΑΣ,Κλάση Ε,944,72,13.1,6,Jan-23
11251,ΚΥΨΕΛΗ,Κλάση A,33,1648,0.0,59,Jan-23
11251,ΚΥΨΕΛΗ,Κλάση Β,514,2041,0.3,71,Jan-23
11251,ΚΥΨΕΛΗ,Κλάση Γ,46,71,0.7,4,Jan-23
11252,ΑΓ. ΜΕΛΕΤΙΟΥ,Κλάση A,54,2256,0.0,78,Jan-23
11252,ΑΓ. ΜΕΛΕΤΙΟΥ,Κλάση Β,784,2806,0.3,99,Jan-23
11252,ΑΓ. ΜΕΛΕΤΙΟΥ,Κλάση Γ,283,451,0.6,18,Jan-23
11252,ΑΓ. ΜΕΛΕΤΙΟΥ,Κλάση Δ,240,113,2.1,4,Jan-23
11252,ΚΕΦΑΛΛΗΝΙΑΣ,Κλάση A,247,9108,0.0,323,Jan-23
11252,ΚΕΦΑΛΛΗΝΙΑΣ,Κλάση Β,2260,9274,0.2,331,Jan-23
11252,ΚΕΦΑΛΛΗΝΙΑΣ,Κλάση Γ,514,795,0.7,33,Jan-23
11252,ΚΥΨΕΛΗ,Κλάση A,127,5186,0.0,182,Jan-23
11252,ΚΥΨΕΛΗ,Κλάση Β,1250,4889,0.3,174,Jan-23
11252,ΚΥΨΕΛΗ,Κλάση Γ,311,497,0.6,22,Jan-23
11252,ΚΥΨΕΛΗ,Κλάση Δ,252,172,1.5,7,Jan-23
11252,ΠΛΑΤΕΙΑ ΑΜΕΡΙΚΗΣ,Κλάση A,2238,93654,0.0,3341,Jan-23
11252,ΠΛΑΤΕΙΑ ΑΜΕΡΙΚΗΣ,Κλάση Β,21784,90705,0.2,3278,Jan-23
11252,ΠΛΑΤΕΙΑ ΑΜΕΡΙΚΗΣ,Κλάση Γ,5787,9168,0.6,390,Jan-23
11252,ΠΛΑΤΕΙΑ ΑΜΕΡΙΚΗΣ,Κλάση Δ,1937,1050,1.8,52,Jan-23
11252,ΠΛΑΤΕΙΑ ΑΜΕΡΙΚΗΣ,Κλάση Ε,991,145,6.8,6,Jan-23
11253,ΑΓ. ΛΟΥΚΑΣ,Κλάση A,34,1953,0.0,63,Jan-23
11253,ΑΓ. ΛΟΥΚΑΣ,Κλάση Β,605,2511,0.2,81,Jan-23
11253,ΑΓ. ΛΟΥΚΑΣ,Κλάση Γ,106,186,0.6,6,Jan-23
11253,ΑΓ. ΛΟΥΚΑΣ,Κλάση Δ,68,62,1.1,2,Jan-23
11253,ΑΓ. ΝΙΚΟΛΑΟΣ,Κλάση A,1456,58519,0.0,2071,Jan-23
11253,ΑΓ. ΝΙΚΟΛΑΟΣ,Κλάση Β,15540,62764,0.3,2233,Jan-23
11253,ΑΓ. ΝΙΚΟΛΑΟΣ,Κλάση Γ,3856,6080,0.6,252,Jan-23
11253,ΑΓ. ΝΙΚΟΛΑΟΣ,Κλάση Δ,1107,644,1.7,30,Jan-23
11253,ΑΓ. ΝΙΚΟΛΑΟΣ,Κλάση Ε,652,69,9.5,3,Jan-23
11253,ΚΑΛΛΙΦΡΟΝΑ,Κλάση A,91,5911,0.0,206,Jan-23
11253,ΚΑΛΛΙΦΡΟΝΑ,Κλάση Β,1112,4472,0.3,163,Jan-23
11253,ΚΑΛΛΙΦΡΟΝΑ,Κλάση Γ,347,522,0.7,24,Jan-23
11253,ΚΑΛΛΙΦΡΟΝΑ,Κλάση Δ,177,120,1.5,5,Jan-23
11253,ΚΑΤΩ ΠΑΤΗΣΙΑ,Κλάση A,109,4371,0.0,141,Jan-23
11253,ΚΑΤΩ ΠΑΤΗΣΙΑ,Κλάση Β,1195,5022,0.2,162,Jan-23
11253,ΚΑΤΩ ΠΑΤΗΣΙΑ,Κλάση Γ,447,682,0.7,22,Jan-23
11253,ΚΟΛΙΑΤΣΟΥ,Κλάση A,885,34701,0.0,1184,Jan-23
11253,ΚΟΛΙΑΤΣΟΥ,Κλάση Β,9084,35895,0.3,1243,Jan-23
11253,ΚΟΛΙΑΤΣΟΥ,Κλάση Γ,2398,3880,0.6,154,Jan-23
11253,ΚΟΛΙΑΤΣΟΥ,Κλάση Δ,320,210,1.5,10,Jan-23
11253,ΠΛΑΤΕΙΑ ΑΜΕΡΙΚΗΣ,Κλάση A,315,11477,0.0,407,Jan-23
11253,ΠΛΑΤΕΙΑ ΑΜΕΡΙΚΗΣ,Κλάση Β,2859,11928,0.2,432,Jan-23
11253,ΠΛΑΤΕΙΑ ΑΜΕΡΙΚΗΣ,Κλάση Γ,842,1354,0.6,55,Jan-23
11253,ΠΛΑΤΕΙΑ ΑΜΕΡΙΚΗΣ,Κλάση Δ,371,164,2.3,6,Jan-23
11253,ΠΛΑΤΕΙΑ ΚΟΛΙΑΤΣΟΥ,Κλάση A,54,1689,0.0,55,Jan-23
11253,ΠΛΑΤΕΙΑ ΚΟΛΙΑΤΣΟΥ,Κλάση Β,256,992,0.3,32,Jan-23
11253,ΠΛΑΤΕΙΑ ΚΟΛΙΑΤΣΟΥ,Κλάση Γ,88,124,0.7,4,Jan-23
11253,ΠΛΑΤΕΙΑ ΚΟΛΙΑΤΣΟΥ,Κλάση Δ,82,62,1.3,2,Jan-23
11254,ΑΓ. ΛΟΥΚΑΣ,Κλάση A,310,11888,0.0,384,Jan-23
11254,ΑΓ. ΛΟΥΚΑΣ,Κλάση Β,3169,13206,0.2,426,Jan-23
11254,ΑΓ. ΛΟΥΚΑΣ,Κλάση Γ,872,1395,0.6,45,Jan-23
11254,ΑΓ. ΛΟΥΚΑΣ,Κλάση Δ,224,155,1.5,5,Jan-23
11254,ΚΑΤΩ ΠΑΤΗΣΙΑ,Κλάση A,393,14665,0.0,475,Jan-23
11254,ΚΑΤΩ ΠΑΤΗΣΙΑ,Κλάση Β,3812,15461,0.3,500,Jan-23
11254,ΚΑΤΩ ΠΑΤΗΣΙΑ,Κλάση Γ,1210,1891,0.6,61,Jan-23
11254,ΚΑΤΩ ΠΑΤΗΣΙΑ,Κλάση Δ,317,217,1.5,7,Jan-23
11254,ΚΟΛΙΑΤΣΟΥ,Κλάση A,1229,48776,0.0,1575,Jan-23
11254,ΚΟΛΙΑΤΣΟΥ,Κλάση Β,13388,54741,0.2,1766,Jan-23
11254,ΚΟΛΙΑΤΣΟΥ,Κλάση Γ,3415,5425,0.6,175,Jan-23
11254,ΚΟΛΙΑΤΣΟΥ,Κλάση Δ,1002,651,1.5,21,Jan-23
11254,ΠΛΑΤΕΙΑ ΚΟΛΙΑΤΣΟΥ,Κλάση A,578,23623,0.0,763,Jan-23
11254,ΠΛΑΤΕΙΑ ΚΟΛΙΑΤΣΟΥ,Κλάση Β,6310,25389,0.3,819,Jan-23
11254,ΠΛΑΤΕΙΑ ΚΟΛΙΑΤΣΟΥ,Κλάση Γ,1715,2852,0.6,92,Jan-23
11254,ΠΛΑΤΕΙΑ ΚΟΛΙΑΤΣΟΥ,Κλάση Δ,259,185,1.4,6,Jan-23
11254,ΠΛΑΤΕΙΑ ΚΟΛΙΑΤΣΟΥ,Κλάση Ε,982,124,7.9,4,Jan-23
11255,ΑΓ. ΛΟΥΚΑΣ,Κλάση A,300,10166,0.0,423,Jan-23
11255,ΑΓ. ΛΟΥΚΑΣ,Κλάση Β,2817,11390,0.3,472,Jan-23
11255,ΑΓ. ΛΟΥΚΑΣ,Κλάση Γ,619,991,0.6,41,Jan-23
11255,ΑΓ. ΛΟΥΚΑΣ,Κλάση Δ,113,55,2.1,2,Jan-23
11255,ΚΟΛΙΑΤΣΟΥ,Κλάση A,1286,49150,0.0,1828,Jan-23
11255,ΚΟΛΙΑΤΣΟΥ,Κλάση Β,15023,59829,0.3,2242,Jan-23
11255,ΚΟΛΙΑΤΣΟΥ,Κλάση Γ,4036,6503,0.6,270,Jan-23
11255,ΚΟΛΙΑΤΣΟΥ,Κλάση Δ,700,423,1.7,23,Jan-23
11255,ΛΥΣΙΑΤΡΕΙΟ,Κλάση A,62,2466,0.0,88,Jan-23
11255,ΛΥΣΙΑΤΡΕΙΟ,Κλάση Β,417,1734,0.2,62,Jan-23
11255,ΛΥΣΙΑΤΡΕΙΟ,Κλάση Γ,25,47,0.5,2,Jan-23
11255,ΠΛΑΤΕΙΑ ΚΟΛΙΑΤΣΟΥ,Κλάση A,856,32349,0.0,1228,Jan-23
11255,ΠΛΑΤΕΙΑ ΚΟΛΙΑΤΣΟΥ,Κλάση Β,9276,36802,0.3,1405,Jan-23
11255,ΠΛΑΤΕΙΑ ΚΟΛΙΑΤΣΟΥ,Κλάση Γ,2620,4229,0.6,175,Jan-23
11255,ΠΛΑΤΕΙΑ ΚΟΛΙΑΤΣΟΥ,Κλάση Δ,531,292,1.8,13,Jan-23
11255,ΠΛΑΤΕΙΑ ΚΟΛΙΑΤΣΟΥ,Κλάση Ε,1234,31,39.8,2,Jan-23
11256,ΑΓ. ΖΩΝΗ,Κλάση A,532,21386,0.0,749,Jan-23
11256,ΑΓ. ΖΩΝΗ,Κλάση Β,5442,22278,0.2,788,Jan-23
11256,ΑΓ. ΖΩΝΗ,Κλάση Γ,1271,2024,0.6,80,Jan-23
11256,ΑΓ. ΖΩΝΗ,Κλάση Δ,145,89,1.6,4,Jan-23
11256,ΚΑΛΛΙΦΡΟΝΑ,Κλάση A,70,2740,0.0,96,Jan-23
11256,ΚΑΛΛΙΦΡΟΝΑ,Κλάση Β,423,1795,0.2,65,Jan-23
11256,ΚΑΛΛΙΦΡΟΝΑ,Κλάση Γ,254,358,0.7,14,Jan-23
11256,ΚΑΛΛΙΦΡΟΝΑ,Κλάση Δ,143,93,1.5,3,Jan-23
11256,ΚΟΛΙΑΤΣΟΥ,Κλάση A,648,25343,0.0,910,Jan-23
11256,ΚΟΛΙΑΤΣΟΥ,Κλάση Β,6272,26420,0.2,949,Jan-23
11256,ΚΟΛΙΑΤΣΟΥ,Κλάση Γ,1347,2209,0.6,95,Jan-23
11256,ΚΟΛΙΑΤΣΟΥ,Κλάση Δ,375,266,1.4,12,Jan-23
11256,ΚΥΨΕΛΗ,Κλάση A,148,6491,0.0,223,Jan-23
11256,ΚΥΨΕΛΗ,Κλάση Β,1298,5552,0.2,198,Jan-23
11256,ΚΥΨΕΛΗ,Κλάση Γ,440,668,0.7,27,Jan-23
11256,ΚΥΨΕΛΗ,Κλάση Δ,116,74,1.6,4,Jan-23
11256,ΚΥΨΕΛΗ,Κλάση Ε,464,49,9.5,2,Jan-23
11256,ΛΥΣΙΑΤΡΕΙΟ,Κλάση A,18,868,0.0,31,Jan-23
11256,ΛΥΣΙΑΤΡΕΙΟ,Κλάση Β,138,604,0.2,21,Jan-23
11256,ΠΛΑΤΕΙΑ ΑΜΕΡΙΚΗΣ,Κλάση A,167,6205,0.0,225,Jan-23
11256,ΠΛΑΤΕΙΑ ΑΜΕΡΙΚΗΣ,Κλάση Β,1670,6877,0.2,252,Jan-23
11256,ΠΛΑΤΕΙΑ ΑΜΕΡΙΚΗΣ,Κλάση Γ,427,671,0.6,31,Jan-23
11256,ΠΛΑΤΕΙΑ ΑΜΕΡΙΚΗΣ,Κλάση Δ,212,144,1.5,7,Jan-23
11256,ΠΛΑΤΕΙΑ ΚΟΛΙΑΤΣΟΥ,Κλάση A,56,2070,0.0,74,Jan-23
11256,ΠΛΑΤΕΙΑ ΚΟΛΙΑΤΣΟΥ,Κλάση Β,713,2899,0.3,101,Jan-23
11256,ΠΛΑΤΕΙΑ ΚΟΛΙΑΤΣΟΥ,Κλάση Γ,250,386,0.7,16,Jan-23
11257,ΑΓΓΕΛΟΠΟΥΛΟΥ,Κλάση A,500,21232,0.0,745,Jan-23
11257,ΑΓΓΕΛΟΠΟΥΛΟΥ,Κλάση Β,4161,17686,0.2,632,Jan-23
11257,ΑΓΓΕΛΟΠΟΥΛΟΥ,Κλάση Γ,1036,1618,0.6,72,Jan-23
11257,ΑΓΓΕΛΟΠΟΥΛΟΥ,Κλάση Δ,1272,560,2.3,24,Jan-23
11257,ΚΕΦΑΛΛΗΝΙΑΣ,Κλάση A,263,10297,0.0,365,Jan-23
11257,ΚΕΦΑΛΛΗΝΙΑΣ,Κλάση Β,2685,11550,0.2,414,Jan-23
11257,ΚΕΦΑΛΛΗΝΙΑΣ,Κλάση Γ,504,790,0.6,33,Jan-23
11257,ΚΕΦΑΛΛΗΝΙΑΣ,Κλάση Δ,376,177,2.1,6,Jan-23
11257,ΚΥΨΕΛΗ,Κλάση A,1530,58882,0.0,2099,Jan-23
11257,ΚΥΨΕΛΗ,Κλάση Β,13135,55930,0.2,2022,Jan-23
11257,ΚΥΨΕΛΗ,Κλάση Γ,2952,4670,0.6,198,Jan-23
11257,ΚΥΨΕΛΗ,Κλάση Δ,1756,981,1.8,44,Jan-23
11257,ΚΥΨΕΛΗ,Κλάση Ε,742,71,10.5,3,Jan-23
11257,ΠΛΑΤΕΙΑ ΑΜΕΡΙΚΗΣ,Κλάση A,326,13561,0.0,474,Jan-23
11257,ΠΛΑΤΕΙΑ ΑΜΕΡΙΚΗΣ,Κλάση Β,2749,11426,0.2,412,Jan-23
11257,ΠΛΑΤΕΙΑ ΑΜΕΡΙΚΗΣ,Κλάση Γ,725,1096,0.7,45,Jan-23
11257,ΠΛΑΤΕΙΑ ΑΜΕΡΙΚΗΣ,Κλάση Δ,454,227,2.0,11,Jan-23
11257,ΠΛΑΤΕΙΑ ΑΜΕΡΙΚΗΣ,Κλάση Ε,497,57,8.7,3,Jan-23
11361,ΑΓ. ΖΩΝΗ,Κλάση A,290,9431,0.0,333,Jan-23
11361,ΑΓ. ΖΩΝΗ,Κλάση Β,2629,11447,0.2,408,Jan-23
11361,ΑΓ. ΖΩΝΗ,Κλάση Γ,631,1020,0.6,43,Jan-23
11361,ΑΓ. ΖΩΝΗ,Κλάση Δ,294,142,2.1,7,Jan-23
11361,ΚΥΨΕΛΗ,Κλάση A,2238,85459,0.0,3038,Jan-23
11361,ΚΥΨΕΛΗ,Κλάση Β,21617,92220,0.2,3311,Jan-23
11361,ΚΥΨΕΛΗ,Κλάση Γ,4938,7795,0.6,325,Jan-23
11361,ΚΥΨΕΛΗ,Κλάση Δ,3130,1852,1.7,75,Jan-23
11361,ΚΥΨΕΛΗ,Κλάση Ε,230,42,5.5,3,Jan-23
11361,ΠΛΑΤΕΙΑ ΑΜΕΡΙΚΗΣ,Κλάση A,55,2222,0.0,82,Jan-23
11361,ΠΛΑΤΕΙΑ ΑΜΕΡΙΚΗΣ,Κλάση Β,611,2360,0.3,86,Jan-23
11361,ΠΛΑΤΕΙΑ ΑΜΕΡΙΚΗΣ,Κλάση Γ,146,220,0.7,10,Jan-23
11361,ΠΛΑΤΕΙΑ ΑΜΕΡΙΚΗΣ,Κλάση Δ,101,65,1.6,4,Jan-23
11362,ΑΓΓΕΛΟΠΟΥΛΟΥ,Κλάση A,16,673,0.0,23,Jan-23
11362,ΑΓΓΕΛΟΠΟΥΛΟΥ,Κλάση Β,159,733,0.2,26,Jan-23
11362,ΑΓΓΕΛΟΠΟΥΛΟΥ,Κλάση Γ,40,51,0.8,2,Jan-23
11362,ΑΓΓΕΛΟΠΟΥΛΟΥ,Κλάση Δ,325,186,1.8,6,Jan-23
11362,ΚΥΨΕΛΗ,Κλάση A,3878,139191,0.0,4927,Jan-23
11362,ΚΥΨΕΛΗ,Κλάση Β,35123,148950,0.2,5305,Jan-23
11362,ΚΥΨΕΛΗ,Κλάση Γ,6994,11239,0.6,487,Jan-23
11362,ΚΥΨΕΛΗ,Κλάση Δ,2397,1373,1.8,62,Jan-23
11362,ΚΥΨΕΛΗ,Κλάση Ε,1173,178,6.6,8,Jan-23
11362,ΠΕΔΙΟΝ ΑΡΕΩΣ,Κλάση A,0,93,0.0,3,Jan-23
11362,ΠΕΔΙΟΝ ΑΡΕΩΣ,Κλάση Β,19,62,0.3,2,Jan-23
11362,ΠΕΔΙΟΝ ΑΡΕΩΣ,Κλάση Δ,182,93,2.0,3,Jan-23
11362,ΠΕΔΙΟΝ ΑΡΕΩΣ,Κλάση Ε,2092,62,33.7,2,Jan-23
11363,ΑΘΗΝΑ,Κλάση A,6,157,0.0,6,Jan-23
11363,ΑΘΗΝΑ,Κλάση Β,146,514,0.3,17,Jan-23
11363,ΑΘΗΝΑ,Κλάση Γ,52,88,0.6,4,Jan-23
11363,ΑΝΩ ΚΥΨΕΛΗ,Κλάση A,321,11069,0.0,396,Jan-23
11363,ΑΝΩ ΚΥΨΕΛΗ,Κλάση Β,4980,19043,0.3,670,Jan-23
11363,ΑΝΩ ΚΥΨΕΛΗ,Κλάση Γ,1204,1998,0.6,83,Jan-23
11363,ΑΝΩ ΚΥΨΕΛΗ,Κλάση Δ,298,157,1.9,6,Jan-23
11363,ΚΥΨΕΛΗ,Κλάση A,3176,113307,0.0,4046,Jan-23
11363,ΚΥΨΕΛΗ,Κλάση Β,36035,147966,0.2,5226,Jan-23
11363,ΚΥΨΕΛΗ,Κλάση Γ,8815,14344,0.6,590,Jan-23
11363,ΚΥΨΕΛΗ,Κλάση Δ,1736,1032,1.7,50,Jan-23
11363,ΚΥΨΕΛΗ,Κλάση Ε,3292,118,27.9,6,Jan-23
11363,ΚΥΨΕΛΗ Ν. ΚΩΝ/ΠΟΛΗ,Κλάση A,432,15810,0.0,510,Jan-23
11363,ΚΥΨΕΛΗ Ν. ΚΩΝ/ΠΟΛΗ,Κλάση Β,6652,26102,0.3,842,Jan-23
11363,ΚΥΨΕΛΗ Ν. ΚΩΝ/ΠΟΛΗ,Κλάση Γ,1553,2604,0.6,84,Jan-23
11363,ΚΥΨΕΛΗ Ν. ΚΩΝ/ΠΟΛΗ,Κλάση Δ,82,62,1.3,2,Jan-23
11363,ΝΕΑ ΚΥΨΕΛΗ,Κλάση A,1062,36893,0.0,1307,Jan-23
11363,ΝΕΑ ΚΥΨΕΛΗ,Κλάση Β,14864,57775,0.3,2012,Jan-23
11363,ΝΕΑ ΚΥΨΕΛΗ,Κλάση Γ,4156,6870,0.6,272,Jan-23
11363,ΝΕΑ ΚΥΨΕΛΗ,Κλάση Δ,467,313,1.5,15,Jan-23
11364,ΑΓ. ΖΩΝΗ,Κλάση A,420,15093,0.0,536,Jan-23
11364,ΑΓ. ΖΩΝΗ,Κλάση Β,3525,15193,0.2,544,Jan-23
11364,ΑΓ. ΖΩΝΗ,Κλάση Γ,740,1184,0.6,48,Jan-23
11364,ΑΓ. ΖΩΝΗ,Κλάση Δ,58,31,1.9,2,Jan-23
11364,ΑΘΗΝΑ,Κλάση A,2,124,0.0,5,Jan-23
11364,ΑΘΗΝΑ,Κλάση Β,75,279,0.3,10,Jan-23
11364,ΑΝΩ ΚΥΨΕΛΗ,Κλάση A,2922,104662,0.0,3716,Jan-23
11364,ΑΝΩ ΚΥΨΕΛΗ,Κλάση Β,33932,137790,0.3,4863,Jan-23
11364,ΑΝΩ ΚΥΨΕΛΗ,Κλάση Γ,8049,13057,0.6,529,Jan-23
11364,ΑΝΩ ΚΥΨΕΛΗ,Κλάση Δ,1267,740,1.7,33,Jan-23
11364,ΚΑΛΛΙΦΡΟΝΑ,Κλάση A,100,3204,0.0,117,Jan-23
11364,ΚΑΛΛΙΦΡΟΝΑ,Κλάση Β,1261,5004,0.3,177,Jan-23
11364,ΚΑΛΛΙΦΡΟΝΑ,Κλάση Γ,307,502,0.6,19,Jan-23
11364,ΚΑΛΛΙΦΡΟΝΑ,Κλάση Δ,94,33,2.9,2,Jan-23
11364,ΚΟΛΙΑΤΣΟΥ,Κλάση A,132,4053,0.0,151,Jan-23
11364,ΚΟΛΙΑΤΣΟΥ,Κλάση Β,1975,7692,0.3,269,Jan-23
11364,ΚΟΛΙΑΤΣΟΥ,Κλάση Γ,697,1129,0.6,42,Jan-23
11364,ΚΥΨΕΛΗ,Κλάση A,1277,46630,0.0,1669,Jan-23
11364,ΚΥΨΕΛΗ,Κλάση Β,15494,62933,0.3,2222,Jan-23
11364,ΚΥΨΕΛΗ,Κλάση Γ,3634,5810,0.6,236,Jan-23
11364,ΚΥΨΕΛΗ,Κλάση Δ,681,387,1.8,16,Jan-23
11364,ΛΥΣΙΑΤΡΕΙΟ,Κλάση A,62,2025,0.0,76,Jan-23
11364,ΛΥΣΙΑΤΡΕΙΟ,Κλάση Β,1074,4266,0.3,147,Jan-23
11364,ΛΥΣΙΑΤΡΕΙΟ,Κλάση Γ,557,901,0.6,31,Jan-23
11364,ΠΛΑΤΕΙΑ ΚΟΛΙΑΤΣΟΥ,Κλάση A,40,1296,0.0,52,Jan-23
11364,ΠΛΑΤΕΙΑ ΚΟΛΙΑΤΣΟΥ,Κλάση Β,883,3204,0.3,115,Jan-23
11364,ΠΛΑΤΕΙΑ ΚΟΛΙΑΤΣΟΥ,Κλάση Γ,461,739,0.6,28,Jan-23
11471,ΙΠΠΟΚΡΑΤΟΥΣ ΝΕΑΠΟΛΗ,Κλάση A,62,2201,0.0,71,Jan-23
11471,ΙΠΠΟΚΡΑΤΟΥΣ ΝΕΑΠΟΛΗ,Κλάση Β,551,2511,0.2,81,Jan-23
11471,ΙΠΠΟΚΡΑΤΟΥΣ ΝΕΑΠΟΛΗ,Κλάση Γ,74,124,0.6,4,Jan-23
11471,ΚΕΝΤΡΟ,Κλάση A,461,17082,0.0,552,Jan-23
11471,ΚΕΝΤΡΟ,Κλάση Β,3451,15778,0.2,509,Jan-23
11471,ΚΕΝΤΡΟ,Κλάση Γ,487,806,0.6,26,Jan-23
11471,ΚΕΝΤΡΟ,Κλάση Δ,255,155,1.7,5,Jan-23
11471,ΜΟΥΣΕΙΟ ΝΕΑΠΟΛΗ,Κλάση A,203,6479,0.0,209,Jan-23
11471,ΜΟΥΣΕΙΟ ΝΕΑΠΟΛΗ,Κλάση Β,885,3906,0.2,126,Jan-23
11471,ΜΟΥΣΕΙΟ ΝΕΑΠΟΛΗ,Κλάση Γ,129,217,0.6,7,Jan-23
11471,ΜΟΥΣΕΙΟ ΝΕΑΠΟΛΗ,Κλάση Δ,268,153,1.8,5,Jan-23
11471,ΝΕΑΠΟΛΗ,Κλάση A,2285,75792,0.0,2469,Jan-23
11471,ΝΕΑΠΟΛΗ,Κλάση Β,20588,88586,0.2,2865,Jan-23
11471,ΝΕΑΠΟΛΗ,Κλάση Γ,4870,7828,0.6,255,Jan-23
11471,ΝΕΑΠΟΛΗ,Κλάση Δ,881,465,1.9,15,Jan-23
11471,ΝΕΑΠΟΛΗ,Κλάση Ε,1097,62,17.7,2,Jan-23
11472,ΕΞΑΡΧΕΙΑ,Κλάση A,122,3503,0.0,113,Jan-23
11472,ΕΞΑΡΧΕΙΑ,Κλάση Β,783,3658,0.2,118,Jan-23
11472,ΕΞΑΡΧΕΙΑ,Κλάση Γ,101,155,0.7,5,Jan-23
11472,ΕΞΑΡΧΕΙΑ,Κλάση Δ,266,124,2.2,4,Jan-23
11472,ΙΠΠΟΚΡΑΤΟΥΣ ΝΕΑΠΟΛΗ,Κλάση A,29,1459,0.0,49,Jan-23
11472,ΙΠΠΟΚΡΑΤΟΥΣ ΝΕΑΠΟΛΗ,Κλάση Β,381,1827,0.2,59,Jan-23
11472,ΙΠΠΟΚΡΑΤΟΥΣ ΝΕΑΠΟΛΗ,Κλάση Γ,162,248,0.7,8,Jan-23
11472,ΚΕΝΤΡΟ,Κλάση A,623,21639,0.0,699,Jan-23
11472,ΚΕΝΤΡΟ,Κλάση Β,4679,20808,0.2,672,Jan-23
11472,ΚΕΝΤΡΟ,Κλάση Γ,659,1023,0.6,33,Jan-23
11472,ΚΕΝΤΡΟ,Κλάση Δ,79,62,1.3,2,Jan-23
11472,ΜΟΥΣΕΙΟ ΝΕΑΠΟΛΗ,Κλάση A,56,1883,0.0,61,Jan-23
11472,ΜΟΥΣΕΙΟ ΝΕΑΠΟΛΗ,Κλάση Β,282,1248,0.2,41,Jan-23
11472,ΜΟΥΣΕΙΟ ΝΕΑΠΟΛΗ,Κλάση Γ,128,186,0.7,6,Jan-23
11472,ΝΕΑΠΟΛΗ,Κλάση A,1718,58758,0.0,1911,Jan-23
11472,ΝΕΑΠΟΛΗ,Κλάση Β,14231,63518,0.2,2054,Jan-23
11472,ΝΕΑΠΟΛΗ,Κλάση Γ,2836,4633,0.6,152,Jan-23
11472,ΝΕΑΠΟΛΗ,Κλάση Δ,1453,825,1.8,28,Jan-23
11472,ΝΕΑΠΟΛΗ,Κλάση Ε,346,62,5.6,2,Jan-23
11473,ΑΘΗΝΑ,Κλάση A,44,1382,0.0,45,Jan-23
11473,ΑΘΗΝΑ,Κλάση Β,243,1054,0.2,34,Jan-23
11473,ΓΚΥΖΗ,Κλάση A,57,2077,0.0,67,Jan-23
11473,ΓΚΥΖΗ,Κλάση Β,573,2480,0.2,80,Jan-23
11473,ΓΚΥΖΗ,Κλάση Γ,35,62,0.6,2,Jan-23
11473,ΕΞΑΡΧΕΙΑ,Κλάση A,384,12754,0.0,415,Jan-23
11473,ΕΞΑΡΧΕΙΑ,Κλάση Β,3458,15607,0.2,504,Jan-23
11473,ΕΞΑΡΧΕΙΑ,Κλάση Γ,637,1058,0.6,35,Jan-23
11473,ΕΞΑΡΧΕΙΑ,Κλάση Δ,272,124,2.2,4,Jan-23
11473,ΜΟΥΣΕΙΟ ΝΕΑΠΟΛΗ,Κλάση A,212,7084,0.0,232,Jan-23
11473,ΜΟΥΣΕΙΟ ΝΕΑΠΟΛΗ,Κλάση Β,1243,5709,0.2,185,Jan-23
11473,ΜΟΥΣΕΙΟ ΝΕΑΠΟΛΗ,Κλάση Γ,229,351,0.7,12,Jan-23
11473,ΜΟΥΣΕΙΟ ΝΕΑΠΟΛΗ,Κλάση Δ,328,124,2.7,4,Jan-23
11473,ΝΕΑΠΟΛΗ,Κλάση A,709,25210,0.0,818,Jan-23
11473,ΝΕΑΠΟΛΗ,Κλάση Β,5973,26145,0.2,847,Jan-23
11473,ΝΕΑΠΟΛΗ,Κλάση Γ,1040,1748,0.6,57,Jan-23
11473,ΝΕΑΠΟΛΗ,Κλάση Δ,601,372,1.6,12,Jan-23
11473,ΠΕΔΙΟΝ ΑΡΕΩΣ,Κλάση A,1117,39464,0.0,1274,Jan-23
11473,ΠΕΔΙΟΝ ΑΡΕΩΣ,Κλάση Β,10114,43120,0.2,1392,Jan-23
11473,ΠΕΔΙΟΝ ΑΡΕΩΣ,Κλάση Γ,2131,3441,0.6,111,Jan-23
11473,ΠΕΔΙΟΝ ΑΡΕΩΣ,Κλάση Δ,925,403,2.3,13,Jan-23
11473,ΠΕΔΙΟΝ ΑΡΕΩΣ,Κλάση Ε,1799,124,14.5,4,Jan-23
11473,ΣΤΡΕΦΗ,Κλάση A,579,19080,0.0,623,Jan-23
11473,ΣΤΡΕΦΗ,Κλάση Β,5433,23493,0.2,758,Jan-23
11473,ΣΤΡΕΦΗ,Κλάση Γ,1231,1952,0.6,63,Jan-23
11473,ΣΤΡΕΦΗ,Κλάση Δ,616,248,2.5,8,Jan-23
11474,ΓΚΥΖΗ,Κλάση A,2463,78704,0.0,2551,Jan-23
11474,ΓΚΥΖΗ,Κλάση Β,24995,103090,0.2,3326,Jan-23
11474,ΓΚΥΖΗ,Κλάση Γ,5033,8245,0.6,266,Jan-23
11474,ΓΚΥΖΗ,Κλάση Δ,847,558,1.5,18,Jan-23
11474,ΠΕΔΙΟΝ ΑΡΕΩΣ,Κλάση A,1759,57136,0.0,1849,Jan-23
11474,ΠΕΔΙΟΝ ΑΡΕΩΣ,Κλάση Β,16066,68551,0.2,2213,Jan-23
11474,ΠΕΔΙΟΝ ΑΡΕΩΣ,Κλάση Γ,2691,4449,0.6,145,Jan-23
11474,ΠΕΔΙΟΝ ΑΡΕΩΣ,Κλάση Δ,517,341,1.5,11,Jan-23
11474,ΠΕΔΙΟΝ ΑΡΕΩΣ,Κλάση Ε,893,93,9.6,3,Jan-23
11475,ΑΒΕΡΩΦ,Κλάση A,128,4271,0.0,140,Jan-23
11475,ΑΒΕΡΩΦ,Κλάση Β,943,3851,0.2,126,Jan-23
11475,ΑΒΕΡΩΦ,Κλάση Γ,273,465,0.6,16,Jan-23
11475,ΑΒΕΡΩΦ,Κλάση Δ,114,62,1.8,2,Jan-23
11475,ΑΜΠΕΛΟΚΗΠΟΙ,Κλάση A,100,3617,0.0,117,Jan-23
11475,ΑΜΠΕΛΟΚΗΠΟΙ,Κλάση Β,1035,4536,0.2,147,Jan-23
11475,ΑΜΠΕΛΟΚΗΠΟΙ,Κλάση Γ,158,279,0.6,9,Jan-23
11475,ΓΚΥΖΗ,Κλάση A,2106,65812,0.0,2129,Jan-23
11475,ΓΚΥΖΗ,Κλάση Β,20973,86989,0.2,2807,Jan-23
11475,ΓΚΥΖΗ,Κλάση Γ,4781,7891,0.6,255,Jan-23
11475,ΓΚΥΖΗ,Κλάση Δ,291,217,1.3,7,Jan-23
11475,ΠΕΔΙΟΝ ΑΡΕΩΣ,Κλάση A,271,10447,0.0,337,Jan-23
11475,ΠΕΔΙΟΝ ΑΡΕΩΣ,Κλάση Β,1942,8711,0.2,281,Jan-23
11475,ΠΕΔΙΟΝ ΑΡΕΩΣ,Κλάση Γ,439,682,0.6,22,Jan-23
11475,ΠΕΔΙΟΝ ΑΡΕΩΣ,Κλάση Δ,321,186,1.7,6,Jan-23
11476,ΑΒΕΡΩΦ,Κλάση A,15,398,0.0,15,Jan-23
11476,ΑΒΕΡΩΦ,Κλάση Β,369,1338,0.3,46,Jan-23
11476,ΑΒΕΡΩΦ,Κλάση Γ,172,292,0.6,11,Jan-23
11476,ΓΗΡΟΚΟΜΕΙΟ,Κλάση A,18,810,0.0,27,Jan-23
11476,ΓΗΡΟΚΟΜΕΙΟ,Κλάση Β,363,1440,0.3,48,Jan-23
11476,ΓΗΡΟΚΟΜΕΙΟ,Κλάση Γ,122,180,0.7,6,Jan-23
11476,ΓΚΥΖΗ,Κλάση A,886,29954,0.0,985,Jan-23
11476,ΓΚΥΖΗ,Κλάση Β,15365,58273,0.3,1904,Jan-23
11476,ΓΚΥΖΗ,Κλάση Γ,4248,7001,0.6,243,Jan-23
11476,ΓΚΥΖΗ,Κλάση Δ,513,355,1.5,15,Jan-23
11476,ΚΥΨΕΛΗ,Κλάση A,9,279,0.0,9,Jan-23
11476,ΚΥΨΕΛΗ,Κλάση Β,550,1798,0.3,58,Jan-23
11476,ΚΥΨΕΛΗ,Κλάση Γ,134,217,0.6,7,Jan-23
11476,Ν. ΦΙΛΟΘΕΗ,Κλάση A,15,846,0.0,29,Jan-23
11476,Ν. ΦΙΛΟΘΕΗ,Κλάση Β,388,1486,0.3,50,Jan-23
11476,Ν. ΦΙΛΟΘΕΗ,Κλάση Γ,191,309,0.6,11,Jan-23
11476,ΝΕΑ ΚΥΨΕΛΗ,Κλάση A,98,3749,0.0,121,Jan-23
11476,ΝΕΑ ΚΥΨΕΛΗ,Κλάση Β,1851,6777,0.3,219,Jan-23
11476,ΝΕΑ ΚΥΨΕΛΗ,Κλάση Γ,827,1331,0.6,43,Jan-23
11476,ΝΕΑ ΚΥΨΕΛΗ,Κλάση Δ,213,124,1.7,4,Jan-23
11476,ΠΟΛΥΓΩΝΟ,Κλάση A,487,17057,0.0,566,Jan-23
11476,ΠΟΛΥΓΩΝΟ,Κλάση Β,7952,30452,0.3,1010,Jan-23
11476,ΠΟΛΥΓΩΝΟ,Κλάση Γ,2540,4150,0.6,140,Jan-23
11476,ΠΟΛΥΓΩΝΟ,Κλάση Δ,626,281,2.2,10,Jan-23
11521,ΑΜΠΕΛΟΚΗΠΟΙ,Κλάση A,1826,59111,0.0,2146,Jan-23
11521,ΑΜΠΕΛΟΚΗΠΟΙ,Κλάση Β,11868,52618,0.2,1942,Jan-23
11521,ΑΜΠΕΛΟΚΗΠΟΙ,Κλάση Γ,2755,4330,0.6,191,Jan-23
11521,ΑΜΠΕΛΟΚΗΠΟΙ,Κλάση Δ,2833,1474,1.9,60,Jan-23
11521,ΑΜΠΕΛΟΚΗΠΟΙ,Κλάση Ε,15064,606,24.9,22,Jan-23
11521,ΚΟΛΩΝΑΚΙ,Κλάση A,1102,34299,0.0,1130,Jan-23
11521,ΚΟΛΩΝΑΚΙ,Κλάση Β,8106,34315,0.2,1134,Jan-23
11521,ΚΟΛΩΝΑΚΙ,Κλάση Γ,2164,3392,0.6,115,Jan-23
11521,ΚΟΛΩΝΑΚΙ,Κλάση Δ,1158,554,2.1,20,Jan-23
11521,ΚΟΛΩΝΑΚΙ,Κλάση Ε,10692,413,25.9,15,Jan-23
11522,ΑΒΕΡΩΦ,Κλάση A,2313,70976,0.0,2532,Jan-23
11522,ΑΒΕΡΩΦ,Κλάση Β,28469,115055,0.3,4015,Jan-23
11522,ΑΒΕΡΩΦ,Κλάση Γ,7219,11814,0.6,445,Jan-23
11522,ΑΒΕΡΩΦ,Κλάση Δ,1014,662,1.5,25,Jan-23
11522,ΑΒΕΡΩΦ,Κλάση Ε,3270,62,52.7,2,Jan-23
11522,ΑΜΠΕΛΟΚΗΠΟΙ,Κλάση A,516,15821,0.0,547,Jan-23
11522,ΑΜΠΕΛΟΚΗΠΟΙ,Κλάση Β,4100,18812,0.2,644,Jan-23
11522,ΑΜΠΕΛΟΚΗΠΟΙ,Κλάση Γ,890,1408,0.6,51,Jan-23
11522,ΑΜΠΕΛΟΚΗΠΟΙ,Κλάση Δ,291,190,1.5,7,Jan-23
11522,ΑΜΠΕΛΟΚΗΠΟΙ,Κλάση Ε,4714,62,76.0,2,Jan-23
11522,ΓΚΥΖΗ,Κλάση A,85,2778,0.0,90,Jan-23
11522,ΓΚΥΖΗ,Κλάση Β,892,3763,0.2,122,Jan-23
11522,ΓΚΥΖΗ,Κλάση Γ,242,341,0.7,11,Jan-23
11522,Ν. ΦΙΛΟΘΕΗ,Κλάση A,8,240,0.0,8,Jan-23
11522,Ν. ΦΙΛΟΘΕΗ,Κλάση Β,244,840,0.3,28,Jan-23
11522,Ν. ΦΙΛΟΘΕΗ,Κλάση Γ,41,60,0.7,2,Jan-23
11522,ΠΕΔΙΟΝ ΑΡΕΩΣ,Κλάση A,0,62,0.0,2,Jan-23
11522,ΠΟΛΥΓΩΝΟ,Κλάση A,2,120,0.0,4,Jan-23
11522,ΠΟΛΥΓΩΝΟ,Κλάση Β,97,360,0.3,12,Jan-23
11522,ΠΟΛΥΓΩΝΟ,Κλάση Γ,105,180,0.6,6,Jan-23
11523,ΑΒΕΡΩΦ,Κλάση A,47,1480,0.0,60,Jan-23
11523,ΑΒΕΡΩΦ,Κλάση Β,655,2947,0.2,102,Jan-23
11523,ΑΒΕΡΩΦ,Κλάση Γ,92,161,0.6,7,Jan-23
11523,ΑΜΠΕΛΟΚΗΠΟΙ,Κλάση A,4438,133904,0.0,4415,Jan-23
11523,ΑΜΠΕΛΟΚΗΠΟΙ,Κλάση Β,36185,157841,0.2,5193,Jan-23
11523,ΑΜΠΕΛΟΚΗΠΟΙ,Κλάση Γ,7417,11770,0.6,401,Jan-23
11523,ΑΜΠΕΛΟΚΗΠΟΙ,Κλάση Δ,4943,2390,2.1,86,Jan-23
11523,ΑΜΠΕΛΟΚΗΠΟΙ,Κλάση Ε,3292,281,11.7,10,Jan-23
11523,ΓΗΡΟΚΟΜΕΙΟ,Κλάση A,7,248,0.0,8,Jan-23
11523,ΓΗΡΟΚΟΜΕΙΟ,Κλάση Β,44,155,0.3,5,Jan-23
11524,ΑΒΕΡΩΦ,Κλάση A,160,4520,0.0,166,Jan-23
11524,ΑΒΕΡΩΦ,Κλάση Β,1500,6485,0.2,232,Jan-23
11524,ΑΒΕΡΩΦ,Κλάση Γ,368,613,0.6,25,Jan-23
11524,ΑΒΕΡΩΦ,Κλάση Δ,106,62,1.7,3,Jan-23
11524,ΑΜΠΕΛΟΚΗΠΟΙ,Κλάση A,704,20100,0.0,713,Jan-23
11524,ΑΜΠΕΛΟΚΗΠΟΙ,Κλάση Β,6899,29041,0.2,1007,Jan-23
11524,ΑΜΠΕΛΟΚΗΠΟΙ,Κλάση Γ,1691,2724,0.6,105,Jan-23
11524,ΑΜΠΕΛΟΚΗΠΟΙ,Κλάση Δ,774,404,1.9,15,Jan-23
11524,ΑΜΠΕΛΟΚΗΠΟΙ,Κλάση Ε,2313,166,13.9,7,Jan-23
11524,ΓΗΡΟΚΟΜΕΙΟ,Κλάση A,2088,58942,0.0,2148,Jan-23
11524,ΓΗΡΟΚΟΜΕΙΟ,Κλάση Β,26993,109552,0.3,3833,Jan-23
11524,ΓΗΡΟΚΟΜΕΙΟ,Κλάση Γ,7061,11244,0.6,419,Jan-23
11524,ΓΗΡΟΚΟΜΕΙΟ,Κλάση Δ,1419,949,1.5,40,Jan-23
11524,ΓΚΥΖΗ,Κλάση A,9,405,0.0,15,Jan-23
11524,ΓΚΥΖΗ,Κλάση Β,212,756,0.3,28,Jan-23
11524,ΓΚΥΖΗ,Κλάση Γ,149,243,0.6,9,Jan-23
11524,Ν. ΦΙΛΟΘΕΗ,Κλάση A,84,2835,0.0,99,Jan-23
11524,Ν. ΦΙΛΟΘΕΗ,Κλάση Β,1383,5509,0.3,205,Jan-23
11524,Ν. ΦΙΛΟΘΕΗ,Κλάση Γ,506,805,0.6,31,Jan-23
11524,Ν. ΦΙΛΟΘΕΗ,Κλάση Δ,207,105,2.0,5,Jan-23
11524,ΝΕΑ ΦΙΛΟΘΕΗ,Κλάση A,476,16650,0.0,603,Jan-23
11524,ΝΕΑ ΦΙΛΟΘΕΗ,Κλάση Β,7904,30075,0.3,1071,Jan-23
11524,ΝΕΑ ΦΙΛΟΘΕΗ,Κλάση Γ,3198,4927,0.7,202,Jan-23
11524,ΝΕΑ ΦΙΛΟΘΕΗ,Κλάση Δ,829,520,1.6,22,Jan-23
11524,ΠΟΛΥΓΩΝΟ,Κλάση A,31,870,0.0,29,Jan-23
11524,ΠΟΛΥΓΩΝΟ,Κλάση Β,439,1590,0.3,53,Jan-23
11524,ΠΟΛΥΓΩΝΟ,Κλάση Γ,284,450,0.6,15,Jan-23
11525,ΑΘΗΝΑ,Κλάση A,0,93,0.0,4,Jan-23
11525,ΑΘΗΝΑ,Κλάση Β,48,155,0.3,5,Jan-23
11525,ΑΜΠΕΛΟΚΗΠΟΙ,Κλάση A,77,2985,0.0,106,Jan-23
11525,ΑΜΠΕΛΟΚΗΠΟΙ,Κλάση Β,418,1794,0.2,72,Jan-23
11525,ΑΜΠΕΛΟΚΗΠΟΙ,Κλάση Γ,357,523,0.7,19,Jan-23
11525,ΑΜΠΕΛΟΚΗΠΟΙ,Κλάση Δ,316,200,1.6,8,Jan-23
11525,ΕΛΛΗΝΟΡΩΣΩΝ,Κλάση A,1823,55563,0.0,4773,Jan-23
11525,ΕΛΛΗΝΟΡΩΣΩΝ,Κλάση Β,22900,91296,0.3,3001,Jan-23
11525,ΕΛΛΗΝΟΡΩΣΩΝ,Κλάση Γ,6537,10516,0.6,364,Jan-23
11525,ΕΛΛΗΝΟΡΩΣΩΝ,Κλάση Δ,1301,767,1.7,27,Jan-23
11525,ΕΛΛΗΝΟΡΩΣΩΝ,Κλάση Ε,1487,93,16.0,3,Jan-23
11525,ΝΕΟ ΨΥΧΙΚΟ,Κλάση A,3,113,0.0,4,Jan-23
11525,ΝΕΟ ΨΥΧΙΚΟ,Κλάση Β,33,135,0.2,5,Jan-23
11526,ΑΜΠΕΛΟΚΗΠΟΙ,Κλάση A,2605,83784,0.0,2803,Jan-23
11526,ΑΜΠΕΛΟΚΗΠΟΙ,Κλάση Β,20345,89880,0.2,3004,Jan-23
11526,ΑΜΠΕΛΟΚΗΠΟΙ,Κλάση Γ,3671,5808,0.6,212,Jan-23
11526,ΑΜΠΕΛΟΚΗΠΟΙ,Κλάση Δ,1864,993,1.9,40,Jan-23
11526,ΑΜΠΕΛΟΚΗΠΟΙ,Κλάση Ε,6024,272,22.2,10,Jan-23
11526,ΕΛΛΗΝΟΡΩΣΩΝ,Κλάση A,1,38,0.0,226,Jan-23
11526,ΕΛΛΗΝΟΡΩΣΩΝ,Κλάση Β,21,62,0.3,2,Jan-23
11526,ΕΡΥΘΡΟΣ ΣΤΑΥΡΟΣ,Κλάση A,2613,78023,0.0,2819,Jan-23
11526,ΕΡΥΘΡΟΣ ΣΤΑΥΡΟΣ,Κλάση Β,25639,108458,0.2,3626,Jan-23
11526,ΕΡΥΘΡΟΣ ΣΤΑΥΡΟΣ,Κλάση Γ,5104,8266,0.6,291,Jan-23
11526,ΕΡΥΘΡΟΣ ΣΤΑΥΡΟΣ,Κλάση Δ,1499,777,1.9,30,Jan-23
11526,ΕΡΥΘΡΟΣ ΣΤΑΥΡΟΣ,Κλάση Ε,5582,235,23.8,9,Jan-23
11527,ΑΘΗΝΑ,Κλάση A,48,1209,0.0,39,Jan-23
11527,ΑΘΗΝΑ,Κλάση Β,283,1333,0.2,43,Jan-23
11527,ΑΘΗΝΑ,Κλάση Γ,46,62,0.7,2,Jan-23
11527,ΑΜΠΕΛΟΚΗΠΟΙ,Κλάση A,2774,87197,0.0,3023,Jan-23
11527,ΑΜΠΕΛΟΚΗΠΟΙ,Κλάση Β,23468,102201,0.2,3527,Jan-23
11527,ΑΜΠΕΛΟΚΗΠΟΙ,Κλάση Γ,4649,7334,0.6,281,Jan-23
11527,ΑΜΠΕΛΟΚΗΠΟΙ,Κλάση Δ,2810,1460,1.9,58,Jan-23
11527,ΑΜΠΕΛΟΚΗΠΟΙ,Κλάση Ε,27373,538,50.9,21,Jan-23
11527,ΓΟΥΔΙ,Κλάση A,1625,48938,0.0,1699,Jan-23
11527,ΓΟΥΔΙ,Κλάση Β,14494,63215,0.2,2177,Jan-23
11527,ΓΟΥΔΙ,Κλάση Γ,2834,4536,0.6,182,Jan-23
11527,ΓΟΥΔΙ,Κλάση Δ,1753,904,1.9,34,Jan-23
11527,ΓΟΥΔΙ,Κλάση Ε,13080,341,38.4,11,Jan-23
11527,ΙΛΙΣΙΑ,Κλάση A,410,14415,0.0,510,Jan-23
11527,ΙΛΙΣΙΑ,Κλάση Β,3172,14106,0.2,498,Jan-23
11527,ΙΛΙΣΙΑ,Κλάση Γ,618,1006,0.6,40,Jan-23
11527,ΙΛΙΣΙΑ,Κλάση Δ,261,204,1.3,9,Jan-23
11527,ΙΛΙΣΙΑ,Κλάση Ε,604,51,11.8,2,Jan-23
11528,ΑΘΗΝΑ,Κλάση A,37,1302,0.0,42,Jan-23
11528,ΑΘΗΝΑ,Κλάση Β,332,1457,0.2,47,Jan-23
11528,ΑΘΗΝΑ,Κλάση Γ,67,124,0.5,4,Jan-23
11528,ΑΘΗΝΑ,Κλάση Δ,152,62,2.5,2,Jan-23
11528,ΑΜΠΕΛΟΚΗΠΟΙ,Κλάση A,45,1410,0.0,49,Jan-23
11528,ΑΜΠΕΛΟΚΗΠΟΙ,Κλάση Β,284,1194,0.2,42,Jan-23
11528,ΑΜΠΕΛΟΚΗΠΟΙ,Κλάση Γ,106,155,0.7,5,Jan-23
11528,ΑΜΠΕΛΟΚΗΠΟΙ,Κλάση Δ,219,124,1.8,4,Jan-23
11528,ΙΛΙΣΙΑ,Κλάση A,2941,93884,0.0,3296,Jan-23
11528,ΙΛΙΣΙΑ,Κλάση Β,21052,93511,0.2,3302,Jan-23
11528,ΙΛΙΣΙΑ,Κλάση Γ,4558,7103,0.6,281,Jan-23
11528,ΙΛΙΣΙΑ,Κλάση Δ,3698,1827,2.0,77,Jan-23
11528,ΙΛΙΣΙΑ,Κλάση Ε,12035,664,18.1,25,Jan-23
11528,ΧΙΛΤΟΝ,Κλάση A,291,9796,0.0,316,Jan-23
11528,ΧΙΛΤΟΝ,Κλάση Β,1651,7595,0.2,245,Jan-23
11528,ΧΙΛΤΟΝ,Κλάση Γ,791,1240,0.6,40,Jan-23
11528,ΧΙΛΤΟΝ,Κλάση Δ,1030,403,2.6,13,Jan-23
11528,ΧΙΛΤΟΝ,Κλάση Ε,802,93,8.6,3,Jan-23
11631,ΑΓ. ΔΗΜΗΤΡΙΟΣ,Κλάση A,3,124,0.0,4,Jan-23
11631,ΑΓ. ΔΗΜΗΤΡΙΟΣ,Κλάση Β,46,217,0.2,7,Jan-23
11631,ΓΟΥΒΑ,Κλάση A,2242,71605,0.0,2417,Jan-23
11631,ΓΟΥΒΑ,Κλάση Β,27043,107911,0.3,3557,Jan-23
11631,ΓΟΥΒΑ,Κλάση Γ,6852,10982,0.6,378,Jan-23
11631,ΓΟΥΒΑ,Κλάση Δ,1205,743,1.6,27,Jan-23
11631,ΓΟΥΒΑ,Κλάση Ε,452,63,7.2,3,Jan-23
11631,ΜΕΤΣ,Κλάση A,37,1395,0.0,45,Jan-23
11631,ΜΕΤΣ,Κλάση Β,319,1271,0.3,41,Jan-23
11631,ΜΕΤΣ,Κλάση Γ,61,93,0.7,3,Jan-23
11631,ΝΕΟΣ ΚΟΣΜΟΣ,Κλάση A,28,837,0.0,27,Jan-23
11631,ΝΕΟΣ ΚΟΣΜΟΣ,Κλάση Β,236,775,0.3,25,Jan-23
11631,ΝΕΟΣ ΚΟΣΜΟΣ,Κλάση Γ,107,186,0.6,6,Jan-23
11631,ΠΑΓΚΡΑΤΙ,Κλάση A,73,2310,0.0,92,Jan-23
11631,ΠΑΓΚΡΑΤΙ,Κλάση Β,790,3148,0.3,111,Jan-23
11631,ΠΑΓΚΡΑΤΙ,Κλάση Γ,342,581,0.6,23,Jan-23
11632,ΑΓ. ΑΡΤΕΜΙΟΣ,Κλάση A,64,1922,0.0,66,Jan-23
11632,ΑΓ. ΑΡΤΕΜΙΟΣ,Κλάση Β,1128,4246,0.3,142,Jan-23
11632,ΑΓ. ΑΡΤΕΜΙΟΣ,Κλάση Γ,196,311,0.6,12,Jan-23
11632,ΑΘΗΝΑ,Κλάση A,109,3102,0.0,104,Jan-23
11632,ΑΘΗΝΑ,Κλάση Β,1497,5795,0.3,190,Jan-23
11632,ΑΘΗΝΑ,Κλάση Γ,425,713,0.6,24,Jan-23
11632,ΓΟΥΒΑ,Κλάση A,916,29695,0.0,1064,Jan-23
11632,ΓΟΥΒΑ,Κλάση Β,16179,61586,0.3,2129,Jan-23
11632,ΓΟΥΒΑ,Κλάση Γ,4572,7530,0.6,317,Jan-23
11632,ΓΟΥΒΑ,Κλάση Δ,868,523,1.7,22,Jan-23
11632,ΜΕΤΣ,Κλάση A,138,4434,0.0,159,Jan-23
11632,ΜΕΤΣ,Κλάση Β,1453,6433,0.2,221,Jan-23
11632,ΜΕΤΣ,Κλάση Γ,401,634,0.6,26,Jan-23
11632,ΜΕΤΣ,Κλάση Δ,98,80,1.2,3,Jan-23
11632,ΠΑΓΚΡΑΤΙ,Κλάση A,881,26881,0.0,1178,Jan-23
11632,ΠΑΓΚΡΑΤΙ,Κλάση Β,10924,44890,0.2,1573,Jan-23
11632,ΠΑΓΚΡΑΤΙ,Κλάση Γ,2556,4123,0.6,167,Jan-23
11632,ΠΑΓΚΡΑΤΙ,Κλάση Δ,724,437,1.7,18,Jan-23
11632,ΠΑΓΚΡΑΤΙ ΣΤΑΔΙΟ,Κλάση A,81,1869,0.0,66,Jan-23
11632,ΠΑΓΚΡΑΤΙ ΣΤΑΔΙΟ,Κλάση Β,720,2953,0.2,107,Jan-23
11632,ΠΑΓΚΡΑΤΙ ΣΤΑΔΙΟ,Κλάση Γ,39,62,0.6,3,Jan-23
11633,ΑΘΗΝΑ,Κλάση A,0,68,0.0,3,Jan-23
11633,ΠΑΓΚΡΑΤΙ,Κλάση A,4403,145245,0.0,5241,Jan-23
11633,ΠΑΓΚΡΑΤΙ,Κλάση Β,41877,180299,0.2,6337,Jan-23
11633,ΠΑΓΚΡΑΤΙ,Κλάση Γ,8254,13283,0.6,527,Jan-23
11633,ΠΑΓΚΡΑΤΙ,Κλάση Δ,1988,1295,1.5,57,Jan-23
11633,ΠΑΓΚΡΑΤΙ,Κλάση Ε,640,93,6.9,4,Jan-23
11633,ΠΑΓΚΡΑΤΙ ΣΤΑΔΙΟ,Κλάση A,29,737,0.0,25,Jan-23
11633,ΠΑΓΚΡΑΤΙ ΣΤΑΔΙΟ,Κλάση Β,409,1605,0.3,53,Jan-23
11633,ΠΑΓΚΡΑΤΙ ΣΤΑΔΙΟ,Κλάση Γ,161,255,0.6,9,Jan-23
11633,ΠΑΓΚΡΑΤΙ ΣΤΑΔΙΟ,Κλάση Δ,65,38,1.7,2,Jan-23
11634,ΑΘΗΝΑ,Κλάση A,144,4753,0.0,171,Jan-23
11634,ΑΘΗΝΑ,Κλάση Β,1245,5694,0.2,204,Jan-23
11634,ΑΘΗΝΑ,Κλάση Γ,284,465,0.6,18,Jan-23
11634,ΑΘΗΝΑ,Κλάση Δ,163,55,3.0,2,Jan-23
11634,ΠΑΓΚΡΑΤΙ,Κλάση A,3654,114788,0.0,4098,Jan-23
11634,ΠΑΓΚΡΑΤΙ,Κλάση Β,31888,139312,0.2,4885,Jan-23
11634,ΠΑΓΚΡΑΤΙ,Κλάση Γ,6549,10472,0.6,407,Jan-23
11634,ΠΑΓΚΡΑΤΙ,Κλάση Δ,3112,1652,1.9,71,Jan-23
11634,ΠΑΓΚΡΑΤΙ,Κλάση Ε,1072,153,7.0,6,Jan-23
11634,ΠΑΓΚΡΑΤΙ ΧΙΛΤΟΝ,Κλάση A,168,4316,0.0,151,Jan-23
11634,ΠΑΓΚΡΑΤΙ ΧΙΛΤΟΝ,Κλάση Β,1334,5728,0.2,201,Jan-23
11634,ΠΑΓΚΡΑΤΙ ΧΙΛΤΟΝ,Κλάση Γ,218,337,0.7,12,Jan-23
11634,ΠΑΓΚΡΑΤΙ ΧΙΛΤΟΝ,Κλάση Δ,95,62,1.5,2,Jan-23
11634,ΧΙΛΤΟΝ,Κλάση A,4,217,0.0,7,Jan-23
11634,ΧΙΛΤΟΝ,Κλάση Β,278,1116,0.3,36,Jan-23
11634,ΧΙΛΤΟΝ,Κλάση Γ,36,62,0.6,2,Jan-23
11635,ΑΘΗΝΑ,Κλάση A,48,1457,0.0,53,Jan-23
11635,ΑΘΗΝΑ,Κλάση Β,569,2359,0.2,82,Jan-23
11635,ΑΘΗΝΑ,Κλάση Γ,42,69,0.6,4,Jan-23
11635,ΑΘΗΝΑ,Κλάση Δ,95,38,2.5,2,Jan-23
11635,ΓΟΥΒΑ,Κλάση A,4,93,0.0,3,Jan-23
11635,ΓΟΥΒΑ,Κλάση Β,23,124,0.2,4,Jan-23
11635,ΠΑΓΚΡΑΤΙ,Κλάση A,2781,86017,0.0,3126,Jan-23
11635,ΠΑΓΚΡΑΤΙ,Κλάση Β,25728,113174,0.2,3964,Jan-23
11635,ΠΑΓΚΡΑΤΙ,Κλάση Γ,4369,7014,0.6,291,Jan-23
11635,ΠΑΓΚΡΑΤΙ,Κλάση Δ,1737,935,1.9,42,Jan-23
11635,ΠΑΓΚΡΑΤΙ,Κλάση Ε,1222,156,7.8,6,Jan-23
11635,ΠΑΓΚΡΑΤΙ ΣΤΑΔΙΟ,Κλάση A,1197,40469,0.0,1455,Jan-23
11635,ΠΑΓΚΡΑΤΙ ΣΤΑΔΙΟ,Κλάση Β,10369,45454,0.2,1638,Jan-23
11635,ΠΑΓΚΡΑΤΙ ΣΤΑΔΙΟ,Κλάση Γ,2319,3674,0.6,153,Jan-23
11635,ΠΑΓΚΡΑΤΙ ΣΤΑΔΙΟ,Κλάση Δ,2484,1190,2.1,45,Jan-23
11635,ΠΑΓΚΡΑΤΙ ΣΤΑΔΙΟ,Κλάση Ε,7585,124,61.2,4,Jan-23
11636,ΓΟΥΒΑ,Κλάση A,305,10380,0.0,338,Jan-23
11636,ΓΟΥΒΑ,Κλάση Β,4383,18059,0.2,588,Jan-23
11636,ΓΟΥΒΑ,Κλάση Γ,1120,1817,0.6,60,Jan-23
11636,ΓΟΥΒΑ,Κλάση Δ,141,93,1.5,4,Jan-23
11636,ΓΟΥΒΑ,Κλάση Ε,530,62,8.6,2,Jan-23
11636,ΚΥΝΟΣΑΡΓΟΥΣ,Κλάση A,69,2263,0.0,73,Jan-23
11636,ΚΥΝΟΣΑΡΓΟΥΣ,Κλάση Β,882,3379,0.3,109,Jan-23
11636,ΚΥΝΟΣΑΡΓΟΥΣ,Κλάση Γ,258,403,0.6,13,Jan-23
11636,ΜΑΚΡΥΓΙΑΝΝΗ,Κλάση A,17,527,0.0,17,Jan-23
11636,ΜΑΚΡΥΓΙΑΝΝΗ,Κλάση Β,219,899,0.2,29,Jan-23
11636,ΜΑΚΡΥΓΙΑΝΝΗ,Κλάση Γ,96,155,0.6,5,Jan-23
11636,ΜΕΤΣ,Κλάση A,1057,34592,0.0,1144,Jan-23
11636,ΜΕΤΣ,Κλάση Β,11403,46748,0.2,1539,Jan-23
11636,ΜΕΤΣ,Κλάση Γ,3659,5761,0.6,192,Jan-23
11636,ΜΕΤΣ,Κλάση Δ,1501,924,1.6,30,Jan-23
11636,ΜΕΤΣ,Κλάση Ε,1954,124,15.8,4,Jan-23
11636,ΠΑΓΚΡΑΤΙ,Κλάση A,445,14092,0.0,516,Jan-23
11636,ΠΑΓΚΡΑΤΙ,Κλάση Β,5118,20568,0.3,721,Jan-23
11636,ΠΑΓΚΡΑΤΙ,Κλάση Γ,1346,2121,0.6,88,Jan-23
11636,ΠΑΓΚΡΑΤΙ,Κλάση Δ,270,131,2.1,7,Jan-23
11636,ΠΑΓΚΡΑΤΙ ΣΤΑΔΙΟ,Κλάση A,349,11091,0.0,405,Jan-23
11636,ΠΑΓΚΡΑΤΙ ΣΤΑΔΙΟ,Κλάση Β,3821,15665,0.2,551,Jan-23
11636,ΠΑΓΚΡΑΤΙ ΣΤΑΔΙΟ,Κλάση Γ,832,1307,0.6,48,Jan-23
11636,ΠΑΓΚΡΑΤΙ ΣΤΑΔΙΟ,Κλάση Δ,491,213,2.3,8,Jan-23
11741,ΒΕΙΚΟΥ,Κλάση A,342,11811,0.0,381,Jan-23
11741,ΒΕΙΚΟΥ,Κλάση Β,3448,15376,0.2,496,Jan-23
11741,ΒΕΙΚΟΥ,Κλάση Γ,744,1178,0.6,38,Jan-23
11741,ΒΕΙΚΟΥ,Κλάση Δ,433,310,1.4,10,Jan-23
11741,ΒΕΙΚΟΥ ΜΑΚΡΥΓΙΑΝΝΗ,Κλάση A,88,2787,0.0,91,Jan-23
11741,ΒΕΙΚΟΥ ΜΑΚΡΥΓΙΑΝΝΗ,Κλάση Β,1063,4486,0.2,146,Jan-23
11741,ΒΕΙΚΟΥ ΜΑΚΡΥΓΙΑΝΝΗ,Κλάση Γ,124,217,0.6,7,Jan-23
11741,ΒΕΙΚΟΥ ΜΑΚΡΥΓΙΑΝΝΗ,Κλάση Δ,109,62,1.8,2,Jan-23
11741,ΒΕΙΚΟΥ ΦΙΛΟΠΑΠΠΟΥ,Κλάση A,119,3906,0.0,126,Jan-23
11741,ΒΕΙΚΟΥ ΦΙΛΟΠΑΠΠΟΥ,Κλάση Β,1215,4991,0.2,161,Jan-23
11741,ΒΕΙΚΟΥ ΦΙΛΟΠΑΠΠΟΥ,Κλάση Γ,262,403,0.7,13,Jan-23
11741,ΒΕΙΚΟΥ ΦΙΛΟΠΑΠΠΟΥ,Κλάση Δ,97,62,1.6,2,Jan-23
11741,ΚΟΥΚΑΚΙ,Κλάση A,1756,53135,0.0,1715,Jan-23
11741,ΚΟΥΚΑΚΙ,Κλάση Β,14369,62853,0.2,2029,Jan-23
11741,ΚΟΥΚΑΚΙ,Κλάση Γ,3193,5040,0.6,163,Jan-23
11741,ΚΟΥΚΑΚΙ,Κλάση Δ,2311,1222,1.9,40,Jan-23
11741,ΚΟΥΚΑΚΙ,Κλάση Ε,713,62,11.5,2,Jan-23
11741,ΜΑΚΡΥΓΙΑΝΝΗ,Κλάση A,31,1488,0.0,48,Jan-23
11741,ΜΑΚΡΥΓΙΑΝΝΗ,Κλάση Β,199,961,0.2,31,Jan-23
11741,ΜΑΚΡΥΓΙΑΝΝΗ,Κλάση Γ,313,403,0.8,13,Jan-23
11741,ΜΑΚΡΥΓΙΑΝΝΗ,Κλάση Δ,462,279,1.7,9,Jan-23
11741,ΦΙΛΟΠΑΠΠΟΥ,Κλάση A,1089,38227,0.0,1235,Jan-23
11741,ΦΙΛΟΠΑΠΠΟΥ,Κλάση Β,12822,53383,0.2,1723,Jan-23
11741,ΦΙΛΟΠΑΠΠΟΥ,Κλάση Γ,3607,5797,0.6,187,Jan-23
11741,ΦΙΛΟΠΑΠΠΟΥ,Κλάση Δ,547,367,1.5,12,Jan-23
11742,ΒΕΙΚΟΥ,Κλάση A,1064,34567,0.0,1117,Jan-23
11742,ΒΕΙΚΟΥ,Κλάση Β,8812,38633,0.2,1247,Jan-23
11742,ΒΕΙΚΟΥ,Κλάση Γ,2505,3813,0.7,123,Jan-23
11742,ΒΕΙΚΟΥ,Κλάση Δ,2303,1302,1.8,42,Jan-23
11742,ΒΕΙΚΟΥ,Κλάση Ε,4171,279,15.0,9,Jan-23
11742,ΚΟΥΚΑΚΙ,Κλάση A,557,16288,0.0,527,Jan-23
11742,ΚΟΥΚΑΚΙ,Κλάση Β,4743,20511,0.2,662,Jan-23
11742,ΚΟΥΚΑΚΙ,Κλάση Γ,903,1346,0.7,44,Jan-23
11742,ΚΟΥΚΑΚΙ,Κλάση Δ,1442,682,2.1,22,Jan-23
11742,ΚΟΥΚΑΚΙ,Κλάση Ε,540,62,8.7,2,Jan-23
11742,ΜΑΚΡΥΓΙΑΝΝΗ,Κλάση A,631,20924,0.0,676,Jan-23
11742,ΜΑΚΡΥΓΙΑΝΝΗ,Κλάση Β,4660,19617,0.2,634,Jan-23
11742,ΜΑΚΡΥΓΙΑΝΝΗ,Κλάση Γ,1809,2569,0.7,83,Jan-23
11742,ΜΑΚΡΥΓΙΑΝΝΗ,Κλάση Δ,3010,1550,1.9,50,Jan-23
11742,ΜΑΚΡΥΓΙΑΝΝΗ,Κλάση Ε,3959,156,25.4,6,Jan-23
11743,ΒΕΙΚΟΥ,Κλάση A,216,6682,0.0,216,Jan-23
11743,ΒΕΙΚΟΥ,Κλάση Β,1414,6152,0.2,199,Jan-23
11743,ΒΕΙΚΟΥ,Κλάση Γ,213,341,0.6,11,Jan-23
11743,ΒΕΙΚΟΥ,Κλάση Δ,177,93,1.9,3,Jan-23
11743,ΒΕΙΚΟΥ,Κλάση Ε,346,62,5.6,2,Jan-23
11743,ΒΕΙΚΟΥ ΜΑΚΡΥΓΙΑΝΝΗ,Κλάση A,210,5859,0.0,189,Jan-23
11743,ΒΕΙΚΟΥ ΜΑΚΡΥΓΙΑΝΝΗ,Κλάση Β,1373,5983,0.2,193,Jan-23
11743,ΒΕΙΚΟΥ ΜΑΚΡΥΓΙΑΝΝΗ,Κλάση Γ,333,496,0.7,16,Jan-23
11743,ΒΕΙΚΟΥ ΜΑΚΡΥΓΙΑΝΝΗ,Κλάση Δ,120,93,1.3,3,Jan-23
11743,ΓΟΥΒΑ,Κλάση A,175,4991,0.0,161,Jan-23
11743,ΓΟΥΒΑ,Κλάση Β,1989,8370,0.2,270,Jan-23
11743,ΓΟΥΒΑ,Κλάση Γ,542,899,0.6,29,Jan-23
11743,ΚΥΝΟΣΑΡΓΟΥΣ,Κλάση A,3517,112754,0.0,3639,Jan-23
11743,ΚΥΝΟΣΑΡΓΟΥΣ,Κλάση Β,38433,161583,0.2,5215,Jan-23
11743,ΚΥΝΟΣΑΡΓΟΥΣ,Κλάση Γ,9411,15401,0.6,498,Jan-23
11743,ΚΥΝΟΣΑΡΓΟΥΣ,Κλάση Δ,2242,1233,1.8,42,Jan-23
11743,ΚΥΝΟΣΑΡΓΟΥΣ,Κλάση Ε,459,62,7.4,2,Jan-23
11743,ΚΥΝΟΣΑΡΓΟΥΣ ΝΕΟΣ ΚΟΣΜΟΣ,Κλάση A,115,4526,0.0,146,Jan-23
11743,ΚΥΝΟΣΑΡΓΟΥΣ ΝΕΟΣ ΚΟΣΜΟΣ,Κλάση Β,1409,6076,0.2,196,Jan-23
11743,ΚΥΝΟΣΑΡΓΟΥΣ ΝΕΟΣ ΚΟΣΜΟΣ,Κλάση Γ,280,465,0.6,15,Jan-23
11743,ΚΥΝΟΣΑΡΓΟΥΣ ΝΕΟΣ ΚΟΣΜΟΣ,Κλάση Δ,236,186,1.3,6,Jan-23
11743,ΜΑΚΡΥΓΙΑΝΝΗ,Κλάση A,147,5146,0.0,166,Jan-23
11743,ΜΑΚΡΥΓΙΑΝΝΗ,Κλάση Β,1150,5394,0.2,174,Jan-23
11743,ΜΑΚΡΥΓΙΑΝΝΗ,Κλάση Γ,364,589,0.6,19,Jan-23
11743,ΜΑΚΡΥΓΙΑΝΝΗ,Κλάση Δ,610,372,1.6,12,Jan-23
11743,ΜΕΤΣ,Κλάση A,153,5673,0.0,183,Jan-23
11743,ΜΕΤΣ,Κλάση Β,1399,6107,0.2,197,Jan-23
11743,ΜΕΤΣ,Κλάση Γ,376,589,0.6,19,Jan-23
11743,ΜΕΤΣ,Κλάση Δ,232,186,1.3,6,Jan-23
11743,ΝΕΟΣ ΚΟΣΜΟΣ,Κλάση A,77,2232,0.0,72,Jan-23
11743,ΝΕΟΣ ΚΟΣΜΟΣ,Κλάση Β,941,3441,0.3,111,Jan-23
11743,ΝΕΟΣ ΚΟΣΜΟΣ,Κλάση Γ,365,589,0.6,19,Jan-23
11743,ΝΕΟΣ ΚΟΣΜΟΣ,Κλάση Δ,248,124,2.0,4,Jan-23
11744,ΑΓ. ΓΕΩΡΓΙΟΣ,Κλάση A,1216,38675,0.0,1249,Jan-23
11744,ΑΓ. ΓΕΩΡΓΙΟΣ,Κλάση Β,16767,66202,0.3,2136,Jan-23
11744,ΑΓ. ΓΕΩΡΓΙΟΣ,Κλάση Γ,4391,7223,0.6,233,Jan-23
11744,ΑΓ. ΓΕΩΡΓΙΟΣ,Κλάση Δ,294,231,1.3,8,Jan-23
11744,ΑΓ. ΙΩΑΝΝΗΣ,Κλάση A,28,1302,0.0,42,Jan-23
11744,ΑΓ. ΙΩΑΝΝΗΣ,Κλάση Β,241,930,0.3,30,Jan-23
11744,ΑΓ. ΙΩΑΝΝΗΣ,Κλάση Γ,81,124,0.7,4,Jan-23
11744,ΑΓ. ΣΩΣΤΗΣ,Κλάση A,74,2604,0.0,84,Jan-23
11744,ΑΓ. ΣΩΣΤΗΣ,Κλάση Β,862,3596,0.2,116,Jan-23
11744,ΑΓ. ΣΩΣΤΗΣ,Κλάση Γ,293,434,0.7,14,Jan-23
11744,ΑΘΗΝΑ,Κλάση A,59,2294,0.0,74,Jan-23
11744,ΑΘΗΝΑ,Κλάση Β,735,2697,0.3,87,Jan-23
11744,ΑΘΗΝΑ,Κλάση Γ,117,186,0.6,6,Jan-23
11744,ΓΟΥΒΑ,Κλάση A,55,1116,0.1,36,Jan-23
11744,ΓΟΥΒΑ,Κλάση Β,439,1674,0.3,54,Jan-23
11744,ΓΟΥΒΑ,Κλάση Γ,106,155,0.7,5,Jan-23
11744,ΚΥΝΟΣΑΡΓΟΥΣ,Κλάση A,83,2635,0.0,85,Jan-23
11744,ΚΥΝΟΣΑΡΓΟΥΣ,Κλάση Β,947,3937,0.2,127,Jan-23
11744,ΚΥΝΟΣΑΡΓΟΥΣ,Κλάση Γ,260,403,0.7,13,Jan-23
11744,ΚΥΝΟΣΑΡΓΟΥΣ ΝΕΟΣ ΚΟΣΜΟΣ,Κλάση A,1,279,0.0,9,Jan-23
11744,ΚΥΝΟΣΑΡΓΟΥΣ ΝΕΟΣ ΚΟΣΜΟΣ,Κλάση Β,33,93,0.4,3,Jan-23
11744,ΜΕΤΣ,Κλάση A,3,124,0.0,4,Jan-23
11744,ΜΕΤΣ,Κλάση Β,31,124,0.3,4,Jan-23
11744,ΝΕΟΣ ΚΟΣΜΟΣ,Κλάση A,2223,68621,0.0,2215,Jan-23
11744,ΝΕΟΣ ΚΟΣΜΟΣ,Κλάση Β,27685,110851,0.3,3576,Jan-23
11744,ΝΕΟΣ ΚΟΣΜΟΣ,Κλάση Γ,7424,12059,0.6,389,Jan-23
11744,ΝΕΟΣ ΚΟΣΜΟΣ,Κλάση Δ,1873,1054,1.8,34,Jan-23
11744,ΝΕΟΣ ΚΟΣΜΟΣ,Κλάση Ε,578,93,6.2,3,Jan-23
11744,ΝΕΟΣ ΚΟΣΜΟΣ ΑΓ. ΓΕΩΡΓΙΟΣ,Κλάση A,27,620,0.0,20,Jan-23
11744,ΝΕΟΣ ΚΟΣΜΟΣ ΑΓ. ΓΕΩΡΓΙΟΣ,Κλάση Β,269,1023,0.3,33,Jan-23
11744,ΝΕΟΣ ΚΟΣΜΟΣ ΑΓ. ΓΕΩΡΓΙΟΣ,Κλάση Γ,76,124,0.6,4,Jan-23
11745,ΑΓ. ΓΕΩΡΓΙΟΣ,Κλάση A,282,8091,0.0,261,Jan-23
11745,ΑΓ. ΓΕΩΡΓΙΟΣ,Κλάση Β,3798,15221,0.3,491,Jan-23
11745,ΑΓ. ΓΕΩΡΓΙΟΣ,Κλάση Γ,845,1395,0.6,45,Jan-23
11745,ΑΓ. ΓΕΩΡΓΙΟΣ,Κλάση Δ,178,124,1.4,4,Jan-23
11745,ΑΓ. ΣΩΣΤΗΣ,Κλάση A,1996,63808,0.0,2061,Jan-23
11745,ΑΓ. ΣΩΣΤΗΣ,Κλάση Β,24021,97888,0.3,3160,Jan-23
11745,ΑΓ. ΣΩΣΤΗΣ,Κλάση Γ,5923,9709,0.6,314,Jan-23
11745,ΑΓ. ΣΩΣΤΗΣ,Κλάση Δ,1748,1100,1.6,36,Jan-23
11745,ΑΓ. ΣΩΣΤΗΣ,Κλάση Ε,1970,186,10.6,6,Jan-23
11745,ΑΘΗΝΑ,Κλάση A,84,3441,0.0,111,Jan-23
11745,ΑΘΗΝΑ,Κλάση Β,1231,5332,0.2,172,Jan-23
11745,ΑΘΗΝΑ,Κλάση Γ,233,372,0.6,12,Jan-23
11745,ΑΘΗΝΑ,Κλάση Δ,479,155,3.1,5,Jan-23
11745,ΒΕΙΚΟΥ,Κλάση A,16,961,0.0,31,Jan-23
11745,ΒΕΙΚΟΥ,Κλάση Β,142,682,0.2,22,Jan-23
11745,ΒΕΙΚΟΥ ΜΑΚΡΥΓΙΑΝΝΗ,Κλάση A,26,558,0.1,18,Jan-23
11745,ΒΕΙΚΟΥ ΜΑΚΡΥΓΙΑΝΝΗ,Κλάση Β,75,279,0.3,9,Jan-23
11745,ΒΕΙΚΟΥ ΜΑΚΡΥΓΙΑΝΝΗ,Κλάση Δ,109,62,1.8,2,Jan-23
11745,ΚΟΥΚΑΚΙ,Κλάση A,12,682,0.0,22,Jan-23
11745,ΚΟΥΚΑΚΙ,Κλάση Β,69,217,0.3,7,Jan-23
11745,ΚΥΝΟΣΑΡΓΟΥΣ,Κλάση A,229,7316,0.0,236,Jan-23
11745,ΚΥΝΟΣΑΡΓΟΥΣ,Κλάση Β,1950,8308,0.2,268,Jan-23
11745,ΚΥΝΟΣΑΡΓΟΥΣ,Κλάση Γ,441,682,0.7,22,Jan-23
11745,ΚΥΝΟΣΑΡΓΟΥΣ,Κλάση Δ,138,93,1.5,3,Jan-23
11745,ΚΥΝΟΣΑΡΓΟΥΣ ΝΕΟΣ ΚΟΣΜΟΣ,Κλάση A,44,1178,0.0,38,Jan-23
11745,ΚΥΝΟΣΑΡΓΟΥΣ ΝΕΟΣ ΚΟΣΜΟΣ,Κλάση Β,296,1395,0.2,45,Jan-23
11745,ΚΥΝΟΣΑΡΓΟΥΣ ΝΕΟΣ ΚΟΣΜΟΣ,Κλάση Γ,54,93,0.6,3,Jan-23
11745,ΜΑΚΡΥΓΙΑΝΝΗ,Κλάση A,59,3155,0.0,102,Jan-23
11745,ΜΑΚΡΥΓΙΑΝΝΗ,Κλάση Β,504,2077,0.2,67,Jan-23
11745,ΜΑΚΡΥΓΙΑΝΝΗ,Κλάση Γ,295,403,0.7,13,Jan-23
11745,ΜΑΚΡΥΓΙΑΝΝΗ,Κλάση Δ,512,279,1.8,9,Jan-23
11745,ΜΑΚΡΥΓΙΑΝΝΗ,Κλάση Ε,9937,155,64.1,5,Jan-23
11745,ΝΕΟΣ ΚΟΣΜΟΣ,Κλάση A,579,20930,0.0,676,Jan-23
11745,ΝΕΟΣ ΚΟΣΜΟΣ,Κλάση Β,7848,32034,0.2,1034,Jan-23
11745,ΝΕΟΣ ΚΟΣΜΟΣ,Κλάση Γ,1563,2619,0.6,85,Jan-23
11745,ΝΕΟΣ ΚΟΣΜΟΣ,Κλάση Δ,440,217,2.0,7,Jan-23
11851,ΑΝΩ ΠΕΤΡΑΛΩΝΑ,Κλάση A,1334,41895,0.0,1498,Jan-23
11851,ΑΝΩ ΠΕΤΡΑΛΩΝΑ,Κλάση Β,16547,66420,0.3,2337,Jan-23
11851,ΑΝΩ ΠΕΤΡΑΛΩΝΑ,Κλάση Γ,4429,7254,0.6,284,Jan-23
11851,ΑΝΩ ΠΕΤΡΑΛΩΝΑ,Κλάση Δ,1595,935,1.7,39,Jan-23
11851,ΘΗΣΕΙΟ,Κλάση A,1079,35997,0.0,1292,Jan-23
11851,ΘΗΣΕΙΟ,Κλάση Β,10723,44410,0.2,1598,Jan-23
11851,ΘΗΣΕΙΟ,Κλάση Γ,2733,4310,0.6,174,Jan-23
11851,ΘΗΣΕΙΟ,Κλάση Δ,1194,729,1.6,32,Jan-23
11851,ΘΗΣΕΙΟ,Κλάση Ε,759,113,6.7,4,Jan-23
11851,ΠΕΤΡΑΛΩΝΑ,Κλάση A,85,2373,0.0,89,Jan-23
11851,ΠΕΤΡΑΛΩΝΑ,Κλάση Β,980,3937,0.3,143,Jan-23
11851,ΠΕΤΡΑΛΩΝΑ,Κλάση Γ,332,553,0.6,23,Jan-23
11851,ΠΕΤΡΑΛΩΝΑ,Κλάση Δ,168,112,1.5,5,Jan-23
11851,ΠΕΤΡΑΛΩΝΑ ΣΥΝ ΠΕΡΙΚΛΕΟΥΣ,Κλάση A,24,1111,0.0,41,Jan-23
11851,ΠΕΤΡΑΛΩΝΑ ΣΥΝ ΠΕΡΙΚΛΕΟΥΣ,Κλάση Β,722,2826,0.3,99,Jan-23
11851,ΠΕΤΡΑΛΩΝΑ ΣΥΝ ΠΕΡΙΚΛΕΟΥΣ,Κλάση Γ,213,328,0.7,14,Jan-23
11852,ΑΝΩ ΠΕΤΡΑΛΩΝΑ,Κλάση A,1563,49678,0.0,1789,Jan-23
11852,ΑΝΩ ΠΕΤΡΑΛΩΝΑ,Κλάση Β,23585,92253,0.3,3227,Jan-23
11852,ΑΝΩ ΠΕΤΡΑΛΩΝΑ,Κλάση Γ,6548,10571,0.6,414,Jan-23
11852,ΑΝΩ ΠΕΤΡΑΛΩΝΑ,Κλάση Δ,1626,913,1.8,40,Jan-23
11852,ΒΕΙΚΟΥ ΦΙΛΟΠΑΠΠΟΥ,Κλάση A,21,620,0.0,20,Jan-23
11852,ΒΕΙΚΟΥ ΦΙΛΟΠΑΠΠΟΥ,Κλάση Β,173,726,0.2,24,Jan-23
11852,ΒΕΙΚΟΥ ΦΙΛΟΠΑΠΠΟΥ,Κλάση Γ,92,142,0.7,5,Jan-23
11852,ΦΙΛΟΠΑΠΠΟΥ,Κλάση A,23,682,0.0,22,Jan-23
11852,ΦΙΛΟΠΑΠΠΟΥ,Κλάση Β,389,1488,0.3,48,Jan-23
11852,ΦΙΛΟΠΑΠΠΟΥ,Κλάση Γ,226,341,0.7,11,Jan-23
11853,ΚΑΤΩ ΠΕΤΡΑΛΩΝΑ,Κλάση A,2828,85616,0.0,3081,Jan-23
11853,ΚΑΤΩ ΠΕΤΡΑΛΩΝΑ,Κλάση Β,37628,148386,0.3,5228,Jan-23
11853,ΚΑΤΩ ΠΕΤΡΑΛΩΝΑ,Κλάση Γ,10297,16566,0.6,650,Jan-23
11853,ΚΑΤΩ ΠΕΤΡΑΛΩΝΑ,Κλάση Δ,1857,1205,1.5,55,Jan-23
11853,ΚΑΤΩ ΠΕΤΡΑΛΩΝΑ,Κλάση Ε,5649,209,27.0,7,Jan-23
11853,ΠΕΤΡΑΛΩΝΑ,Κλάση A,78,2100,0.0,78,Jan-23
11853,ΠΕΤΡΑΛΩΝΑ,Κλάση Β,1028,4101,0.3,143,Jan-23
11853,ΠΕΤΡΑΛΩΝΑ,Κλάση Γ,360,589,0.6,22,Jan-23
11854,ΓΚΑΖΟΧΩΡΙ,Κλάση A,260,10670,0.0,389,Jan-23
11854,ΓΚΑΖΟΧΩΡΙ,Κλάση Β,2921,11976,0.2,434,Jan-23
11854,ΓΚΑΖΟΧΩΡΙ,Κλάση Γ,1293,1822,0.7,78,Jan-23
11854,ΓΚΑΖΟΧΩΡΙ,Κλάση Δ,2686,1370,2.0,53,Jan-23
11854,ΓΚΑΖΟΧΩΡΙ,Κλάση Ε,1076,121,8.9,5,Jan-23
11854,ΚΑΤΩ ΠΕΤΡΑΛΩΝΑ,Κλάση A,703,24124,0.0,867,Jan-23
11854,ΚΑΤΩ ΠΕΤΡΑΛΩΝΑ,Κλάση Β,10528,41658,0.3,1457,Jan-23
11854,ΚΑΤΩ ΠΕΤΡΑΛΩΝΑ,Κλάση Γ,3222,5102,0.6,199,Jan-23
11854,ΚΑΤΩ ΠΕΤΡΑΛΩΝΑ,Κλάση Δ,1648,784,2.1,34,Jan-23
11854,ΚΑΤΩ ΠΕΤΡΑΛΩΝΑ,Κλάση Ε,3752,320,11.7,12,Jan-23
11854,ΚΕΝΤΡΟ,Κλάση Δ,203,93,2.2,3,Jan-23
11854,ΜΕΤΑΞΟΥΡΓΕΙΟ,Κλάση A,44,1695,0.0,61,Jan-23
11854,ΜΕΤΑΞΟΥΡΓΕΙΟ,Κλάση Β,403,1801,0.2,66,Jan-23
11854,ΜΕΤΑΞΟΥΡΓΕΙΟ,Κλάση Γ,214,311,0.7,15,Jan-23
11854,ΜΕΤΑΞΟΥΡΓΕΙΟ,Κλάση Δ,241,86,2.8,4,Jan-23
11854,ΡΟΥΦ,Κλάση A,169,6817,0.0,244,Jan-23
11854,ΡΟΥΦ,Κλάση Β,2455,10105,0.2,353,Jan-23
11854,ΡΟΥΦ,Κλάση Γ,581,887,0.7,34,Jan-23
11854,ΡΟΥΦ,Κλάση Δ,941,449,2.1,16,Jan-23
11854,ΡΟΥΦ,Κλάση Ε,297,47,6.3,3,Jan-23
11854,ΤΑΥΡΟΣ,Κλάση A,0,124,0.0,4,Jan-23
11854,ΤΑΥΡΟΣ,Κλάση Β,11,67,0.2,3,Jan-23
11855,ΒΟΤΑΝΙΚΟΣ,Κλάση A,1041,36563,0.0,1319,Jan-23
11855,ΒΟΤΑΝΙΚΟΣ,Κλάση Β,13257,52680,0.3,1860,Jan-23
11855,ΒΟΤΑΝΙΚΟΣ,Κλάση Γ,4327,6806,0.6,281,Jan-23
11855,ΒΟΤΑΝΙΚΟΣ,Κλάση Δ,3293,1642,2.0,67,Jan-23
11855,ΒΟΤΑΝΙΚΟΣ,Κλάση Ε,3375,342,9.9,13,Jan-23
12131,Ν. ΚΟΛΟΚΥΝΘΟΥ,Κλάση A,29,862,0.0,32,Jan-23
12131,Ν. ΚΟΛΟΚΥΝΘΟΥ,Κλάση Β,310,1309,0.2,49,Jan-23
12131,Ν. ΚΟΛΟΚΥΝΘΟΥ,Κλάση Γ,196,289,0.7,11,Jan-23
12131,Ν. ΚΟΛΟΚΥΝΘΟΥ,Κλάση Δ,128,44,2.9,2,Jan-23
12131,Ν. ΚΟΛΟΚΥΝΘΟΥ,Κλάση Ε,475,42,11.3,2,Jan-23
12131,ΠΕΡΙΣΤΕΡΙ,Κλάση A,2321,75414,0.0,2752,Jan-23
12131,ΠΕΡΙΣΤΕΡΙ,Κλάση Β,46212,168879,0.3,5816,Jan-23
12131,ΠΕΡΙΣΤΕΡΙ,Κλάση Γ,17682,28162,0.6,1068,Jan-23
12131,ΠΕΡΙΣΤΕΡΙ,Κλάση Δ,5197,2990,1.7,126,Jan-23
12131,ΠΕΡΙΣΤΕΡΙ,Κλάση Ε,5508,474,11.6,21,Jan-23
12132,ΚΟΛΟΚΥΝΘΟΥ,Κλάση A,83,2423,0.0,88,Jan-23
12132,ΚΟΛΟΚΥΝΘΟΥ,Κλάση Β,1008,3708,0.3,131,Jan-23
12132,ΚΟΛΟΚΥΝΘΟΥ,Κλάση Γ,404,615,0.7,23,Jan-23
12132,ΚΟΛΟΚΥΝΘΟΥ,Κλάση Δ,340,168,2.0,7,Jan-23
12132,ΜΠΟΥΡΝΑΖΙ,Κλάση A,2,85,0.0,4,Jan-23
12132,ΜΠΟΥΡΝΑΖΙ,Κλάση Β,47,179,0.3,7,Jan-23
12132,ΜΠΟΥΡΝΑΖΙ,Κλάση Γ,76,124,0.6,4,Jan-23
12132,Ν. ΚΟΛΟΚΥΝΘΟΥ,Κλάση A,644,19789,0.0,727,Jan-23
12132,Ν. ΚΟΛΟΚΥΝΘΟΥ,Κλάση Β,9129,34689,0.3,1239,Jan-23
12132,Ν. ΚΟΛΟΚΥΝΘΟΥ,Κλάση Γ,4647,7056,0.7,290,Jan-23
12132,Ν. ΚΟΛΟΚΥΝΘΟΥ,Κλάση Δ,4332,2083,2.1,81,Jan-23
12132,Ν. ΚΟΛΟΚΥΝΘΟΥ,Κλάση Ε,5830,282,20.7,11,Jan-23
12132,ΠΕΡΙΣΤΕΡΙ,Κλάση A,1165,38280,0.0,1377,Jan-23
12132,ΠΕΡΙΣΤΕΡΙ,Κλάση Β,22841,83923,0.3,2911,Jan-23
12132,ΠΕΡΙΣΤΕΡΙ,Κλάση Γ,8947,14229,0.6,560,Jan-23
12132,ΠΕΡΙΣΤΕΡΙ,Κλάση Δ,3347,1915,1.8,79,Jan-23
12132,ΠΕΡΙΣΤΕΡΙ,Κλάση Ε,1119,124,9.0,4,Jan-23
12133,ΜΠΟΥΡΝΑΖΙ,Κλάση A,1867,57837,0.0,2074,Jan-23
12133,ΜΠΟΥΡΝΑΖΙ,Κλάση Β,37328,135323,0.3,4699,Jan-23
12133,ΜΠΟΥΡΝΑΖΙ,Κλάση Γ,17152,27090,0.6,1020,Jan-23
12133,ΜΠΟΥΡΝΑΖΙ,Κλάση Δ,3406,2132,1.6,88,Jan-23
12133,ΜΠΟΥΡΝΑΖΙ,Κλάση Ε,3739,203,18.4,8,Jan-23
12133,Ν. ΚΟΛΟΚΥΝΘΟΥ,Κλάση A,0,45,0.0,2,Jan-23
12133,Ν. ΚΟΛΟΚΥΝΘΟΥ,Κλάση Β,58,234,0.3,8,Jan-23
12133,ΠΕΡΙΣΤΕΡΙ,Κλάση A,151,4244,0.0,157,Jan-23
12133,ΠΕΡΙΣΤΕΡΙ,Κλάση Β,2131,8038,0.3,290,Jan-23
12133,ΠΕΡΙΣΤΕΡΙ,Κλάση Γ,694,1114,0.6,42,Jan-23
12133,ΠΕΡΙΣΤΕΡΙ,Κλάση Δ,470,232,2.0,9,Jan-23
12134,ΑΝΘΟΥΠΟΛΗ,Κλάση A,20,744,0.0,24,Jan-23
12134,ΑΝΘΟΥΠΟΛΗ,Κλάση Β,389,1519,0.3,49,Jan-23
12134,ΑΝΘΟΥΠΟΛΗ,Κλάση Γ,251,372,0.7,12,Jan-23
12134,ΑΝΘΟΥΠΟΛΗ,Κλάση Δ,181,124,1.5,4,Jan-23
12134,ΑΣΠΡΑ ΧΩΜΑΤΑ,Κλάση A,11,372,0.0,50,Jan-23
12134,ΑΣΠΡΑ ΧΩΜΑΤΑ,Κλάση Β,109,465,0.2,15,Jan-23
12134,ΑΣΠΡΑ ΧΩΜΑΤΑ,Κλάση Γ,39,62,0.6,2,Jan-23
12134,Ν. ΚΟΛΟΚΥΝΘΟΥ,Κλάση A,5,93,0.1,3,Jan-23
12134,ΠΕΡΙΣΤΕΡΙ,Κλάση A,2335,71328,0.0,2547,Jan-23
12134,ΠΕΡΙΣΤΕΡΙ,Κλάση Β,34274,130491,0.3,4474,Jan-23
12134,ΠΕΡΙΣΤΕΡΙ,Κλάση Γ,13730,21571,0.6,801,Jan-23
12134,ΠΕΡΙΣΤΕΡΙ,Κλάση Δ,5500,2952,1.9,113,Jan-23
12134,ΠΕΡΙΣΤΕΡΙ,Κλάση Ε,2030,257,7.9,9,Jan-23
12135,ΑΓ. ΙΕΡΟΘΕΟΣ,Κλάση A,29,930,0.0,30,Jan-23
12135,ΑΓ. ΙΕΡΟΘΕΟΣ,Κλάση Β,225,868,0.3,28,Jan-23
12135,ΑΓ. ΙΕΡΟΘΕΟΣ,Κλάση Γ,58,93,0.6,3,Jan-23
12135,ΑΝΘΟΥΠΟΛΗ,Κλάση A,1720,54985,0.0,1848,Jan-23
12135,ΑΝΘΟΥΠΟΛΗ,Κλάση Β,33407,122977,0.3,4084,Jan-23
12135,ΑΝΘΟΥΠΟΛΗ,Κλάση Γ,13122,21052,0.6,725,Jan-23
12135,ΑΝΘΟΥΠΟΛΗ,Κλάση Δ,2053,1062,1.9,40,Jan-23
12135,ΑΣΠΡΑ ΧΩΜΑΤΑ,Κλάση A,1112,32739,0.0,1074,Jan-23
12135,ΑΣΠΡΑ ΧΩΜΑΤΑ,Κλάση Β,24847,87716,0.3,2830,Jan-23
12135,ΑΣΠΡΑ ΧΩΜΑΤΑ,Κλάση Γ,10062,16124,0.6,521,Jan-23
12135,ΑΣΠΡΑ ΧΩΜΑΤΑ,Κλάση Δ,977,751,1.3,25,Jan-23
12135,ΑΣΠΡΑ ΧΩΜΑΤΑ,Κλάση Ε,414,62,6.7,2,Jan-23
12135,ΠΕΡΙΣΤΕΡΙ,Κλάση A,430,13183,0.0,431,Jan-23
12135,ΠΕΡΙΣΤΕΡΙ,Κλάση Β,10061,36087,0.3,1173,Jan-23
12135,ΠΕΡΙΣΤΕΡΙ,Κλάση Γ,4692,7546,0.6,248,Jan-23
12135,ΠΕΡΙΣΤΕΡΙ,Κλάση Δ,845,490,1.7,16,Jan-23
12135,ΠΕΡΙΣΤΕΡΙ,Κλάση Ε,2482,124,20.0,4,Jan-23
12136,ΑΣΠΡΑ ΧΩΜΑΤΑ,Κλάση A,40,1209,0.0,44,Jan-23
12136,ΑΣΠΡΑ ΧΩΜΑΤΑ,Κλάση Β,936,3445,0.3,112,Jan-23
12136,ΑΣΠΡΑ ΧΩΜΑΤΑ,Κλάση Γ,571,895,0.6,29,Jan-23
12136,ΠΕΡΙΣΤΕΡΙ,Κλάση A,2404,71862,0.0,5465,Jan-23
12136,ΠΕΡΙΣΤΕΡΙ,Κλάση Β,53400,191915,0.3,6499,Jan-23
12136,ΠΕΡΙΣΤΕΡΙ,Κλάση Γ,23097,37029,0.6,1325,Jan-23
12136,ΠΕΡΙΣΤΕΡΙ,Κλάση Δ,2942,1873,1.6,70,Jan-23
12136,ΠΕΡΙΣΤΕΡΙ,Κλάση Ε,1802,124,14.5,4,Jan-23
12137,ΑΓ. ΙΕΡΟΘΕΟΣ,Κλάση A,808,26229,0.0,849,Jan-23
12137,ΑΓ. ΙΕΡΟΘΕΟΣ,Κλάση Β,19778,68654,0.3,2216,Jan-23
12137,ΑΓ. ΙΕΡΟΘΕΟΣ,Κλάση Γ,7883,12620,0.6,408,Jan-23
12137,ΑΓ. ΙΕΡΟΘΕΟΣ,Κλάση Δ,698,403,1.7,13,Jan-23
12137,ΑΓ. ΙΕΡΟΘΕΟΣ,Κλάση Ε,6052,186,32.5,6,Jan-23
12137,ΑΝΘΟΥΠΟΛΗ,Κλάση A,10,434,0.0,14,Jan-23
12137,ΑΝΘΟΥΠΟΛΗ,Κλάση Β,181,744,0.2,24,Jan-23
12137,ΑΝΘΟΥΠΟΛΗ,Κλάση Γ,95,155,0.6,5,Jan-23
12137,ΑΣΠΡΑ ΧΩΜΑΤΑ,Κλάση A,1141,35503,0.0,1149,Jan-23
12137,ΑΣΠΡΑ ΧΩΜΑΤΑ,Κλάση Β,33337,117377,0.3,3788,Jan-23
12137,ΑΣΠΡΑ ΧΩΜΑΤΑ,Κλάση Γ,13879,22364,0.6,722,Jan-23
12137,ΑΣΠΡΑ ΧΩΜΑΤΑ,Κλάση Δ,1240,666,1.9,22,Jan-23
12137,ΑΣΠΡΑ ΧΩΜΑΤΑ,Κλάση Ε,1151,62,18.6,2,Jan-23
12137,ΛΟΦΟΣ ΑΞ/ΚΩΝ,Κλάση Β,108,341,0.3,11,Jan-23
12137,ΠΕΡΙΣΤΕΡΙ,Κλάση A,791,23857,0.0,787,Jan-23
12137,ΠΕΡΙΣΤΕΡΙ,Κλάση Β,21976,76941,0.3,2483,Jan-23
12137,ΠΕΡΙΣΤΕΡΙ,Κλάση Γ,8706,14136,0.6,456,Jan-23
12137,ΠΕΡΙΣΤΕΡΙ,Κλάση Δ,819,527,1.6,17,Jan-23
12137,ΧΡΥΣΟΥΠΟΛΗ,Κλάση A,35,1302,0.0,42,Jan-23
12137,ΧΡΥΣΟΥΠΟΛΗ,Κλάση Β,991,3782,0.3,122,Jan-23
12137,ΧΡΥΣΟΥΠΟΛΗ,Κλάση Γ,616,961,0.6,31,Jan-23
12137,ΧΡΥΣΟΥΠΟΛΗ,Κλάση Δ,157,93,1.7,3,Jan-23
12241,ΑΓ. ΣΑΒΒΑΣ,Κλάση A,45,2193,0.0,71,Jan-23
12241,ΑΓ. ΣΑΒΒΑΣ,Κλάση Β,749,2666,0.3,86,Jan-23
12241,ΑΓ. ΣΑΒΒΑΣ,Κλάση Γ,790,1085,0.7,35,Jan-23
12241,ΑΓ. ΣΑΒΒΑΣ,Κλάση Δ,1014,589,1.7,19,Jan-23
12241,ΑΓ. ΣΑΒΒΑΣ,Κλάση Ε,3996,155,25.8,5,Jan-23
12241,ΑΙΓΑΛΕΩ,Κλάση A,143,3968,0.0,128,Jan-23
12241,ΑΙΓΑΛΕΩ,Κλάση Β,2981,11067,0.3,357,Jan-23
12241,ΑΙΓΑΛΕΩ,Κλάση Γ,1067,1705,0.6,55,Jan-23
12241,ΑΙΓΑΛΕΩ,Κλάση Δ,100,93,1.1,3,Jan-23
12241,ΑΙΓΑΛΕΩ,Κλάση Ε,527,62,8.5,2,Jan-23
12241,ΑΡ. ΙΕΡΑΣ ΟΔΟΥ,Κλάση A,1928,59374,0.0,1918,Jan-23
12241,ΑΡ. ΙΕΡΑΣ ΟΔΟΥ,Κλάση Β,31782,120458,0.3,3888,Jan-23
12241,ΑΡ. ΙΕΡΑΣ ΟΔΟΥ,Κλάση Γ,13219,21111,0.6,682,Jan-23
12241,ΑΡ. ΙΕΡΑΣ ΟΔΟΥ,Κλάση Δ,2802,1746,1.6,57,Jan-23
12241,ΑΡ. ΙΕΡΑΣ ΟΔΟΥ,Κλάση Ε,3262,281,11.6,10,Jan-23
12241,ΝΤΑΜΑΡΑΚΙΑ,Κλάση A,58,2294,0.0,74,Jan-23
12241,ΝΤΑΜΑΡΑΚΙΑ,Κλάση Β,455,1798,0.3,58,Jan-23
12241,ΝΤΑΜΑΡΑΚΙΑ,Κλάση Γ,392,589,0.7,19,Jan-23
12241,ΝΤΑΜΑΡΑΚΙΑ,Κλάση Δ,693,341,2.0,11,Jan-23
12242,ΑΓ. ΣΑΒΒΑΣ,Κλάση A,7,310,0.0,10,Jan-23
12242,ΑΓ. ΣΑΒΒΑΣ,Κλάση Β,111,372,0.3,12,Jan-23
12242,ΑΓ. ΣΑΒΒΑΣ,Κλάση Γ,179,246,0.7,8,Jan-23
12242,ΑΓ. ΣΑΒΒΑΣ,Κλάση Δ,291,157,1.9,6,Jan-23
12242,ΑΓ. ΣΑΒΒΑΣ,Κλάση Ε,2156,62,34.8,2,Jan-23
12242,ΑΓ. ΣΠΥΡΙΔΩΝ,Κλάση A,173,5022,0.0,162,Jan-23
12242,ΑΓ. ΣΠΥΡΙΔΩΝ,Κλάση Β,2546,9641,0.3,311,Jan-23
12242,ΑΓ. ΣΠΥΡΙΔΩΝ,Κλάση Γ,1063,1705,0.6,55,Jan-23
12242,ΑΓ. ΣΠΥΡΙΔΩΝ,Κλάση Δ,69,62,1.1,2,Jan-23
12242,ΑΙΓΑΛΕΩ,Κλάση A,58,2046,0.0,66,Jan-23
12242,ΑΙΓΑΛΕΩ,Κλάση Β,734,2666,0.3,86,Jan-23
12242,ΑΙΓΑΛΕΩ,Κλάση Γ,286,465,0.6,15,Jan-23
12242,ΑΙΓΑΛΕΩ,Κλάση Δ,294,155,1.9,5,Jan-23
12242,ΑΙΓΑΛΕΩ,Κλάση Ε,361,62,5.8,2,Jan-23
12242,ΒΙΑΜΑΞ,Κλάση A,297,8587,0.0,278,Jan-23
12242,ΒΙΑΜΑΞ,Κλάση Β,4663,17794,0.3,574,Jan-23
12242,ΒΙΑΜΑΞ,Κλάση Γ,1887,3069,0.6,99,Jan-23
12242,ΒΙΑΜΑΞ,Κλάση Δ,71,62,1.2,2,Jan-23
12242,ΔΕΞ. ΙΕΡΑΣ ΟΔΟΥ,Κλάση A,1802,59538,0.0,1922,Jan-23
12242,ΔΕΞ. ΙΕΡΑΣ ΟΔΟΥ,Κλάση Β,30708,116292,0.3,3752,Jan-23
12242,ΔΕΞ. ΙΕΡΑΣ ΟΔΟΥ,Κλάση Γ,13284,21113,0.6,682,Jan-23
12242,ΔΕΞ. ΙΕΡΑΣ ΟΔΟΥ,Κλάση Δ,1740,1085,1.6,35,Jan-23
12242,ΔΕΞ. ΙΕΡΑΣ ΟΔΟΥ,Κλάση Ε,9121,124,73.6,4,Jan-23
12242,ΛΙΟΥΜΗ,Κλάση A,11,310,0.0,10,Jan-23
12242,ΛΙΟΥΜΗ,Κλάση Β,210,713,0.3,23,Jan-23
12242,ΛΙΟΥΜΗ,Κλάση Γ,48,93,0.5,3,Jan-23
12243,ΑΓ. ΣΠΥΡΙΔΩΝ,Κλάση A,23,744,0.0,24,Jan-23
12243,ΑΓ. ΣΠΥΡΙΔΩΝ,Κλάση Β,318,1333,0.2,43,Jan-23
12243,ΑΓ. ΣΠΥΡΙΔΩΝ,Κλάση Γ,256,372,0.7,12,Jan-23
12243,ΑΓ. ΣΠΥΡΙΔΩΝ,Κλάση Δ,190,93,2.0,3,Jan-23
12243,ΑΙΓΑΛΕΩ,Κλάση A,81,2511,0.0,81,Jan-23
12243,ΑΙΓΑΛΕΩ,Κλάση Β,1194,4340,0.3,140,Jan-23
12243,ΑΙΓΑΛΕΩ,Κλάση Γ,462,713,0.7,23,Jan-23
12243,ΑΙΓΑΛΕΩ,Κλάση Δ,342,217,1.6,7,Jan-23
12243,ΑΝΑΓΕΝΝΗΣΗ,Κλάση A,757,21545,0.0,695,Jan-23
12243,ΑΝΑΓΕΝΝΗΣΗ,Κλάση Β,13940,53506,0.3,1726,Jan-23
12243,ΑΝΑΓΕΝΝΗΣΗ,Κλάση Γ,4911,7936,0.6,256,Jan-23
12243,ΑΝΑΓΕΝΝΗΣΗ,Κλάση Δ,968,589,1.6,19,Jan-23
12243,ΑΝΩ ΛΙΟΥΜΗ,Κλάση A,590,15190,0.0,491,Jan-23
12243,ΑΝΩ ΛΙΟΥΜΗ,Κλάση Β,11180,41137,0.3,1327,Jan-23
12243,ΑΝΩ ΛΙΟΥΜΗ,Κλάση Γ,4600,7254,0.6,234,Jan-23
12243,ΑΝΩ ΛΙΟΥΜΗ,Κλάση Δ,355,279,1.3,9,Jan-23
12243,ΔΕΞ. ΙΕΡΑΣ ΟΔΟΥ,Κλάση A,120,3968,0.0,128,Jan-23
12243,ΔΕΞ. ΙΕΡΑΣ ΟΔΟΥ,Κλάση Β,3589,13051,0.3,421,Jan-23
12243,ΔΕΞ. ΙΕΡΑΣ ΟΔΟΥ,Κλάση Γ,1214,1984,0.6,64,Jan-23
12243,ΔΕΞ. ΙΕΡΑΣ ΟΔΟΥ,Κλάση Δ,188,93,2.0,3,Jan-23
12243,ΙΕΡΑΠΟΛΗ,Κλάση A,10,372,0.0,12,Jan-23
12243,ΙΕΡΑΠΟΛΗ,Κλάση Β,119,496,0.2,16,Jan-23
12243,ΙΕΡΑΠΟΛΗ,Κλάση Γ,68,124,0.6,4,Jan-23
12243,ΛΙΟΥΜΗ,Κλάση A,1763,52111,0.0,1684,Jan-23
12243,ΛΙΟΥΜΗ,Κλάση Β,32671,121767,0.3,3930,Jan-23
12243,ΛΙΟΥΜΗ,Κλάση Γ,11935,19232,0.6,621,Jan-23
12243,ΛΙΟΥΜΗ,Κλάση Δ,1555,930,1.7,30,Jan-23
12243,ΛΙΟΥΜΗ,Κλάση Ε,2480,124,20.0,4,Jan-23
12244,ΑΙΓΑΛΕΩ,Κλάση Β,26,93,0.3,3,Jan-23
12244,ΙΕΡΑΠΟΛΗ,Κλάση A,1483,47673,0.0,1539,Jan-23
12244,ΙΕΡΑΠΟΛΗ,Κλάση Β,24701,93051,0.3,3005,Jan-23
12244,ΙΕΡΑΠΟΛΗ,Κλάση Γ,8301,13331,0.6,433,Jan-23
12244,ΙΕΡΑΠΟΛΗ,Κλάση Δ,2455,1269,1.9,42,Jan-23
12244,ΙΕΡΑΠΟΛΗ,Κλάση Ε,1149,124,9.3,4,Jan-23
12244,ΝΤΑΜΑΡΑΚΙΑ,Κλάση A,1205,36572,0.0,1184,Jan-23
12244,ΝΤΑΜΑΡΑΚΙΑ,Κλάση Β,23935,87939,0.3,2838,Jan-23
12244,ΝΤΑΜΑΡΑΚΙΑ,Κλάση Γ,9259,14817,0.6,478,Jan-23
12244,ΝΤΑΜΑΡΑΚΙΑ,Κλάση Δ,1254,701,1.8,23,Jan-23
12244,ΝΤΑΜΑΡΑΚΙΑ,Κλάση Ε,2584,66,39.2,4,Jan-23
12351,ΑΓ. ΒΑΡΒΑΡΑ,Κλάση A,259,8494,0.0,274,Jan-23
12351,ΑΓ. ΒΑΡΒΑΡΑ,Κλάση Β,4278,15622,0.3,504,Jan-23
12351,ΑΓ. ΒΑΡΒΑΡΑ,Κλάση Γ,2233,3470,0.6,112,Jan-23
12351,ΑΓ. ΒΑΡΒΑΡΑ,Κλάση Δ,462,314,1.5,12,Jan-23
12351,ΑΡ. ΕΛ. ΒΕΝΙΖΕΛΟΥ,Κλάση A,1297,45927,0.0,1493,Jan-23
12351,ΑΡ. ΕΛ. ΒΕΝΙΖΕΛΟΥ,Κλάση Β,26022,94477,0.3,3054,Jan-23
12351,ΑΡ. ΕΛ. ΒΕΝΙΖΕΛΟΥ,Κλάση Γ,12227,19440,0.6,632,Jan-23
12351,ΑΡ. ΕΛ. ΒΕΝΙΖΕΛΟΥ,Κλάση Δ,2709,1463,1.9,49,Jan-23
12351,ΑΡ. ΕΛ. ΒΕΝΙΖΕΛΟΥ,Κλάση Ε,3987,341,11.7,11,Jan-23
12351,Γ ΝΕΚΡΟΤΑΦΕΙΟ,Κλάση Β,237,837,0.3,27,Jan-23
12351,Γ ΝΕΚΡΟΤΑΦΕΙΟ,Κλάση Γ,59,93,0.6,3,Jan-23
12351,ΔΕΞ. ΕΛ. ΒΕΝΙΖΕΛΟΥ,Κλάση A,1145,43282,0.0,1414,Jan-23
12351,ΔΕΞ. ΕΛ. ΒΕΝΙΖΕΛΟΥ,Κλάση Β,30852,108861,0.3,3518,Jan-23
12351,ΔΕΞ. ΕΛ. ΒΕΝΙΖΕΛΟΥ,Κλάση Γ,15289,24488,0.6,794,Jan-23
12351,ΔΕΞ. ΕΛ. ΒΕΝΙΖΕΛΟΥ,Κλάση Δ,2559,1808,1.4,61,Jan-23
12461,ΑΓ. ΓΡΗΓΟΡΟΥΣΑ,Κλάση A,581,19890,0.0,651,Jan-23
12461,ΑΓ. ΓΡΗΓΟΡΟΥΣΑ,Κλάση Β,15408,55335,0.3,1787,Jan-23
12461,ΑΓ. ΓΡΗΓΟΡΟΥΣΑ,Κλάση Γ,6375,10163,0.6,330,Jan-23
12461,ΑΓ. ΓΡΗΓΟΡΟΥΣΑ,Κλάση Δ,1211,795,1.5,26,Jan-23
12461,ΑΝΩ ΛΟΦΟΣ,Κλάση A,45,1209,0.0,39,Jan-23
12461,ΑΝΩ ΛΟΦΟΣ,Κλάση Β,931,3503,0.3,113,Jan-23
12461,ΑΝΩ ΛΟΦΟΣ,Κλάση Γ,185,310,0.6,10,Jan-23
12461,ΔΑΣΟΣ,Κλάση A,12,248,0.1,8,Jan-23
12461,ΔΑΣΟΣ,Κλάση Β,137,527,0.3,17,Jan-23
12461,ΔΑΣΟΣ,Κλάση Γ,54,93,0.6,3,Jan-23
12461,ΚΕΝΤΡΟ,Κλάση A,10,312,0.0,11,Jan-23
12461,ΚΕΝΤΡΟ,Κλάση Β,248,795,0.3,26,Jan-23
12461,ΚΕΝΤΡΟ,Κλάση Γ,168,288,0.6,10,Jan-23
12461,ΠΕΡΙΣΤΕΡΙ,Κλάση Δ,215,62,3.5,2,Jan-23
12461,ΣΥΝ. ΣΙΔΗΡΟΠΟΥΛΟΥ,Κλάση A,198,5922,0.0,193,Jan-23
12461,ΣΥΝ. ΣΙΔΗΡΟΠΟΥΛΟΥ,Κλάση Β,3807,14384,0.3,464,Jan-23
12461,ΣΥΝ. ΣΙΔΗΡΟΠΟΥΛΟΥ,Κλάση Γ,1427,2263,0.6,73,Jan-23
12461,ΣΥΝ. ΣΙΔΗΡΟΠΟΥΛΟΥ,Κλάση Δ,424,186,2.3,6,Jan-23
12461,ΧΑΙΔΑΡΙ,Κλάση A,2498,75076,0.0,2438,Jan-23
12461,ΧΑΙΔΑΡΙ,Κλάση Β,52385,191241,0.3,6173,Jan-23
12461,ΧΑΙΔΑΡΙ,Κλάση Γ,20570,33280,0.6,1079,Jan-23
12461,ΧΑΙΔΑΡΙ,Κλάση Δ,5542,3142,1.8,105,Jan-23
12461,ΧΑΙΔΑΡΙ,Κλάση Ε,25133,483,52.0,16,Jan-23
12462,ΑΓ. ΓΡΗΓΟΡΟΥΣΑ,Κλάση A,46,2108,0.0,68,Jan-23
12462,ΑΓ. ΓΡΗΓΟΡΟΥΣΑ,Κλάση Β,1838,6727,0.3,217,Jan-23
12462,ΑΓ. ΓΡΗΓΟΡΟΥΣΑ,Κλάση Γ,489,806,0.6,26,Jan-23
12462,ΑΓ. ΓΡΗΓΟΡΟΥΣΑ,Κλάση Δ,138,93,1.5,3,Jan-23
12462,ΑΦΑΙΑ,Κλάση A,35,1704,0.0,166,Jan-23
12462,ΑΦΑΙΑ,Κλάση Β,573,1922,0.3,62,Jan-23
12462,ΑΦΑΙΑ,Κλάση Γ,338,558,0.6,18,Jan-23
12462,ΑΦΑΙΑ,Κλάση Δ,398,155,2.6,5,Jan-23
12462,ΔΑΣΟΣ,Κλάση A,1517,46360,0.0,1510,Jan-23
12462,ΔΑΣΟΣ,Κλάση Β,41185,143189,0.3,4624,Jan-23
12462,ΔΑΣΟΣ,Κλάση Γ,19567,31018,0.6,1002,Jan-23
12462,ΔΑΣΟΣ,Κλάση Δ,2358,1682,1.4,58,Jan-23
12462,ΔΑΦΝΙ,Κλάση A,163,4931,0.0,162,Jan-23
12462,ΔΑΦΝΙ,Κλάση Β,4576,16276,0.3,527,Jan-23
12462,ΔΑΦΝΙ,Κλάση Γ,1970,3249,0.6,107,Jan-23
12462,ΔΑΦΝΙ,Κλάση Δ,316,238,1.3,9,Jan-23
12462,ΣΚΑΡΑΜΑΓΚΑΣ,Κλάση A,26,1356,0.0,44,Jan-23
12462,ΣΚΑΡΑΜΑΓΚΑΣ,Κλάση Β,314,1321,0.2,44,Jan-23
12462,ΣΚΑΡΑΜΑΓΚΑΣ,Κλάση Γ,317,434,0.7,14,Jan-23
12462,ΣΚΑΡΑΜΑΓΚΑΣ,Κλάση Δ,940,465,2.0,15,Jan-23
12462,ΣΚΑΡΑΜΑΓΚΑΣ,Κλάση Ε,85852,372,230.8,12,Jan-23
12462,ΧΑΙΔΑΡΙ,Κλάση A,55,1829,0.0,60,Jan-23
12462,ΧΑΙΔΑΡΙ,Κλάση Β,1126,3968,0.3,128,Jan-23
12462,ΧΑΙΔΑΡΙ,Κλάση Γ,470,713,0.7,23,Jan-23
12462,ΧΑΙΔΑΡΙ,Κλάση Δ,639,403,1.6,13,Jan-23
12462,ΧΑΙΔΑΡΙ,Κλάση Ε,15165,124,122.3,4,Jan-23
13121,ΑΓ. ΦΑΝΟΥΡΙΟΣ,Κλάση A,9,279,0.0,9,Jan-23
13121,ΑΓ. ΦΑΝΟΥΡΙΟΣ,Κλάση Β,74,310,0.2,10,Jan-23
13121,ΑΓ. ΦΑΝΟΥΡΙΟΣ,Κλάση Γ,35,62,0.6,2,Jan-23
13121,ΙΛΙΟΝ,Κλάση A,1740,55730,0.0,1800,Jan-23
13121,ΙΛΙΟΝ,Κλάση Β,38325,137742,0.3,4445,Jan-23
13121,ΙΛΙΟΝ,Κλάση Γ,16333,26405,0.6,853,Jan-23
13121,ΙΛΙΟΝ,Κλάση Δ,1849,1122,1.7,37,Jan-23
13121,ΠΑΛΑΤΙΑΝΗ,Κλάση A,1409,47052,0.0,1520,Jan-23
13121,ΠΑΛΑΤΙΑΝΗ,Κλάση Β,31643,114002,0.3,3680,Jan-23
13121,ΠΑΛΑΤΙΑΝΗ,Κλάση Γ,13989,22436,0.6,725,Jan-23
13121,ΠΑΛΑΤΙΑΝΗ,Κλάση Δ,1312,868,1.5,28,Jan-23
13121,ΠΕΤΡΟΥΠΟΛΗ,Κλάση A,0,62,0.0,2,Jan-23
13121,ΠΕΤΡΟΥΠΟΛΗ,Κλάση Β,51,155,0.3,5,Jan-23
13121,ΠΕΤΡΟΥΠΟΛΗ,Κλάση Γ,55,93,0.6,3,Jan-23
13122,ΑΓ. ΦΑΝΟΥΡΙΟΣ,Κλάση A,18,372,0.1,12,Jan-23
13122,ΑΓ. ΦΑΝΟΥΡΙΟΣ,Κλάση Β,184,620,0.3,20,Jan-23
13122,ΑΓ. ΦΑΝΟΥΡΙΟΣ,Κλάση Γ,36,62,0.6,2,Jan-23
13122,ΙΛΙΟΝ,Κλάση A,3896,124332,0.0,4019,Jan-23
13122,ΙΛΙΟΝ,Κλάση Β,79407,285940,0.3,9228,Jan-23
13122,ΙΛΙΟΝ,Κλάση Γ,30060,48160,0.6,1555,Jan-23
13122,ΙΛΙΟΝ,Κλάση Δ,5025,3209,1.6,106,Jan-23
13122,ΙΛΙΟΝ,Κλάση Ε,7105,558,12.7,18,Jan-23
13122,Ν. ΛΙΟΣΙΑ,Κλάση A,17,713,0.0,23,Jan-23
13122,Ν. ΛΙΟΣΙΑ,Κλάση Β,776,2666,0.3,86,Jan-23
13122,Ν. ΛΙΟΣΙΑ,Κλάση Γ,258,434,0.6,14,Jan-23
13122,Ν. ΛΙΟΣΙΑ,Κλάση Δ,131,62,2.1,2,Jan-23
13122,ΠΑΛΑΤΙΑΝΗ,Κλάση A,67,1457,0.1,47,Jan-23
13122,ΠΑΛΑΤΙΑΝΗ,Κλάση Β,301,1302,0.2,42,Jan-23
13122,ΠΑΛΑΤΙΑΝΗ,Κλάση Γ,197,279,0.7,9,Jan-23
13122,ΠΑΛΑΤΙΑΝΗ,Κλάση Δ,73,62,1.2,2,Jan-23
13122,ΡΑΔΙΟΦΩΝΙΑ,Κλάση A,124,4535,0.0,148,Jan-23
13122,ΡΑΔΙΟΦΩΝΙΑ,Κλάση Β,5196,17749,0.3,574,Jan-23
13122,ΡΑΔΙΟΦΩΝΙΑ,Κλάση Γ,3357,5285,0.6,172,Jan-23
13122,ΡΑΔΙΟΦΩΝΙΑ,Κλάση Δ,302,155,2.0,5,Jan-23
13123,ΑΓ. ΝΙΚΟΛΑΟΣ,Κλάση A,41,1302,0.0,42,Jan-23
13123,ΑΓ. ΝΙΚΟΛΑΟΣ,Κλάση Β,1228,4247,0.3,137,Jan-23
13123,ΑΓ. ΝΙΚΟΛΑΟΣ,Κλάση Γ,796,1271,0.6,41,Jan-23
13123,ΑΓ. ΝΙΚΟΛΑΟΣ,Κλάση Δ,93,62,1.5,2,Jan-23
13123,ΙΛΙΟΝ,Κλάση A,1226,40475,0.0,1307,Jan-23
13123,ΙΛΙΟΝ,Κλάση Β,31277,108546,0.3,3502,Jan-23
13123,ΙΛΙΟΝ,Κλάση Γ,13996,22614,0.6,731,Jan-23
13123,ΙΛΙΟΝ,Κλάση Δ,1454,775,1.9,25,Jan-23
13123,ΙΛΙΟΝ,Κλάση Ε,1009,124,8.1,4,Jan-23
13123,ΜΙΧΕΛΗ,Κλάση A,1319,41666,0.0,1346,Jan-23
13123,ΜΙΧΕΛΗ,Κλάση Β,30922,107318,0.3,3462,Jan-23
13123,ΜΙΧΕΛΗ,Κλάση Γ,13535,21848,0.6,705,Jan-23
13123,ΜΙΧΕΛΗ,Κλάση Δ,1257,779,1.6,26,Jan-23
13123,ΡΑΔΙΟΦΩΝΙΑ,Κλάση A,88,3193,0.0,103,Jan-23
13123,ΡΑΔΙΟΦΩΝΙΑ,Κλάση Β,3446,11687,0.3,377,Jan-23
13123,ΡΑΔΙΟΦΩΝΙΑ,Κλάση Γ,2000,3193,0.6,103,Jan-23
13123,ΡΑΔΙΟΦΩΝΙΑ,Κλάση Δ,220,186,1.2,6,Jan-23
13231,ΚΗΠΟΥΠΟΛΗ,Κλάση A,621,19414,0.0,633,Jan-23
13231,ΚΗΠΟΥΠΟΛΗ,Κλάση Β,18080,60941,0.3,1969,Jan-23
13231,ΚΗΠΟΥΠΟΛΗ,Κλάση Γ,7731,12548,0.6,407,Jan-23
13231,ΚΗΠΟΥΠΟΛΗ,Κλάση Δ,987,713,1.4,23,Jan-23
13231,ΠΕΤΡΟΥΠΟΛΗ,Κλάση A,3925,128440,0.0,4159,Jan-23
13231,ΠΕΤΡΟΥΠΟΛΗ,Κλάση Β,90290,320637,0.3,10352,Jan-23
13231,ΠΕΤΡΟΥΠΟΛΗ,Κλάση Γ,32906,53464,0.6,1730,Jan-23
13231,ΠΕΤΡΟΥΠΟΛΗ,Κλάση Δ,3445,2351,1.5,79,Jan-23
13231,ΠΕΤΡΟΥΠΟΛΗ,Κλάση Ε,684,93,7.4,3,Jan-23
13232,ΜΙΧΕΛΗ,Κλάση A,17,682,0.0,22,Jan-23
13232,ΜΙΧΕΛΗ,Κλάση Β,541,1829,0.3,59,Jan-23
13232,ΜΙΧΕΛΗ,Κλάση Γ,245,403,0.6,13,Jan-23
13232,ΠΕΤΡΟΥΠΟΛΗ,Κλάση A,2405,74285,0.0,2413,Jan-23
13232,ΠΕΤΡΟΥΠΟΛΗ,Κλάση Β,54866,193696,0.3,6262,Jan-23
13232,ΠΕΤΡΟΥΠΟΛΗ,Κλάση Γ,23390,37962,0.6,1233,Jan-23
13232,ΠΕΤΡΟΥΠΟΛΗ,Κλάση Δ,2529,1555,1.6,53,Jan-23
13232,ΠΕΤΡΟΥΠΟΛΗ,Κλάση Ε,978,124,7.9,4,Jan-23
13341,ΑΝΩ ΛΙΜΝΗ,Κλάση Β,21,62,0.3,2,Jan-23
13341,ΑΝΩ ΛΙΟΣΙΑ,Κλάση A,2,93,0.0,3,Jan-23
13341,ΑΝΩ ΛΙΟΣΙΑ,Κλάση Β,63,155,0.4,5,Jan-23
13451,ΑΓ. ΝΙΚΟΛΑΟΣ,Κλάση A,512,18348,0.0,595,Jan-23
13451,ΑΓ. ΝΙΚΟΛΑΟΣ,Κλάση Β,17885,60221,0.3,1944,Jan-23
13451,ΑΓ. ΝΙΚΟΛΑΟΣ,Κλάση Γ,10474,16942,0.6,551,Jan-23
13451,ΑΓ. ΝΙΚΟΛΑΟΣ,Κλάση Δ,592,423,1.4,16,Jan-23
13451,ΑΝΑΓΕΝΝΗΣΗ,Κλάση A,9,372,0.0,12,Jan-23
13451,ΑΝΑΓΕΝΝΗΣΗ,Κλάση Β,330,1178,0.3,38,Jan-23
13451,ΑΝΑΓΕΝΝΗΣΗ,Κλάση Γ,165,279,0.6,9,Jan-23
13451,ΑΝΩ ΛΙΜΝΗ,Κλάση A,2,93,0.0,3,Jan-23
13451,ΑΤΤΑΛΟΣ,Κλάση A,20,744,0.0,24,Jan-23
13451,ΑΤΤΑΛΟΣ,Κλάση Β,627,2108,0.3,68,Jan-23
13451,ΑΤΤΑΛΟΣ,Κλάση Γ,431,713,0.6,23,Jan-23
13451,ΑΤΤΑΛΟΣ,Κλάση Δ,73,62,1.2,2,Jan-23
13451,ΓΕΡΟΒΟΥΝΟ,Κλάση A,537,19787,0.0,647,Jan-23
13451,ΓΕΡΟΒΟΥΝΟ,Κλάση Β,18538,62682,0.3,2026,Jan-23
13451,ΓΕΡΟΒΟΥΝΟ,Κλάση Γ,10538,16731,0.6,542,Jan-23
13451,ΓΕΡΟΒΟΥΝΟ,Κλάση Δ,1573,917,1.7,32,Jan-23
13451,ΖΕΦΥΡΙ,Κλάση A,7,310,0.0,10,Jan-23
13451,ΖΕΦΥΡΙ,Κλάση Β,115,372,0.3,12,Jan-23
13451,ΖΕΦΥΡΙ,Κλάση Γ,156,248,0.6,8,Jan-23
13451,ΚΑΜΑΤΕΡΟ,Κλάση A,978,36016,0.0,1183,Jan-23
13451,ΚΑΜΑΤΕΡΟ,Κλάση Β,26616,92377,0.3,2988,Jan-23
13451,ΚΑΜΑΤΕΡΟ,Κλάση Γ,13500,21508,0.6,699,Jan-23
13451,ΚΑΜΑΤΕΡΟ,Κλάση Δ,1658,1187,1.4,39,Jan-23
13451,ΚΑΜΑΤΕΡΟ,Κλάση Ε,215,35,6.1,2,Jan-23
13451,Ν. ΟΛΥΜΠΙΑ,Κλάση A,192,6989,0.0,228,Jan-23
13451,Ν. ΟΛΥΜΠΙΑ,Κλάση Β,6608,21559,0.3,697,Jan-23
13451,Ν. ΟΛΥΜΠΙΑ,Κλάση Γ,4576,7239,0.6,235,Jan-23
13451,Ν. ΟΛΥΜΠΙΑ,Κλάση Δ,245,217,1.1,7,Jan-23
13451,ΟΛΥΜΠΙΑ,Κλάση A,2,124,0.0,4,Jan-23
13451,ΟΛΥΜΠΙΑ,Κλάση Β,68,248,0.3,8,Jan-23
13451,ΟΛΥΜΠΙΑ,Κλάση Γ,63,93,0.7,3,Jan-23
13451,ΡΑΔΙΟΦΩΝΙΑ,Κλάση A,60,2821,0.0,91,Jan-23
13451,ΡΑΔΙΟΦΩΝΙΑ,Κλάση Β,2403,7812,0.3,252,Jan-23
13451,ΡΑΔΙΟΦΩΝΙΑ,Κλάση Γ,1567,2478,0.6,80,Jan-23
13461,ΑΝΩ ΛΙΜΝΗ,Κλάση Β,28,93,0.3,3,Jan-23
13461,ΖΕΦΥΡΙ,Κλάση A,541,25967,0.0,838,Jan-23
13461,ΖΕΦΥΡΙ,Κλάση Β,15176,51991,0.3,1678,Jan-23
13461,ΖΕΦΥΡΙ,Κλάση Γ,9394,14473,0.7,468,Jan-23
13461,ΖΕΦΥΡΙ,Κλάση Δ,3803,2046,1.9,66,Jan-23
13461,ΖΕΦΥΡΙ,Κλάση Ε,17941,279,64.3,9,Jan-23
13461,ΚΑΤΩ ΛΙΜΝΗ,Κλάση A,0,93,0.0,3,Jan-23
13461,ΚΑΤΩ ΛΙΜΝΗ,Κλάση Β,25,93,0.3,3,Jan-23
13461,ΚΑΤΩ ΛΙΜΝΗ,Κλάση Γ,33,62,0.5,2,Jan-23
13461,ΛΙΜΝΗ,Κλάση A,2,155,0.0,5,Jan-23
13461,ΛΙΜΝΗ,Κλάση Β,24,93,0.3,3,Jan-23
13561,ΚΟΚΚΙΝΟΠΟΥΛΟΥ,Κλάση A,2,64,0.0,3,Jan-23
13561,ΚΟΚΚΙΝΟΠΟΥΛΟΥ,Κλάση Β,101,415,0.2,14,Jan-23
13561,ΑΓ. ΑΝΑΡΓΥΡΟΙ,Κλάση A,1681,58915,0.0,2104,Jan-23
13561,ΑΓ. ΑΝΑΡΓΥΡΟΙ,Κλάση Β,31469,114631,0.3,4023,Jan-23
13561,ΑΓ. ΑΝΑΡΓΥΡΟΙ,Κλάση Γ,12684,20226,0.6,820,Jan-23
13561,ΑΓ. ΑΝΑΡΓΥΡΟΙ,Κλάση Δ,2605,1582,1.7,80,Jan-23
13561,ΑΓ. ΑΝΑΡΓΥΡΟΙ,Κλάση Ε,1279,97,13.2,5,Jan-23
13561,ΑΝΑΚΑΣΑ,Κλάση A,15,337,0.0,11,Jan-23
13561,ΑΝΑΚΑΣΑ,Κλάση Β,190,717,0.3,25,Jan-23
13561,ΚΟΚΚΙΝΟΠΟΥΛΟΥ,Κλάση A,233,7390,0.0,257,Jan-23
13561,ΚΟΚΚΙΝΟΠΟΥΛΟΥ,Κλάση Β,4351,15615,0.3,546,Jan-23
13561,ΚΟΚΚΙΝΟΠΟΥΛΟΥ,Κλάση Γ,1810,2838,0.6,111,Jan-23
13561,ΚΟΚΚΙΝΟΠΟΥΛΟΥ,Κλάση Δ,141,102,1.4,7,Jan-23
13561,ΜΥΚΟΝΙΑΤΙΚΑ,Κλάση A,214,7875,0.0,283,Jan-23
13561,ΜΥΚΟΝΙΑΤΙΚΑ,Κλάση Β,5122,18666,0.3,643,Jan-23
13561,ΜΥΚΟΝΙΑΤΙΚΑ,Κλάση Γ,1783,2938,0.6,110,Jan-23
13561,ΜΥΚΟΝΙΑΤΙΚΑ,Κλάση Δ,260,123,2.1,5,Jan-23
13562,ΑΓ. ΑΝΑΡΓΥΡΟΙ,Κλάση A,913,31268,0.0,1145,Jan-23
13562,ΑΓ. ΑΝΑΡΓΥΡΟΙ,Κλάση Β,20523,74295,0.3,2589,Jan-23
13562,ΑΓ. ΑΝΑΡΓΥΡΟΙ,Κλάση Γ,7017,11367,0.6,457,Jan-23
13562,ΑΓ. ΑΝΑΡΓΥΡΟΙ,Κλάση Δ,1187,648,1.8,28,Jan-23
13562,ΑΓ. ΑΝΑΡΓΥΡΟΙ,Κλάση Ε,1321,132,10.0,6,Jan-23
13562,ΑΝΑΚΑΣΑ,Κλάση A,870,27039,0.0,987,Jan-23
13562,ΑΝΑΚΑΣΑ,Κλάση Β,21610,76052,0.3,2665,Jan-23
13562,ΑΝΑΚΑΣΑ,Κλάση Γ,8913,14569,0.6,569,Jan-23
13562,ΑΝΑΚΑΣΑ,Κλάση Δ,916,572,1.6,28,Jan-23
13562,ΠΥΡΓΟΣ ΒΑΣΙΛΙΣΣΗΣ,Κλάση A,168,5106,0.0,190,Jan-23
13562,ΠΥΡΓΟΣ ΒΑΣΙΛΙΣΣΗΣ,Κλάση Β,5069,17732,0.3,626,Jan-23
13562,ΠΥΡΓΟΣ ΒΑΣΙΛΙΣΣΗΣ,Κλάση Γ,1983,3127,0.6,127,Jan-23
13562,ΠΥΡΓΟΣ ΒΑΣΙΛΙΣΣΗΣ,Κλάση Δ,191,135,1.4,6,Jan-23
13562,ΣΥΝ. ΣΕΚ,Κλάση A,91,2465,0.0,87,Jan-23
13562,ΣΥΝ. ΣΕΚ,Κλάση Β,1948,6844,0.3,237,Jan-23
13562,ΣΥΝ. ΣΕΚ,Κλάση Γ,835,1372,0.6,52,Jan-23
13562,ΣΥΝ. ΣΕΚ,Κλάση Δ,32,29,1.1,2,Jan-23
13671,ΑΓ. ΑΝΝΑ,Κλάση A,197,7950,0.0,257,Jan-23
13671,ΑΓ. ΑΝΝΑ,Κλάση Β,5531,18994,0.3,613,Jan-23
13671,ΑΓ. ΑΝΝΑ,Κλάση Γ,3785,6014,0.6,194,Jan-23
13671,ΑΓ. ΑΝΝΑ,Κλάση Δ,531,341,1.6,11,Jan-23
13671,ΑΓ. ΔΗΜΗΤΡΙΟΣ,Κλάση A,8,279,0.0,9,Jan-23
13671,ΑΓ. ΔΗΜΗΤΡΙΟΣ,Κλάση Β,117,465,0.3,15,Jan-23
13671,ΑΓ. ΔΗΜΗΤΡΙΟΣ,Κλάση Γ,61,93,0.7,3,Jan-23
13671,ΑΓ. ΙΩΑΝΝΗΣ ΡΩΣΟΣ,Κλάση A,2,62,0.0,2,Jan-23
13671,ΑΓ. ΙΩΑΝΝΗΣ ΡΩΣΟΣ,Κλάση Β,75,279,0.3,9,Jan-23
13671,ΑΓ. ΙΩΑΝΝΗΣ ΡΩΣΟΣ,Κλάση Γ,127,186,0.7,6,Jan-23
13671,ΑΓ. ΠΑΡΑΣΚΕΥΗ,Κλάση Β,35,124,0.3,4,Jan-23
13671,ΑΓ. ΠΕΤΡΟΣ,Κλάση A,3,62,0.1,2,Jan-23
13671,ΑΧΑΡΝΕΣ,Κλάση A,36,1116,0.0,36,Jan-23
13671,ΑΧΑΡΝΕΣ,Κλάση Β,1268,4123,0.3,133,Jan-23
13671,ΑΧΑΡΝΕΣ,Κλάση Γ,361,620,0.6,20,Jan-23
13671,ΒΑΡΥΜΠΟΜΠΗ,Κλάση Β,15,31,0.5,2,Jan-23
13671,ΒΑΡΥΜΠΟΜΠΗ,Κλάση Γ,24,33,0.7,2,Jan-23
13671,ΒΑΡΥΜΠΟΜΠΗ ΑΔΑΜΕΣ,Κλάση A,0,186,0.0,6,Jan-23
13671,ΒΑΡΥΜΠΟΜΠΗ ΣΥΝ ΦΛΟΓΑ,Κλάση A,3,186,0.0,6,Jan-23
13671,ΒΑΡΥΜΠΟΜΠΗ ΣΥΝ ΦΛΟΓΑ,Κλάση Β,24,58,0.4,2,Jan-23
13671,ΒΑΡΥΜΠΟΜΠΗ ΣΥΝ ΦΛΟΓΑ,Κλάση Γ,2,4,0.5,2,Jan-23
13671,ΓΕΡΟΒΟΥΝΟ,Κλάση A,282,9269,0.0,299,Jan-23
13671,ΓΕΡΟΒΟΥΝΟ,Κλάση Β,7013,24273,0.3,783,Jan-23
13671,ΓΕΡΟΒΟΥΝΟ,Κλάση Γ,3611,5704,0.6,184,Jan-23
13671,ΓΕΡΟΒΟΥΝΟ,Κλάση Δ,762,527,1.5,17,Jan-23
13671,ΓΕΡΟΒΟΥΝΟ,Κλάση Ε,1350,124,10.9,4,Jan-23
13671,ΕΦ. ΟΠΛΙΤΩΝ,Κλάση A,66,2293,0.0,76,Jan-23
13671,ΕΦ. ΟΠΛΙΤΩΝ,Κλάση Β,1388,4773,0.3,154,Jan-23
13671,ΕΦ. ΟΠΛΙΤΩΝ,Κλάση Γ,1104,1673,0.7,54,Jan-23
13671,ΕΦ. ΟΠΛΙΤΩΝ,Κλάση Δ,98,62,1.6,2,Jan-23
13671,ΛΑΘΕΑ,Κλάση A,1,62,0.0,2,Jan-23
13671,ΛΑΘΕΑ,Κλάση Β,124,372,0.3,12,Jan-23
13671,ΛΑΘΕΑ,Κλάση Γ,78,124,0.6,4,Jan-23
13671,ΛΟΦΟΣ ΓΥΦΤΙΣΣΑΣ,Κλάση A,6,341,0.0,11,Jan-23
13671,ΛΟΦΟΣ ΓΥΦΤΙΣΣΑΣ,Κλάση Β,619,1953,0.3,63,Jan-23
13671,ΛΟΦΟΣ ΓΥΦΤΙΣΣΑΣ,Κλάση Γ,563,868,0.7,28,Jan-23
13671,ΛΟΦΟΣ ΠΡΟΦ. ΗΛΙΑ,Κλάση A,4,124,0.0,4,Jan-23
13671,ΛΟΦΟΣ ΠΡΟΦ. ΗΛΙΑ,Κλάση Β,251,744,0.3,24,Jan-23
13671,ΛΟΦΟΣ ΠΡΟΦ. ΗΛΙΑ,Κλάση Γ,246,403,0.6,13,Jan-23
13671,ΛΥΚΟΤΡΥΠΑ,Κλάση A,669,22522,0.0,731,Jan-23
13671,ΛΥΚΟΤΡΥΠΑ,Κλάση Β,17140,58451,0.3,1886,Jan-23
13671,ΛΥΚΟΤΡΥΠΑ,Κλάση Γ,8323,13236,0.6,427,Jan-23
13671,ΛΥΚΟΤΡΥΠΑ,Κλάση Δ,967,713,1.4,24,Jan-23
13671,ΝΕΑ ΚΗΦΙΣΙΑ,Κλάση Ε,12853,93,138.2,3,Jan-23
13671,ΝΕΑΠΟΛΗ,Κλάση A,2,155,0.0,5,Jan-23
13671,ΝΕΑΠΟΛΗ,Κλάση Β,113,394,0.3,13,Jan-23
13671,ΝΕΑΠΟΛΗ,Κλάση Γ,82,133,0.6,5,Jan-23
13671,ΠΑΛ. ΜΕΝΙΔΙ,Κλάση A,31,1147,0.0,37,Jan-23
13671,ΠΑΛ. ΜΕΝΙΔΙ,Κλάση Β,978,3348,0.3,108,Jan-23
13671,ΠΑΛ. ΜΕΝΙΔΙ,Κλάση Γ,597,930,0.6,30,Jan-23
13671,ΠΑΛ. ΜΕΝΙΔΙ,Κλάση Δ,73,62,1.2,2,Jan-23
13671,ΠΛΑΤΩΝΑΣ,Κλάση Β,43,124,0.4,4,Jan-23
13671,ΠΛΑΤΩΝΑΣ,Κλάση Γ,52,93,0.6,3,Jan-23
13671,ΧΑΜΟΜΗΛΟ,Κλάση A,13,558,0.0,18,Jan-23
13671,ΧΑΜΟΜΗΛΟ,Κλάση Β,221,837,0.3,27,Jan-23
13671,ΧΑΜΟΜΗΛΟ,Κλάση Γ,327,434,0.8,14,Jan-23
13671,ΧΑΜΟΜΗΛΟ,Κλάση Δ,257,217,1.2,7,Jan-23
13671,ΧΑΡΑΥΓΗ,Κλάση A,33,899,0.0,30,Jan-23
13671,ΧΑΡΑΥΓΗ,Κλάση Β,482,1828,0.3,59,Jan-23
13671,ΧΑΡΑΥΓΗ,Κλάση Γ,224,372,0.6,12,Jan-23
13671,ΧΑΡΑΥΓΗ,Κλάση Δ,181,124,1.5,4,Jan-23
13672,40 ΜΑΡΤΥΡΩΝ,Κλάση A,3,124,0.0,4,Jan-23
13672,40 ΜΑΡΤΥΡΩΝ,Κλάση Β,93,310,0.3,10,Jan-23
13672,40 ΜΑΡΤΥΡΩΝ,Κλάση Γ,38,62,0.6,2,Jan-23
13672,40 ΜΑΡΤΥΡΩΝ,Κλάση Δ,162,93,1.7,3,Jan-23
13672,ΑΓ. ΑΘΑΝΑΣΙΟΣ,Κλάση A,126,4608,0.0,149,Jan-23
13672,ΑΓ. ΑΘΑΝΑΣΙΟΣ,Κλάση Β,4563,14756,0.3,476,Jan-23
13672,ΑΓ. ΑΘΑΝΑΣΙΟΣ,Κλάση Γ,3505,5611,0.6,181,Jan-23
13672,ΑΓ. ΑΘΑΝΑΣΙΟΣ,Κλάση Δ,164,124,1.3,4,Jan-23
13672,ΑΓ. ΑΝΝΑ,Κλάση A,30,1035,0.0,34,Jan-23
13672,ΑΓ. ΑΝΝΑ,Κλάση Β,387,1383,0.3,45,Jan-23
13672,ΑΓ. ΑΝΝΑ,Κλάση Γ,136,217,0.6,7,Jan-23
13672,ΑΓ. ΑΝΝΑ,Κλάση Δ,316,124,2.6,4,Jan-23
13672,ΑΓ. ΔΗΜΗΤΡΙΟΣ,Κλάση A,57,2449,0.0,79,Jan-23
13672,ΑΓ. ΔΗΜΗΤΡΙΟΣ,Κλάση Β,1079,3689,0.3,119,Jan-23
13672,ΑΓ. ΔΗΜΗΤΡΙΟΣ,Κλάση Γ,630,961,0.7,31,Jan-23
13672,ΑΓ. ΔΗΜΗΤΡΙΟΣ,Κλάση Δ,68,62,1.1,2,Jan-23
13672,ΑΓ. ΙΩΑΝΝΗΣ ΡΩΣΟΣ,Κλάση A,2,93,0.0,3,Jan-23
13672,ΑΓ. ΙΩΑΝΝΗΣ ΡΩΣΟΣ,Κλάση Β,43,124,0.4,4,Jan-23
13672,ΑΓ. ΜΑΡΙΝΑ,Κλάση A,5,372,0.0,12,Jan-23
13672,ΑΓ. ΜΑΡΙΝΑ,Κλάση Β,333,1209,0.3,39,Jan-23
13672,ΑΓ. ΜΑΡΙΝΑ,Κλάση Γ,193,310,0.6,10,Jan-23
13672,ΑΓ. ΜΑΥΡΑ,Κλάση A,40,2023,0.0,66,Jan-23
13672,ΑΓ. ΜΑΥΡΑ,Κλάση Β,1339,4464,0.3,144,Jan-23
13672,ΑΓ. ΜΑΥΡΑ,Κλάση Γ,1164,1860,0.6,60,Jan-23
13672,ΑΓ. ΜΑΥΡΑ,Κλάση Δ,238,155,1.5,5,Jan-23
13672,ΑΓ. ΠΑΡΑΣΚΕΥΗ,Κλάση A,0,93,0.0,3,Jan-23
13672,ΑΓ. ΠΕΤΡΟΣ,Κλάση A,55,2356,0.0,76,Jan-23
13672,ΑΓ. ΠΕΤΡΟΣ,Κλάση Β,2350,7905,0.3,255,Jan-23
13672,ΑΓ. ΠΕΤΡΟΣ,Κλάση Γ,983,1581,0.6,51,Jan-23
13672,ΑΓ. ΠΕΤΡΟΣ,Κλάση Δ,104,93,1.1,3,Jan-23
13672,ΑΝΩ ΛΙΜΝΗ,Κλάση Β,18,62,0.3,2,Jan-23
13672,ΑΥΛΙΖΑ,Κλάση A,63,3348,0.0,108,Jan-23
13672,ΑΥΛΙΖΑ,Κλάση Β,1816,6634,0.3,214,Jan-23
13672,ΑΥΛΙΖΑ,Κλάση Γ,2428,3503,0.7,113,Jan-23
13672,ΑΥΛΙΖΑ,Κλάση Δ,1423,837,1.7,27,Jan-23
13672,ΑΥΛΙΖΑ,Κλάση Ε,814,93,8.8,3,Jan-23
13672,ΑΧΑΡΝΕΣ,Κλάση A,212,9004,0.0,315,Jan-23
13672,ΑΧΑΡΝΕΣ,Κλάση Β,5752,20551,0.3,668,Jan-23
13672,ΑΧΑΡΝΕΣ,Κλάση Γ,1692,2779,0.6,91,Jan-23
13672,ΒΑΡΥΜΠΟΜΠΗ,Κλάση A,7,459,0.0,15,Jan-23
13672,ΒΑΡΥΜΠΟΜΠΗ,Κλάση Β,260,841,0.3,36,Jan-23
13672,ΒΑΡΥΜΠΟΜΠΗ,Κλάση Γ,424,645,0.7,27,Jan-23
13672,ΒΑΡΥΜΠΟΜΠΗ,Κλάση Δ,223,101,2.2,7,Jan-23
13672,ΒΑΡΥΜΠΟΜΠΗ ΣΥΝ ΦΛΟΓΑ,Κλάση A,0,93,0.0,3,Jan-23
13672,ΕΙΡΗΝΗ,Κλάση Β,56,155,0.4,5,Jan-23
13672,ΛΑΘΕΑ,Κλάση A,8,186,0.0,6,Jan-23
13672,ΛΑΘΕΑ,Κλάση Β,70,279,0.3,9,Jan-23
13672,ΜΠΟΣΚΙΖΑ,Κλάση A,15,561,0.0,19,Jan-23
13672,ΜΠΟΣΚΙΖΑ,Κλάση Β,552,1829,0.3,59,Jan-23
13672,ΜΠΟΣΚΙΖΑ,Κλάση Γ,516,775,0.7,25,Jan-23
13672,ΝΕΑΠΟΛΗ,Κλάση A,287,10745,0.0,347,Jan-23
13672,ΝΕΑΠΟΛΗ,Κλάση Β,9566,31361,0.3,1012,Jan-23
13672,ΝΕΑΠΟΛΗ,Κλάση Γ,6269,9858,0.6,318,Jan-23
13672,ΝΕΑΠΟΛΗ,Κλάση Δ,886,620,1.4,20,Jan-23
13672,ΝΕΑΠΟΛΗ,Κλάση Ε,341,62,5.5,2,Jan-23
13672,ΠΑΛ. ΜΕΝΙΔΙ,Κλάση A,62,2232,0.0,72,Jan-23
13672,ΠΑΛ. ΜΕΝΙΔΙ,Κλάση Β,1168,4123,0.3,133,Jan-23
13672,ΠΑΛ. ΜΕΝΙΔΙ,Κλάση Γ,469,713,0.7,23,Jan-23
13672,ΠΑΛ. ΜΕΝΙΔΙ,Κλάση Δ,73,62,1.2,2,Jan-23
13672,ΠΛΑΤΩΝΑΣ,Κλάση A,19,558,0.0,18,Jan-23
13672,ΠΛΑΤΩΝΑΣ,Κλάση Β,286,1023,0.3,33,Jan-23
13672,ΠΛΑΤΩΝΑΣ,Κλάση Γ,131,217,0.6,7,Jan-23
13672,ΠΛΑΤΩΝΑΣ,Κλάση Δ,253,62,4.1,2,Jan-23
13672,ΠΡΟΦ. ΗΛΙΑΣ,Κλάση A,1,32,0.0,2,Jan-23
13672,ΠΡΟΦ. ΗΛΙΑΣ,Κλάση Β,133,460,0.3,15,Jan-23
13672,ΠΡΟΦ. ΗΛΙΑΣ,Κλάση Γ,46,62,0.7,2,Jan-23
13672,ΠΡΟΦ. ΗΛΙΑΣ,Κλάση Δ,202,62,3.3,2,Jan-23
13672,ΠΥΡΓΟΥΘΙ,Κλάση A,31,1147,0.0,37,Jan-23
13672,ΠΥΡΓΟΥΘΙ,Κλάση Β,623,2170,0.3,70,Jan-23
13672,ΠΥΡΓΟΥΘΙ,Κλάση Γ,521,837,0.6,27,Jan-23
13672,ΠΥΡΓΟΥΘΙ,Κλάση Δ,101,93,1.1,3,Jan-23
13672,ΧΑΡΑΥΓΗ,Κλάση Β,29,97,0.3,4,Jan-23
13673,ΑΓ. ΜΑΡΙΝΑ,Κλάση A,9,217,0.0,7,Jan-23
13673,ΑΓ. ΜΑΡΙΝΑ,Κλάση Β,114,372,0.3,12,Jan-23
13673,ΑΓ. ΜΑΡΙΝΑ,Κλάση Γ,148,217,0.7,7,Jan-23
13673,ΑΓ. ΜΑΡΙΝΑ,Κλάση Δ,70,62,1.1,2,Jan-23
13673,ΑΓ. ΜΑΥΡΑ,Κλάση Β,67,217,0.3,7,Jan-23
13673,ΑΓ. ΜΑΥΡΑ,Κλάση Γ,45,62,0.7,2,Jan-23
13673,ΑΓ. ΣΩΤΗΡΑ,Κλάση A,4,186,0.0,6,Jan-23
13673,ΑΓ. ΣΩΤΗΡΑ,Κλάση Β,105,403,0.3,13,Jan-23
13673,ΑΓ. ΣΩΤΗΡΑ,Κλάση Γ,43,62,0.7,2,Jan-23
13673,ΑΥΛΙΖΑ,Κλάση Β,18,62,0.3,2,Jan-23
13673,ΑΧΑΡΝΕΣ,Κλάση A,4,124,0.0,4,Jan-23
13673,ΑΧΑΡΝΕΣ,Κλάση Β,117,403,0.3,13,Jan-23
13673,ΠΑΛ. ΜΕΝΙΔΙ,Κλάση A,718,26158,0.0,850,Jan-23
13673,ΠΑΛ. ΜΕΝΙΔΙ,Κλάση Β,17452,61679,0.3,1992,Jan-23
13673,ΠΑΛ. ΜΕΝΙΔΙ,Κλάση Γ,6458,10502,0.6,339,Jan-23
13673,ΠΑΛ. ΜΕΝΙΔΙ,Κλάση Δ,986,628,1.6,21,Jan-23
13673,ΠΑΛ. ΜΕΝΙΔΙ,Κλάση Ε,1277,62,20.6,2,Jan-23
13673,ΧΑΜΟΜΗΛΟ,Κλάση A,12,217,0.1,7,Jan-23
13673,ΧΑΜΟΜΗΛΟ,Κλάση Β,182,702,0.3,23,Jan-23
13673,ΧΑΜΟΜΗΛΟ,Κλάση Γ,82,124,0.7,4,Jan-23
13673,ΧΑΜΟΜΗΛΟ,Κλάση Δ,220,124,1.8,4,Jan-23
13673,ΧΑΡΑΥΓΗ,Κλάση A,270,9061,0.0,296,Jan-23
13673,ΧΑΡΑΥΓΗ,Κλάση Β,8320,27745,0.3,895,Jan-23
13673,ΧΑΡΑΥΓΗ,Κλάση Γ,4491,7162,0.6,232,Jan-23
13673,ΧΑΡΑΥΓΗ,Κλάση Δ,797,557,1.4,18,Jan-23
13674,ΑΓ. ΑΘΑΝΑΣΙΟΣ,Κλάση A,1,62,0.0,2,Jan-23
13674,ΑΓ. ΑΘΑΝΑΣΙΟΣ,Κλάση Β,122,372,0.3,12,Jan-23
13674,ΑΓ. ΑΘΑΝΑΣΙΟΣ,Κλάση Γ,80,124,0.7,4,Jan-23
13674,ΑΓ. ΔΗΜΗΤΡΙΟΣ,Κλάση A,33,1198,0.0,39,Jan-23
13674,ΑΓ. ΔΗΜΗΤΡΙΟΣ,Κλάση Β,504,1922,0.3,62,Jan-23
13674,ΑΓ. ΔΗΜΗΤΡΙΟΣ,Κλάση Γ,271,403,0.7,13,Jan-23
13674,ΑΓ. ΙΩΑΝΝΗΣ ΡΩΣΟΣ,Κλάση A,3,124,0.0,4,Jan-23
13674,ΑΓ. ΙΩΑΝΝΗΣ ΡΩΣΟΣ,Κλάση Β,28,93,0.3,3,Jan-23
13674,ΑΓ. ΜΑΡΙΝΑ,Κλάση A,5,93,0.1,3,Jan-23
13674,ΑΓ. ΜΑΡΙΝΑ,Κλάση Β,28,93,0.3,3,Jan-23
13674,ΑΓ. ΜΑΡΙΝΑ,Κλάση Γ,136,217,0.6,7,Jan-23
13674,ΑΓ. ΜΑΥΡΑ,Κλάση A,0,62,0.0,2,Jan-23
13674,ΑΓ. ΜΑΥΡΑ,Κλάση Β,38,93,0.4,3,Jan-23
13674,ΑΓ. ΜΑΥΡΑ,Κλάση Γ,47,62,0.8,2,Jan-23
13674,ΑΓ. ΠΑΡΑΣΚΕΥΗ,Κλάση A,8,372,0.0,12,Jan-23
13674,ΑΓ. ΠΑΡΑΣΚΕΥΗ,Κλάση Β,282,930,0.3,30,Jan-23
13674,ΑΓ. ΠΑΡΑΣΚΕΥΗ,Κλάση Γ,185,279,0.7,9,Jan-23
13674,ΑΓ. ΠΕΤΡΟΣ,Κλάση A,8,93,0.1,3,Jan-23
13674,ΑΓ. ΠΕΤΡΟΣ,Κλάση Β,95,341,0.3,11,Jan-23
13674,ΑΓ. ΠΕΤΡΟΣ,Κλάση Γ,56,93,0.6,3,Jan-23
13674,ΑΥΛΙΖΑ,Κλάση A,18,744,0.0,24,Jan-23
13674,ΑΥΛΙΖΑ,Κλάση Β,240,837,0.3,27,Jan-23
13674,ΑΥΛΙΖΑ,Κλάση Γ,205,279,0.7,9,Jan-23
13674,ΑΥΛΙΖΑ,Κλάση Δ,112,62,1.8,2,Jan-23
13674,ΒΑΡΥΜΠΟΜΠΗ,Κλάση Β,14,62,0.2,2,Jan-23
13674,ΒΑΡΥΜΠΟΜΠΗ,Κλάση Γ,40,60,0.7,2,Jan-23
13674,ΓΕΡΟΒΟΥΝΟ,Κλάση A,8,186,0.0,6,Jan-23
13674,ΓΕΡΟΒΟΥΝΟ,Κλάση Β,248,899,0.3,29,Jan-23
13674,ΓΕΡΟΒΟΥΝΟ,Κλάση Γ,156,248,0.6,8,Jan-23
13674,ΛΑΘΕΑ,Κλάση A,162,6077,0.0,196,Jan-23
13674,ΛΑΘΕΑ,Κλάση Β,4975,17411,0.3,562,Jan-23
13674,ΛΑΘΕΑ,Κλάση Γ,1861,3007,0.6,97,Jan-23
13674,ΛΑΘΕΑ,Κλάση Δ,170,124,1.4,4,Jan-23
13674,ΜΕΓ. ΣΧΙΝΑ,Κλάση A,3,124,0.0,4,Jan-23
13674,ΜΕΓ. ΣΧΙΝΑ,Κλάση Β,160,496,0.3,16,Jan-23
13674,ΜΕΓ. ΣΧΙΝΑ,Κλάση Γ,136,217,0.6,7,Jan-23
13674,ΜΕΓ. ΣΧΙΝΑ,Κλάση Δ,64,62,1.0,2,Jan-23
13674,ΝΕΑΠΟΛΗ,Κλάση A,214,7626,0.0,246,Jan-23
13674,ΝΕΑΠΟΛΗ,Κλάση Β,6038,20677,0.3,667,Jan-23
13674,ΝΕΑΠΟΛΗ,Κλάση Γ,2714,4402,0.6,142,Jan-23
13674,ΝΕΑΠΟΛΗ,Κλάση Δ,398,248,1.6,8,Jan-23
13674,ΠΑΛ. ΜΕΝΙΔΙ,Κλάση A,1811,67163,0.0,2171,Jan-23
13674,ΠΑΛ. ΜΕΝΙΔΙ,Κλάση Β,40201,139271,0.3,4493,Jan-23
13674,ΠΑΛ. ΜΕΝΙΔΙ,Κλάση Γ,17246,27745,0.6,895,Jan-23
13674,ΠΑΛ. ΜΕΝΙΔΙ,Κλάση Δ,3032,1953,1.6,63,Jan-23
13674,ΠΛΑΤΩΝΑΣ,Κλάση A,5,124,0.0,4,Jan-23
13674,ΠΛΑΤΩΝΑΣ,Κλάση Β,150,434,0.4,14,Jan-23
13674,ΠΛΑΤΩΝΑΣ,Κλάση Γ,250,403,0.6,13,Jan-23
13674,ΧΑΡΑΥΓΗ,Κλάση A,5,248,0.0,8,Jan-23
13674,ΧΑΡΑΥΓΗ,Κλάση Β,60,217,0.3,7,Jan-23
13674,ΧΑΡΑΥΓΗ,Κλάση Γ,83,124,0.7,4,Jan-23
13675,40 ΜΑΡΤΥΡΩΝ,Κλάση A,8,186,0.0,6,Jan-23
13675,40 ΜΑΡΤΥΡΩΝ,Κλάση Β,105,372,0.3,12,Jan-23
13675,40 ΜΑΡΤΥΡΩΝ,Κλάση Γ,36,62,0.6,2,Jan-23
13675,ΑΓ. ΑΘΑΝΑΣΙΟΣ,Κλάση Β,26,93,0.3,3,Jan-23
13675,ΑΓ. ΑΝΝΑ,Κλάση A,22,496,0.0,16,Jan-23
13675,ΑΓ. ΑΝΝΑ,Κλάση Β,393,1426,0.3,46,Jan-23
13675,ΑΓ. ΑΝΝΑ,Κλάση Γ,169,279,0.6,9,Jan-23
13675,ΑΓ. ΙΩΑΝΝΗΣ ΡΩΣΟΣ,Κλάση A,100,4385,0.0,142,Jan-23
13675,ΑΓ. ΙΩΑΝΝΗΣ ΡΩΣΟΣ,Κλάση Β,2867,9708,0.3,314,Jan-23
13675,ΑΓ. ΙΩΑΝΝΗΣ ΡΩΣΟΣ,Κλάση Γ,3485,5304,0.7,172,Jan-23
13675,ΑΓ. ΙΩΑΝΝΗΣ ΡΩΣΟΣ,Κλάση Δ,553,403,1.4,13,Jan-23
13675,ΑΓ. ΙΩΑΝΝΗΣ ΡΩΣΟΣ,Κλάση Ε,29784,62,480.4,2,Jan-23
13675,ΑΓ. ΠΑΡΑΣΚΕΥΗ,Κλάση A,11,744,0.0,24,Jan-23
13675,ΑΓ. ΠΑΡΑΣΚΕΥΗ,Κλάση Β,457,1426,0.3,46,Jan-23
13675,ΑΓ. ΠΑΡΑΣΚΕΥΗ,Κλάση Γ,384,620,0.6,20,Jan-23
13675,ΑΓ. ΠΑΡΑΣΚΕΥΗ,Κλάση Δ,182,93,2.0,3,Jan-23
13675,ΑΓ. ΠΕΤΡΟΣ,Κλάση A,282,11228,0.0,363,Jan-23
13675,ΑΓ. ΠΕΤΡΟΣ,Κλάση Β,11540,37073,0.3,1198,Jan-23
13675,ΑΓ. ΠΕΤΡΟΣ,Κλάση Γ,8028,12419,0.7,402,Jan-23
13675,ΑΓ. ΠΕΤΡΟΣ,Κλάση Δ,1296,986,1.3,32,Jan-23
13675,ΑΓ. ΠΕΤΡΟΣ,Κλάση Ε,865,93,9.3,3,Jan-23
13675,ΑΜΥΓΔΑΛΕΖΑ,Κλάση A,2,62,0.0,2,Jan-23
13675,ΑΥΛΙΖΑ,Κλάση A,6,279,0.0,9,Jan-23
13675,ΑΥΛΙΖΑ,Κλάση Β,66,310,0.2,10,Jan-23
13675,ΑΥΛΙΖΑ,Κλάση Γ,100,155,0.7,5,Jan-23
13675,ΑΥΛΙΖΑ,Κλάση Δ,313,124,2.5,4,Jan-23
13675,ΓΕΡΟΒΟΥΝΟ,Κλάση A,3,93,0.0,3,Jan-23
13675,ΓΕΡΟΒΟΥΝΟ,Κλάση Β,173,558,0.3,18,Jan-23
13675,ΓΕΡΟΒΟΥΝΟ,Κλάση Γ,108,155,0.7,5,Jan-23
13675,ΜΕΣΟΝΥΧΙ,Κλάση A,62,1891,0.0,61,Jan-23
13675,ΜΕΣΟΝΥΧΙ,Κλάση Β,1775,6138,0.3,198,Jan-23
13675,ΜΕΣΟΝΥΧΙ,Κλάση Γ,964,1488,0.7,48,Jan-23
13675,ΜΕΣΟΝΥΧΙ,Κλάση Δ,229,155,1.5,5,Jan-23
13675,ΝΕΑΠΟΛΗ,Κλάση A,249,10021,0.0,324,Jan-23
13675,ΝΕΑΠΟΛΗ,Κλάση Β,7900,26164,0.3,844,Jan-23
13675,ΝΕΑΠΟΛΗ,Κλάση Γ,5543,8866,0.6,286,Jan-23
13675,ΝΕΑΠΟΛΗ,Κλάση Δ,433,310,1.4,10,Jan-23
13675,ΝΕΑΠΟΛΗ,Κλάση Ε,320,62,5.2,2,Jan-23
13675,ΠΛΑΤΩΝΑΣ,Κλάση A,78,3255,0.0,105,Jan-23
13675,ΠΛΑΤΩΝΑΣ,Κλάση Β,2884,9424,0.3,304,Jan-23
13675,ΠΛΑΤΩΝΑΣ,Κλάση Γ,2775,4030,0.7,130,Jan-23
13675,ΠΛΑΤΩΝΑΣ,Κλάση Δ,371,310,1.2,10,Jan-23
13676,ΘΡΑΚΟΜΑΚΕΔΟΝΕΣ,Κλάση A,500,22303,0.0,720,Jan-23
13676,ΘΡΑΚΟΜΑΚΕΔΟΝΕΣ,Κλάση Β,16396,55366,0.3,1786,Jan-23
13676,ΘΡΑΚΟΜΑΚΕΔΟΝΕΣ,Κλάση Γ,14573,22214,0.7,717,Jan-23
13676,ΘΡΑΚΟΜΑΚΕΔΟΝΕΣ,Κλάση Δ,4679,3162,1.5,102,Jan-23
13676,ΘΡΑΚΟΜΑΚΕΔΟΝΕΣ,Κλάση Ε,6898,124,55.6,4,Jan-23
13677,ΑΧΑΡΝΕΣ,Κλάση A,0,62,0.0,2,Jan-23
13677,ΑΧΑΡΝΕΣ,Κλάση Β,26,62,0.4,2,Jan-23
13677,ΑΧΑΡΝΕΣ,Κλάση Γ,156,186,0.8,6,Jan-23
13677,ΒΑΡΥΜΠΟΜΠΗ,Κλάση A,66,4293,0.0,148,Jan-23
13677,ΒΑΡΥΜΠΟΜΠΗ,Κλάση Β,1717,5580,0.3,200,Jan-23
13677,ΒΑΡΥΜΠΟΜΠΗ,Κλάση Γ,1108,1733,0.6,76,Jan-23
13677,ΒΑΡΥΜΠΟΜΠΗ,Κλάση Δ,559,403,1.4,15,Jan-23
13677,ΒΑΡΥΜΠΟΜΠΗ ΑΔΑΜΕΣ,Κλάση A,4,277,0.0,10,Jan-23
13677,ΒΑΡΥΜΠΟΜΠΗ ΑΔΑΜΕΣ,Κλάση Β,79,252,0.3,11,Jan-23
13677,ΒΑΡΥΜΠΟΜΠΗ ΑΔΑΜΕΣ,Κλάση Γ,75,95,0.8,5,Jan-23
13677,ΒΑΡΥΜΠΟΜΠΗ ΑΔΑΜΕΣ,Κλάση Δ,379,213,1.8,8,Jan-23
13677,ΒΑΡΥΜΠΟΜΠΗ ΚΤΗΜΑ,Κλάση A,1,277,0.0,9,Jan-23
13677,ΒΑΡΥΜΠΟΜΠΗ ΚΤΗΜΑ,Κλάση Γ,19,33,0.6,2,Jan-23
13677,ΒΑΡΥΜΠΟΜΠΗ ΚΤΗΜΑ,Κλάση Δ,75,62,1.2,3,Jan-23
13677,ΒΑΡΥΜΠΟΜΠΗ ΣΥΝ ΦΛΟΓΑ,Κλάση A,18,2769,0.0,101,Jan-23
13677,ΒΑΡΥΜΠΟΜΠΗ ΣΥΝ ΦΛΟΓΑ,Κλάση Β,270,965,0.3,40,Jan-23
13677,ΒΑΡΥΜΠΟΜΠΗ ΣΥΝ ΦΛΟΓΑ,Κλάση Γ,185,281,0.7,12,Jan-23
13677,ΜΕΓ. ΣΧΙΝΑ,Κλάση A,1,124,0.0,4,Jan-23
13677,ΜΕΓ. ΣΧΙΝΑ,Κλάση Β,95,310,0.3,10,Jan-23
13677,ΜΕΓ. ΣΧΙΝΑ,Κλάση Γ,138,186,0.7,6,Jan-23
13677,ΟΛΥΜΠΙΑΚΟ ΧΩΡΙΟ,Κλάση A,342,17608,0.0,568,Jan-23
13677,ΟΛΥΜΠΙΑΚΟ ΧΩΡΙΟ,Κλάση Β,14339,45694,0.3,1474,Jan-23
13677,ΟΛΥΜΠΙΑΚΟ ΧΩΡΙΟ,Κλάση Γ,11353,18042,0.6,582,Jan-23
13677,ΟΛΥΜΠΙΑΚΟ ΧΩΡΙΟ,Κλάση Δ,912,620,1.5,20,Jan-23
13678,ΑΓ. ΠΕΤΡΟΣ,Κλάση A,26,930,0.0,30,Jan-23
13678,ΑΓ. ΠΕΤΡΟΣ,Κλάση Β,317,1178,0.3,38,Jan-23
13678,ΑΓ. ΠΕΤΡΟΣ,Κλάση Γ,195,310,0.6,10,Jan-23
13678,ΑΓ. ΠΕΤΡΟΣ,Κλάση Δ,211,124,1.7,4,Jan-23
13678,ΑΓ. ΣΩΤΗΡΑ,Κλάση A,15,651,0.0,21,Jan-23
13678,ΑΓ. ΣΩΤΗΡΑ,Κλάση Β,286,1023,0.3,33,Jan-23
13678,ΑΓ. ΣΩΤΗΡΑ,Κλάση Γ,152,217,0.7,7,Jan-23
13678,ΑΓ. ΣΩΤΗΡΑ,Κλάση Δ,121,93,1.3,3,Jan-23
13678,ΓΕΡΟΒΟΥΝΟ,Κλάση A,4,186,0.0,6,Jan-23
13678,ΚΕΡΑΜΙΔΙΩΤΗ,Κλάση A,36,1271,0.0,41,Jan-23
13678,ΚΕΡΑΜΙΔΙΩΤΗ,Κλάση Β,829,2790,0.3,90,Jan-23
13678,ΚΕΡΑΜΙΔΙΩΤΗ,Κλάση Γ,812,1240,0.7,40,Jan-23
13678,ΚΕΡΑΜΙΔΙΩΤΗ,Κλάση Δ,547,403,1.4,13,Jan-23
13678,ΚΕΡΑΜΙΔΙΩΤΗ,Κλάση Ε,3482,74,47.1,3,Jan-23
13678,ΚΟΝΤΟΧΕΡΙ,Κλάση A,8,93,0.1,3,Jan-23
13678,ΚΟΝΤΟΧΕΡΙ,Κλάση Β,58,155,0.4,5,Jan-23
13678,ΚΟΝΤΟΧΕΡΙ,Κλάση Γ,64,93,0.7,3,Jan-23
13678,ΚΟΝΤΟΧΕΡΙ,Κλάση Δ,126,93,1.4,3,Jan-23
13678,ΛΑΘΕΑ,Κλάση A,440,14380,0.0,465,Jan-23
13678,ΛΑΘΕΑ,Κλάση Β,11904,38699,0.3,1249,Jan-23
13678,ΛΑΘΕΑ,Κλάση Γ,8474,13102,0.7,423,Jan-23
13678,ΛΑΘΕΑ,Κλάση Δ,1591,899,1.8,29,Jan-23
13678,ΛΑΘΕΑ,Κλάση Ε,892,124,7.2,4,Jan-23
13678,ΛΟΥΤΡΟ,Κλάση A,25,1085,0.0,36,Jan-23
13678,ΛΟΥΤΡΟ,Κλάση Β,408,1457,0.3,47,Jan-23
13678,ΛΟΥΤΡΟ,Κλάση Γ,539,806,0.7,26,Jan-23
13678,ΛΟΥΤΡΟ,Κλάση Δ,571,403,1.4,13,Jan-23
13678,ΛΟΥΤΡΟ,Κλάση Ε,1188,93,12.8,3,Jan-23
13678,ΛΥΚΟΤΡΥΠΑ,Κλάση Β,47,155,0.3,5,Jan-23
13678,ΜΕΓ. ΣΧΙΝΑ,Κλάση A,3,93,0.0,3,Jan-23
13678,ΜΕΓ. ΣΧΙΝΑ,Κλάση Γ,47,62,0.8,2,Jan-23
13678,ΜΠΟΣΚΙΖΑ,Κλάση A,3,62,0.1,2,Jan-23
13678,ΜΠΟΣΚΙΖΑ,Κλάση Β,43,155,0.3,5,Jan-23
13678,ΠΑΛ. ΜΕΝΙΔΙ,Κλάση A,32,1395,0.0,45,Jan-23
13678,ΠΑΛ. ΜΕΝΙΔΙ,Κλάση Β,638,2139,0.3,69,Jan-23
13678,ΠΑΛ. ΜΕΝΙΔΙ,Κλάση Γ,326,527,0.6,17,Jan-23
13678,ΧΑΜΟΜΗΛΟ,Κλάση A,8,155,0.1,5,Jan-23
13678,ΧΑΜΟΜΗΛΟ,Κλάση Β,44,144,0.3,5,Jan-23
13678,ΧΑΜΟΜΗΛΟ,Κλάση Γ,94,124,0.8,4,Jan-23
13679,ΑΓ. ΠΑΡΑΣΚΕΥΗ,Κλάση A,155,7683,0.0,250,Jan-23
13679,ΑΓ. ΠΑΡΑΣΚΕΥΗ,Κλάση Β,3627,12356,0.3,400,Jan-23
13679,ΑΓ. ΠΑΡΑΣΚΕΥΗ,Κλάση Γ,3047,4672,0.7,151,Jan-23
13679,ΑΓ. ΠΑΡΑΣΚΕΥΗ,Κλάση Δ,783,403,1.9,13,Jan-23
13679,ΑΓ. ΠΑΡΑΣΚΕΥΗ,Κλάση Ε,781,124,6.3,4,Jan-23
13679,ΑΓΡΙΛΕΖΑ,Κλάση Β,117,372,0.3,12,Jan-23
13679,ΑΓΡΙΛΕΖΑ,Κλάση Γ,155,248,0.6,8,Jan-23
13679,ΑΜΥΓΔΑΛΕΖΑ,Κλάση A,12,403,0.0,13,Jan-23
13679,ΑΜΥΓΔΑΛΕΖΑ,Κλάση Β,137,682,0.2,22,Jan-23
13679,ΑΜΥΓΔΑΛΕΖΑ,Κλάση Γ,166,217,0.8,7,Jan-23
13679,ΑΜΥΓΔΑΛΕΖΑ,Κλάση Δ,107,62,1.7,2,Jan-23
13679,ΑΜΥΓΔΑΛΕΖΑ,Κλάση Ε,17715,124,142.9,4,Jan-23
13679,ΑΧΑΡΝΕΣ,Κλάση Γ,40,62,0.7,2,Jan-23
13679,ΕΙΡΗΝΗ,Κλάση A,1,124,0.0,4,Jan-23
13679,ΕΙΡΗΝΗ,Κλάση Β,173,589,0.3,19,Jan-23
13679,ΕΙΡΗΝΗ,Κλάση Γ,217,341,0.6,11,Jan-23
13679,ΜΕΓ. ΣΧΙΝΑ,Κλάση A,31,1085,0.0,35,Jan-23
13679,ΜΕΓ. ΣΧΙΝΑ,Κλάση Β,1378,4464,0.3,144,Jan-23
13679,ΜΕΓ. ΣΧΙΝΑ,Κλάση Γ,1240,1909,0.7,62,Jan-23
13679,ΜΕΓ. ΣΧΙΝΑ,Κλάση Δ,217,186,1.2,6,Jan-23
13679,ΜΕΣΟΝΥΧΙ,Κλάση A,3,62,0.1,2,Jan-23
13679,ΜΕΣΟΝΥΧΙ,Κλάση Β,49,155,0.3,5,Jan-23
13679,ΜΕΣΟΝΥΧΙ,Κλάση Γ,32,62,0.5,2,Jan-23
13679,ΜΕΣΟΝΥΧΙ,Κλάση Δ,122,62,2.0,2,Jan-23
13679,ΜΠΟΣΚΙΖΑ,Κλάση A,103,3906,0.0,126,Jan-23
13679,ΜΠΟΣΚΙΖΑ,Κλάση Β,3733,12260,0.3,396,Jan-23
13679,ΜΠΟΣΚΙΖΑ,Κλάση Γ,2992,4697,0.6,152,Jan-23
13679,ΜΠΟΣΚΙΖΑ,Κλάση Δ,290,248,1.2,8,Jan-23
13679,ΠΑΛ. ΜΕΝΙΔΙ,Κλάση A,3,62,0.1,2,Jan-23
13679,ΠΑΛ. ΜΕΝΙΔΙ,Κλάση Β,62,217,0.3,7,Jan-23
13679,ΠΑΝΟΡΑΜΑ,Κλάση A,69,2971,0.0,96,Jan-23
13679,ΠΑΝΟΡΑΜΑ,Κλάση Β,1940,6393,0.3,210,Jan-23
13679,ΠΑΝΟΡΑΜΑ,Κλάση Γ,2324,3596,0.7,118,Jan-23
13679,ΠΑΝΟΡΑΜΑ,Κλάση Δ,458,304,1.5,12,Jan-23
14121,ΗΡΑΚΛΕΙΟ,Κλάση A,2121,62153,0.0,3919,Jan-23
14121,ΗΡΑΚΛΕΙΟ,Κλάση Β,47821,171976,0.3,5832,Jan-23
14121,ΗΡΑΚΛΕΙΟ,Κλάση Γ,20290,32436,0.6,1148,Jan-23
14121,ΗΡΑΚΛΕΙΟ,Κλάση Δ,2951,1989,1.5,79,Jan-23
14121,ΗΡΑΚΛΕΙΟ,Κλάση Ε,1168,172,6.8,7,Jan-23
14121,ΝΕΟ ΗΡΑΚΛΕΙΟ,Κλάση A,590,17110,0.0,1055,Jan-23
14121,ΝΕΟ ΗΡΑΚΛΕΙΟ,Κλάση Β,10985,40322,0.3,1377,Jan-23
14121,ΝΕΟ ΗΡΑΚΛΕΙΟ,Κλάση Γ,4239,6731,0.6,237,Jan-23
14121,ΝΕΟ ΗΡΑΚΛΕΙΟ,Κλάση Δ,1353,748,1.8,29,Jan-23
14121,ΝΕΟ ΗΡΑΚΛΕΙΟ,Κλάση Ε,503,57,8.8,2,Jan-23
14121,Π. ΗΡΑΚΛΕΙΟ,Κλάση A,23,512,0.0,18,Jan-23
14121,Π. ΗΡΑΚΛΕΙΟ,Κλάση Β,572,1988,0.3,70,Jan-23
14121,Π. ΗΡΑΚΛΕΙΟ,Κλάση Γ,191,290,0.7,13,Jan-23
14122,ΑΓ.ΤΡΙΑΔΑ,Κλάση A,8,149,0.1,5,Jan-23
14122,ΑΓ.ΤΡΙΑΔΑ,Κλάση Β,91,372,0.2,14,Jan-23
14122,ΑΓ.ΤΡΙΑΔΑ,Κλάση Γ,40,68,0.6,4,Jan-23
14122,ΗΡΑΚΛΕΙΟ,Κλάση A,3147,88932,0.0,3856,Jan-23
14122,ΗΡΑΚΛΕΙΟ,Κλάση Β,63913,233197,0.3,8104,Jan-23
14122,ΗΡΑΚΛΕΙΟ,Κλάση Γ,23853,38091,0.6,1468,Jan-23
14122,ΗΡΑΚΛΕΙΟ,Κλάση Δ,5559,3372,1.7,152,Jan-23
14122,ΗΡΑΚΛΕΙΟ,Κλάση Ε,3157,321,9.8,12,Jan-23
14122,ΝΕΟ ΗΡΑΚΛΕΙΟ,Κλάση A,216,6037,0.0,234,Jan-23
14122,ΝΕΟ ΗΡΑΚΛΕΙΟ,Κλάση Β,3238,11659,0.3,410,Jan-23
14122,ΝΕΟ ΗΡΑΚΛΕΙΟ,Κλάση Γ,1268,1989,0.6,77,Jan-23
14122,ΝΕΟ ΗΡΑΚΛΕΙΟ,Κλάση Δ,715,359,2.0,14,Jan-23
14122,Π. ΗΡΑΚΛΕΙΟ,Κλάση A,171,5392,0.0,198,Jan-23
14122,Π. ΗΡΑΚΛΕΙΟ,Κλάση Β,4530,16417,0.3,570,Jan-23
14122,Π. ΗΡΑΚΛΕΙΟ,Κλάση Γ,1787,2872,0.6,114,Jan-23
14122,Π. ΗΡΑΚΛΕΙΟ,Κλάση Δ,124,87,1.4,7,Jan-23
14123,ΛΥΚΟΒΡΥΣΗ,Κλάση A,1240,47581,0.0,1536,Jan-23
14123,ΛΥΚΟΒΡΥΣΗ,Κλάση Β,27148,95250,0.3,3073,Jan-23
14123,ΛΥΚΟΒΡΥΣΗ,Κλάση Γ,11679,18581,0.6,601,Jan-23
14123,ΛΥΚΟΒΡΥΣΗ,Κλάση Δ,2577,1495,1.7,49,Jan-23
14123,ΛΥΚΟΒΡΥΣΗ,Κλάση Ε,2858,186,15.4,6,Jan-23
14123,ΛΥΚΟΒΡΥΣΗ ΠΕΥΚΗ,Κλάση A,8,310,0.0,10,Jan-23
14123,ΛΥΚΟΒΡΥΣΗ ΠΕΥΚΗ,Κλάση Β,200,682,0.3,22,Jan-23
14123,ΛΥΚΟΒΡΥΣΗ ΠΕΥΚΗ,Κλάση Γ,51,93,0.6,3,Jan-23
14231,ΝΕΑ ΙΩΝΙΑ,Κλάση A,3174,113756,0.0,4246,Jan-23
14231,ΝΕΑ ΙΩΝΙΑ,Κλάση Β,52232,195901,0.3,6836,Jan-23
14231,ΝΕΑ ΙΩΝΙΑ,Κλάση Γ,18132,29314,0.6,1163,Jan-23
14231,ΝΕΑ ΙΩΝΙΑ,Κλάση Δ,3738,2547,1.5,114,Jan-23
14231,ΝΕΑ ΙΩΝΙΑ,Κλάση Ε,1527,106,14.4,6,Jan-23
14231,ΠΕΡΙΣΣΟΣ,Κλάση A,8,368,0.0,12,Jan-23
14231,ΠΕΡΙΣΣΟΣ,Κλάση Β,659,2240,0.3,79,Jan-23
14231,ΠΕΡΙΣΣΟΣ,Κλάση Γ,311,525,0.6,21,Jan-23
14231,ΠΕΥΚΑΚΙΑ,Κλάση A,41,1537,0.0,72,Jan-23
14231,ΠΕΥΚΑΚΙΑ,Κλάση Β,292,1307,0.2,48,Jan-23
14231,ΠΕΥΚΑΚΙΑ,Κλάση Γ,177,246,0.7,8,Jan-23
14231,ΠΕΥΚΑΚΙΑ,Κλάση Δ,58,45,1.3,3,Jan-23
14232,ΝΕΑ ΙΩΝΙΑ,Κλάση A,4,105,0.0,4,Jan-23
14232,ΝΕΑ ΙΩΝΙΑ,Κλάση Β,95,360,0.3,12,Jan-23
14232,ΝΕΑ ΙΩΝΙΑ,Κλάση Γ,69,124,0.6,4,Jan-23
14232,ΝΕΑΠΟΛΗ,Κλάση A,31,976,0.0,33,Jan-23
14232,ΝΕΑΠΟΛΗ,Κλάση Β,612,2077,0.3,72,Jan-23
14232,ΝΕΑΠΟΛΗ,Κλάση Γ,211,356,0.6,15,Jan-23
14232,ΝΕΑΠΟΛΗ,Κλάση Δ,32,32,1.0,2,Jan-23
14232,ΠΕΡΙΣΣΟΣ,Κλάση A,1962,59449,0.0,2144,Jan-23
14232,ΠΕΡΙΣΣΟΣ,Κλάση Β,36017,131828,0.3,4583,Jan-23
14232,ΠΕΡΙΣΣΟΣ,Κλάση Γ,12268,20108,0.6,772,Jan-23
14232,ΠΕΡΙΣΣΟΣ,Κλάση Δ,1575,968,1.6,44,Jan-23
14232,ΣΑΦΡΑΜΠΟΛΙΣ,Κλάση A,35,1386,0.0,52,Jan-23
14232,ΣΑΦΡΑΜΠΟΛΙΣ,Κλάση Β,396,1470,0.3,52,Jan-23
14232,ΣΑΦΡΑΜΠΟΛΙΣ,Κλάση Γ,210,335,0.6,15,Jan-23
14232,ΣΑΦΡΑΜΠΟΛΙΣ,Κλάση Δ,275,198,1.4,8,Jan-23
14232,ΣΑΦΡΑΜΠΟΛΙΣ,Κλάση Ε,538,81,6.6,3,Jan-23
14233,ΚΑΛΟΓΡΕΖΑ,Κλάση A,1,77,0.0,3,Jan-23
14233,ΚΑΛΟΓΡΕΖΑ,Κλάση Β,8,47,0.2,2,Jan-23
14233,ΝΕΑ ΙΩΝΙΑ,Κλάση A,125,4439,0.0,157,Jan-23
14233,ΝΕΑ ΙΩΝΙΑ,Κλάση Β,2081,7619,0.3,268,Jan-23
14233,ΝΕΑ ΙΩΝΙΑ,Κλάση Γ,729,1137,0.6,49,Jan-23
14233,ΝΕΑ ΙΩΝΙΑ,Κλάση Δ,25,18,1.4,2,Jan-23
14233,ΝΕΑΠΟΛΗ,Κλάση A,1092,33522,0.0,1201,Jan-23
14233,ΝΕΑΠΟΛΗ,Κλάση Β,24487,87490,0.3,3021,Jan-23
14233,ΝΕΑΠΟΛΗ,Κλάση Γ,8121,13191,0.6,512,Jan-23
14233,ΝΕΑΠΟΛΗ,Κλάση Δ,686,418,1.6,22,Jan-23
14233,ΝΕΑΠΟΛΗ,Κλάση Ε,408,61,6.7,3,Jan-23
14233,ΠΕΡΙΣΣΟΣ,Κλάση A,36,1197,0.0,43,Jan-23
14233,ΠΕΡΙΣΣΟΣ,Κλάση Β,919,3233,0.3,111,Jan-23
14233,ΠΕΡΙΣΣΟΣ,Κλάση Γ,180,293,0.6,14,Jan-23
14233,ΠΕΡΙΣΣΟΣ,Κλάση Δ,41,36,1.1,2,Jan-23
14233,ΣΑΦΡΑΜΠΟΛΙΣ,Κλάση A,983,33386,0.0,1185,Jan-23
14233,ΣΑΦΡΑΜΠΟΛΙΣ,Κλάση Β,17739,65673,0.3,2272,Jan-23
14233,ΣΑΦΡΑΜΠΟΛΙΣ,Κλάση Γ,5958,9791,0.6,376,Jan-23
14233,ΣΑΦΡΑΜΠΟΛΙΣ,Κλάση Δ,502,281,1.8,13,Jan-23
14233,ΣΑΦΡΑΜΠΟΛΙΣ,Κλάση Ε,5401,62,87.1,2,Jan-23
14234,ΚΑΛΟΓΡΕΖΑ,Κλάση A,973,28801,0.0,1035,Jan-23
14234,ΚΑΛΟΓΡΕΖΑ,Κλάση Β,19237,71067,0.3,2455,Jan-23
14234,ΚΑΛΟΓΡΕΖΑ,Κλάση Γ,7343,11920,0.6,460,Jan-23
14234,ΚΑΛΟΓΡΕΖΑ,Κλάση Δ,866,562,1.5,26,Jan-23
14234,ΝΕΑ ΙΩΝΙΑ,Κλάση A,470,19066,0.0,665,Jan-23
14234,ΝΕΑ ΙΩΝΙΑ,Κλάση Β,8162,30185,0.3,1071,Jan-23
14234,ΝΕΑ ΙΩΝΙΑ,Κλάση Γ,4642,7169,0.7,275,Jan-23
14234,ΝΕΑ ΙΩΝΙΑ,Κλάση Δ,1794,1076,1.7,60,Jan-23
14234,ΝΕΑ ΙΩΝΙΑ,Κλάση Ε,579,72,8.0,4,Jan-23
14235,ΑΛΣΟΥΠΟΛΗ,Κλάση A,726,21001,0.0,770,Jan-23
14235,ΑΛΣΟΥΠΟΛΗ,Κλάση Β,15632,56523,0.3,1981,Jan-23
14235,ΑΛΣΟΥΠΟΛΗ,Κλάση Γ,5393,8633,0.6,354,Jan-23
14235,ΑΛΣΟΥΠΟΛΗ,Κλάση Δ,1548,916,1.7,37,Jan-23
14235,ΑΛΣΟΥΠΟΛΗ,Κλάση Ε,141,15,9.4,2,Jan-23
14235,ΚΑΛΟΓΡΕΖΑ,Κλάση A,991,29303,0.0,1042,Jan-23
14235,ΚΑΛΟΓΡΕΖΑ,Κλάση Β,16901,62413,0.3,2159,Jan-23
14235,ΚΑΛΟΓΡΕΖΑ,Κλάση Γ,5494,8883,0.6,344,Jan-23
14235,ΚΑΛΟΓΡΕΖΑ,Κλάση Δ,696,440,1.6,22,Jan-23
14235,ΝΕΑ ΙΩΝΙΑ,Κλάση A,4,62,0.1,2,Jan-23
14235,ΝΕΑ ΙΩΝΙΑ,Κλάση Β,53,149,0.4,5,Jan-23
14235,ΝΕΑ ΙΩΝΙΑ,Κλάση Γ,27,37,0.7,2,Jan-23
14341,ΝΕΑ ΦΙΛΑΔΕΛΦΕΙΑ,Κλάση A,1803,59885,0.0,1935,Jan-23
14341,ΝΕΑ ΦΙΛΑΔΕΛΦΕΙΑ,Κλάση Β,27501,104644,0.3,3379,Jan-23
14341,ΝΕΑ ΦΙΛΑΔΕΛΦΕΙΑ,Κλάση Γ,9581,15326,0.6,495,Jan-23
14341,ΝΕΑ ΦΙΛΑΔΕΛΦΕΙΑ,Κλάση Δ,4826,2425,2.0,80,Jan-23
14341,ΝΕΑ ΦΙΛΑΔΕΛΦΕΙΑ,Κλάση Ε,3405,242,14.1,8,Jan-23
14342,ΑΓ. ΜΑΡΙΝΑ,Κλάση A,110,3751,0.0,121,Jan-23
14342,ΑΓ. ΜΑΡΙΝΑ,Κλάση Β,2598,9610,0.3,310,Jan-23
14342,ΑΓ. ΜΑΡΙΝΑ,Κλάση Γ,766,1240,0.6,40,Jan-23
14342,ΑΓ. ΜΑΡΙΝΑ,Κλάση Δ,180,124,1.5,4,Jan-23
14342,ΚΟΚ. ΜΥΛΟΣ,Κλάση A,778,26815,0.0,865,Jan-23
14342,ΚΟΚ. ΜΥΛΟΣ,Κλάση Β,17238,62992,0.3,2032,Jan-23
14342,ΚΟΚ. ΜΥΛΟΣ,Κλάση Γ,5660,9207,0.6,297,Jan-23
14342,ΚΟΚ. ΜΥΛΟΣ,Κλάση Δ,1274,713,1.8,23,Jan-23
14342,ΚΟΚ. ΜΥΛΟΣ,Κλάση Ε,668,62,10.8,2,Jan-23
14342,ΝΕΑ ΜΑΔΥΤΟΣ,Κλάση A,987,29704,0.0,959,Jan-23
14342,ΝΕΑ ΜΑΔΥΤΟΣ,Κλάση Β,17295,64580,0.3,2084,Jan-23
14342,ΝΕΑ ΜΑΔΥΤΟΣ,Κλάση Γ,6113,10033,0.6,324,Jan-23
14342,ΝΕΑ ΜΑΔΥΤΟΣ,Κλάση Δ,1011,496,2.0,16,Jan-23
14342,ΝΕΑ ΜΑΔΥΤΟΣ,Κλάση Ε,2609,217,12.0,7,Jan-23
14342,ΝΕΑ ΦΙΛΑΔΕΛΦΕΙΑ,Κλάση A,611,18132,0.0,586,Jan-23
14342,ΝΕΑ ΦΙΛΑΔΕΛΦΕΙΑ,Κλάση Β,10177,38541,0.3,1244,Jan-23
14342,ΝΕΑ ΦΙΛΑΔΕΛΦΕΙΑ,Κλάση Γ,3382,5561,0.6,180,Jan-23
14342,ΝΕΑ ΦΙΛΑΔΕΛΦΕΙΑ,Κλάση Δ,414,248,1.7,8,Jan-23
14343,ΝΕΑ ΧΑΛΚΗΔΟΝΑ,Κλάση A,1657,55893,0.0,1809,Jan-23
14343,ΝΕΑ ΧΑΛΚΗΔΟΝΑ,Κλάση Β,28831,107170,0.3,3458,Jan-23
14343,ΝΕΑ ΧΑΛΚΗΔΟΝΑ,Κλάση Γ,10762,17358,0.6,560,Jan-23
14343,ΝΕΑ ΧΑΛΚΗΔΟΝΑ,Κλάση Δ,1910,1054,1.8,34,Jan-23
14343,ΝΕΑ ΧΑΛΚΗΔΟΝΑ,Κλάση Ε,1618,124,13.1,4,Jan-23
14451,ΜΕΤΑΜΟΡΦΩΣΗ,Κλάση A,1486,49694,0.0,1609,Jan-23
14451,ΜΕΤΑΜΟΡΦΩΣΗ,Κλάση Β,38431,133732,0.3,4318,Jan-23
14451,ΜΕΤΑΜΟΡΦΩΣΗ,Κλάση Γ,16288,26068,0.6,844,Jan-23
14451,ΜΕΤΑΜΟΡΦΩΣΗ,Κλάση Δ,3895,2284,1.7,75,Jan-23
14451,ΜΕΤΑΜΟΡΦΩΣΗ,Κλάση Ε,5142,310,16.6,10,Jan-23
14452,ΜΕΤΑΜΟΡΦΩΣΗ,Κλάση A,2010,65446,0.0,2120,Jan-23
14452,ΜΕΤΑΜΟΡΦΩΣΗ,Κλάση Β,47926,167009,0.3,5390,Jan-23
14452,ΜΕΤΑΜΟΡΦΩΣΗ,Κλάση Γ,21455,34122,0.6,1102,Jan-23
14452,ΜΕΤΑΜΟΡΦΩΣΗ,Κλάση Δ,5642,3040,1.9,99,Jan-23
14452,ΜΕΤΑΜΟΡΦΩΣΗ,Κλάση Ε,55424,589,94.1,19,Jan-23
14561,ΑΓ. ΚΥΡΙΑΚΗ,Κλάση Β,60,248,0.2,8,Jan-23
14561,ΑΓ. ΚΥΡΙΑΚΗ,Κλάση Γ,141,217,0.7,7,Jan-23
14561,ΚΑΤΩ ΚΗΦΙΣΙΑ,Κλάση A,1057,38442,0.0,1258,Jan-23
14561,ΚΑΤΩ ΚΗΦΙΣΙΑ,Κλάση Β,27648,98455,0.3,3181,Jan-23
14561,ΚΑΤΩ ΚΗΦΙΣΙΑ,Κλάση Γ,15289,23703,0.7,767,Jan-23
14561,ΚΑΤΩ ΚΗΦΙΣΙΑ,Κλάση Δ,3712,2515,1.5,82,Jan-23
14561,ΚΑΤΩ ΚΗΦΙΣΙΑ,Κλάση Ε,1380,155,8.9,5,Jan-23
14561,ΚΗΦΙΣΙΑ,Κλάση A,919,32544,0.0,1063,Jan-23
14561,ΚΗΦΙΣΙΑ,Κλάση Β,17562,63930,0.3,2067,Jan-23
14561,ΚΗΦΙΣΙΑ,Κλάση Γ,10910,17082,0.6,555,Jan-23
14561,ΚΗΦΙΣΙΑ,Κλάση Δ,5420,3401,1.6,112,Jan-23
14561,ΚΗΦΙΣΙΑ,Κλάση Ε,9300,171,54.4,6,Jan-23
14561,ΝΕΑ ΚΗΦΙΣΙΑ,Κλάση A,51,1676,0.0,56,Jan-23
14561,ΝΕΑ ΚΗΦΙΣΙΑ,Κλάση Β,1615,5455,0.3,176,Jan-23
14561,ΝΕΑ ΚΗΦΙΣΙΑ,Κλάση Γ,1335,1984,0.7,64,Jan-23
14561,ΝΕΑ ΚΗΦΙΣΙΑ,Κλάση Δ,109,62,1.8,2,Jan-23
14562,ΑΛΩΝΙΑ,Κλάση A,616,22107,0.0,716,Jan-23
14562,ΑΛΩΝΙΑ,Κλάση Β,8946,33896,0.3,1094,Jan-23
14562,ΑΛΩΝΙΑ,Κλάση Γ,5324,8211,0.7,265,Jan-23
14562,ΑΛΩΝΙΑ,Κλάση Δ,3048,1581,1.9,51,Jan-23
14562,ΑΛΩΝΙΑ,Κλάση Ε,3013,248,12.2,8,Jan-23
14562,ΚΕΦΑΛΑΡΙ,Κλάση A,595,22628,0.0,733,Jan-23
14562,ΚΕΦΑΛΑΡΙ,Κλάση Β,10335,37107,0.3,1198,Jan-23
14562,ΚΕΦΑΛΑΡΙ,Κλάση Γ,10036,14969,0.7,484,Jan-23
14562,ΚΕΦΑΛΑΡΙ,Κλάση Δ,6343,3851,1.7,125,Jan-23
14562,ΚΕΦΑΛΑΡΙ,Κλάση Ε,5352,496,10.8,16,Jan-23
14562,ΚΗΦΙΣΙΑ,Κλάση A,295,11811,0.0,385,Jan-23
14562,ΚΗΦΙΣΙΑ,Κλάση Β,3591,13914,0.3,452,Jan-23
14562,ΚΗΦΙΣΙΑ,Κλάση Γ,2418,3596,0.7,116,Jan-23
14562,ΚΗΦΙΣΙΑ,Κλάση Δ,2897,1440,2.0,47,Jan-23
14562,ΚΗΦΙΣΙΑ,Κλάση Ε,4022,341,11.8,11,Jan-23
14562,ΚΟΚΚΙΝΑΡΑΣ,Κλάση A,180,7360,0.0,239,Jan-23
14562,ΚΟΚΚΙΝΑΡΑΣ,Κλάση Β,4618,15495,0.3,501,Jan-23
14562,ΚΟΚΚΙΝΑΡΑΣ,Κλάση Γ,4790,7246,0.7,235,Jan-23
14562,ΚΟΚΚΙΝΑΡΑΣ,Κλάση Δ,1611,1147,1.4,37,Jan-23
14562,ΚΟΚΚΙΝΑΡΑΣ,Κλάση Ε,5646,62,91.1,2,Jan-23
14562,ΜΑΡΟΥΣΙ,Κλάση A,3,62,0.1,2,Jan-23
14562,ΠΑΛΙΑΓΙΑΝΝΗ,Κλάση A,96,3853,0.0,125,Jan-23
14562,ΠΑΛΙΑΓΙΑΝΝΗ,Κλάση Β,3043,10266,0.3,332,Jan-23
14562,ΠΑΛΙΑΓΙΑΝΝΗ,Κλάση Γ,2406,3579,0.7,116,Jan-23
14562,ΠΑΛΙΑΓΙΑΝΝΗ,Κλάση Δ,755,508,1.5,17,Jan-23
14563,ΚΗΦΙΣΙΑ,Κλάση A,432,15040,0.0,490,Jan-23
14563,ΚΗΦΙΣΙΑ,Κλάση Β,7433,26700,0.3,862,Jan-23
14563,ΚΗΦΙΣΙΑ,Κλάση Γ,4786,7236,0.7,234,Jan-23
14563,ΚΗΦΙΣΙΑ,Κλάση Δ,2923,1519,1.9,49,Jan-23
14563,ΚΗΦΙΣΙΑ,Κλάση Ε,846,124,6.8,4,Jan-23
14563,ΚΗΦΙΣΙΑ Ν. ΕΡΥΘΡΑΙΑ,Κλάση A,19,532,0.0,18,Jan-23
14563,ΚΗΦΙΣΙΑ Ν. ΕΡΥΘΡΑΙΑ,Κλάση Β,471,1576,0.3,51,Jan-23
14563,ΚΗΦΙΣΙΑ Ν. ΕΡΥΘΡΑΙΑ,Κλάση Γ,222,341,0.7,11,Jan-23
14563,ΚΗΦΙΣΙΑ Ν. ΕΡΥΘΡΑΙΑ,Κλάση Δ,94,62,1.5,2,Jan-23
14563,ΚΟΚΚΙΝΑΡΑΣ,Κλάση A,145,5674,0.0,185,Jan-23
14563,ΚΟΚΚΙΝΑΡΑΣ,Κλάση Β,3206,10913,0.3,353,Jan-23
14563,ΚΟΚΚΙΝΑΡΑΣ,Κλάση Γ,2178,3378,0.6,110,Jan-23
14563,ΚΟΚΚΙΝΑΡΑΣ,Κλάση Δ,533,403,1.3,13,Jan-23
14563,ΠΟΛΙΤΕΙΑ,Κλάση A,2,124,0.0,4,Jan-23
14563,ΠΟΛΙΤΕΙΑ,Κλάση Β,107,372,0.3,12,Jan-23
14564,ΑΔΑΜΕΣ,Κλάση A,306,12543,0.0,415,Jan-23
14564,ΑΔΑΜΕΣ,Κλάση Β,10494,34562,0.3,1119,Jan-23
14564,ΑΔΑΜΕΣ,Κλάση Γ,8651,13324,0.7,431,Jan-23
14564,ΑΔΑΜΕΣ,Κλάση Δ,2038,1270,1.6,41,Jan-23
14564,ΚΑΛΥΦΤΑΚΗ,Κλάση A,23,1705,0.0,55,Jan-23
14564,ΚΑΛΥΦΤΑΚΗ,Κλάση Β,422,1426,0.3,46,Jan-23
14564,ΚΑΛΥΦΤΑΚΗ,Κλάση Γ,550,807,0.7,27,Jan-23
14564,ΚΑΛΥΦΤΑΚΗ,Κλάση Δ,1330,681,2.0,22,Jan-23
14564,ΚΑΛΥΦΤΑΚΗ,Κλάση Ε,20444,341,60.0,11,Jan-23
14564,ΚΑΤΩ ΚΗΦΙΣΙΑ,Κλάση A,54,2377,0.0,79,Jan-23
14564,ΚΑΤΩ ΚΗΦΙΣΙΑ,Κλάση Β,841,3135,0.3,102,Jan-23
14564,ΚΑΤΩ ΚΗΦΙΣΙΑ,Κλάση Γ,748,1085,0.7,35,Jan-23
14564,ΚΑΤΩ ΚΗΦΙΣΙΑ,Κλάση Δ,1676,712,2.4,23,Jan-23
14564,ΚΑΤΩ ΚΗΦΙΣΙΑ,Κλάση Ε,8734,311,28.1,11,Jan-23
14564,ΚΗΦΙΣΙΑ,Κλάση A,102,4032,0.0,132,Jan-23
14564,ΚΗΦΙΣΙΑ,Κλάση Β,2795,9845,0.3,319,Jan-23
14564,ΚΗΦΙΣΙΑ,Κλάση Γ,1641,2522,0.7,83,Jan-23
14564,ΚΗΦΙΣΙΑ,Κλάση Δ,372,279,1.3,9,Jan-23
14564,ΝΕΑ ΚΗΦΙΣΙΑ,Κλάση A,1079,39422,0.0,1280,Jan-23
14564,ΝΕΑ ΚΗΦΙΣΙΑ,Κλάση Β,26801,92931,0.3,3005,Jan-23
14564,ΝΕΑ ΚΗΦΙΣΙΑ,Κλάση Γ,19609,30294,0.7,981,Jan-23
14564,ΝΕΑ ΚΗΦΙΣΙΑ,Κλάση Δ,5685,3643,1.6,118,Jan-23
14564,ΝΕΑ ΚΗΦΙΣΙΑ,Κλάση Ε,2662,341,7.8,11,Jan-23
14564,ΠΑΝΟΡΑΜΑ,Κλάση A,39,1923,0.0,63,Jan-23
14564,ΠΑΝΟΡΑΜΑ,Κλάση Β,438,1643,0.3,53,Jan-23
14564,ΠΑΝΟΡΑΜΑ,Κλάση Γ,348,526,0.7,17,Jan-23
14564,ΠΑΝΟΡΑΜΑ,Κλάση Δ,272,124,2.2,4,Jan-23
14564,ΣΥΝ ΠΕΛΟΠΟΝΝΗΣΙΩΝ,Κλάση A,13,527,0.0,17,Jan-23
14564,ΣΥΝ ΠΕΛΟΠΟΝΝΗΣΙΩΝ,Κλάση Β,266,837,0.3,27,Jan-23
14564,ΣΥΝ ΠΕΛΟΠΟΝΝΗΣΙΩΝ,Κλάση Γ,334,527,0.6,17,Jan-23
14564,ΣΥΝ ΠΕΛΟΠΟΝΝΗΣΙΩΝ,Κλάση Δ,163,124,1.3,4,Jan-23
14565,ΑΓ. ΣΤΕΦΑΝΟΣ,Κλάση A,0,62,0.0,2,Jan-23
14565,ΑΓ. ΣΤΕΦΑΝΟΣ,Κλάση Γ,51,62,0.8,2,Jan-23
14565,ΑΓ. ΣΤΕΦΑΝΟΣ,Κλάση Δ,134,92,1.5,3,Jan-23
14569,ΠΑΛΙΑΜΠΕΛΑ,Κλάση Ε,46222,93,497.0,3,Jan-23
14578,ΕΚΑΛΗ,Κλάση A,1,62,0.0,2,Jan-23
14671,ΚΗΦΙΣΙΑ Ν. ΕΡΥΘΡΑΙΑ,Κλάση A,37,1333,0.0,43,Jan-23
14671,ΚΗΦΙΣΙΑ Ν. ΕΡΥΘΡΑΙΑ,Κλάση Β,452,1581,0.3,51,Jan-23
14671,ΚΗΦΙΣΙΑ Ν. ΕΡΥΘΡΑΙΑ,Κλάση Γ,378,589,0.6,19,Jan-23
14671,ΚΗΦΙΣΙΑ Ν. ΕΡΥΘΡΑΙΑ,Κλάση Δ,146,93,1.6,3,Jan-23
14671,ΝΕΑ ΕΡΥΘΡΑΙΑ,Κλάση A,31,1550,0.0,50,Jan-23
14671,ΝΕΑ ΕΡΥΘΡΑΙΑ,Κλάση Β,418,1581,0.3,51,Jan-23
14671,ΝΕΑ ΕΡΥΘΡΑΙΑ,Κλάση Γ,145,248,0.6,8,Jan-23
14671,ΠΟΛΙΤΕΙΑ,Κλάση Β,45,93,0.5,3,Jan-23
14671,ΠΟΛΙΤΕΙΑ,Κλάση Γ,63,93,0.7,3,Jan-23
15121,ΑΝΩ ΠΕΥΚΗ,Κλάση A,15,558,0.0,18,Jan-23
15121,ΑΝΩ ΠΕΥΚΗ,Κλάση Β,476,1767,0.3,57,Jan-23
15121,ΑΝΩ ΠΕΥΚΗ,Κλάση Γ,72,124,0.6,4,Jan-23
15121,ΗΛΙΑΚΟ ΧΩΡΙΟ,Κλάση A,88,3658,0.0,118,Jan-23
15121,ΗΛΙΑΚΟ ΧΩΡΙΟ,Κλάση Β,2997,10633,0.3,343,Jan-23
15121,ΗΛΙΑΚΟ ΧΩΡΙΟ,Κλάση Γ,787,1333,0.6,43,Jan-23
15121,ΛΕΩΝ ΜΕΛΑΣ,Κλάση A,19,558,0.0,18,Jan-23
15121,ΛΕΩΝ ΜΕΛΑΣ,Κλάση Β,411,1457,0.3,47,Jan-23
15121,ΛΕΩΝ ΜΕΛΑΣ,Κλάση Γ,89,155,0.6,5,Jan-23
15121,ΠΕΥΚΗ,Κλάση A,2801,84178,0.0,2717,Jan-23
15121,ΠΕΥΚΗ,Κλάση Β,62828,224787,0.3,7253,Jan-23
15121,ΠΕΥΚΗ,Κλάση Γ,20388,33245,0.6,1073,Jan-23
15121,ΠΕΥΚΗ,Κλάση Δ,4051,2201,1.8,71,Jan-23
15121,ΠΕΥΚΗ,Κλάση Ε,2345,248,9.5,8,Jan-23
15122,ΜΑΡΟΥΣΙ,Κλάση A,2325,72810,0.0,2351,Jan-23
15122,ΜΑΡΟΥΣΙ,Κλάση Β,47273,177180,0.3,5718,Jan-23
15122,ΜΑΡΟΥΣΙ,Κλάση Γ,18467,29525,0.6,953,Jan-23
15122,ΜΑΡΟΥΣΙ,Κλάση Δ,3213,1860,1.7,60,Jan-23
15122,ΜΑΡΟΥΣΙ,Κλάση Ε,1919,93,20.6,3,Jan-23
15122,ΠΕΥΚΗ ΜΑΡΟΥΣΙ (ΟΡΙΑ),Κλάση A,6,372,0.0,12,Jan-23
15122,ΠΕΥΚΗ ΜΑΡΟΥΣΙ (ΟΡΙΑ),Κλάση Β,103,341,0.3,11,Jan-23
15122,ΠΟΛΥΔΡΟΣΟ,Κλάση A,5,155,0.0,5,Jan-23
15122,ΠΟΛΥΔΡΟΣΟ,Κλάση Β,87,279,0.3,9,Jan-23
15122,ΨΑΛΙΔΙ,Κλάση A,75,2488,0.0,81,Jan-23
15122,ΨΑΛΙΔΙ,Κλάση Β,2516,8711,0.3,281,Jan-23
15122,ΨΑΛΙΔΙ,Κλάση Γ,1682,2596,0.7,84,Jan-23
15122,ΨΑΛΙΔΙ,Κλάση Δ,406,248,1.6,8,Jan-23
15122,ΨΑΛΙΔΙ,Κλάση Ε,5747,62,92.7,2,Jan-23
15123,ΑΓ. ΘΩΜΑΣ,Κλάση A,19,503,0.0,17,Jan-23
15123,ΑΓ. ΘΩΜΑΣ,Κλάση Β,467,1698,0.3,55,Jan-23
15123,ΑΓ. ΘΩΜΑΣ,Κλάση Γ,204,310,0.7,10,Jan-23
15123,ΜΑΡΟΥΣΙ,Κλάση A,30,930,0.0,30,Jan-23
15123,ΜΑΡΟΥΣΙ,Κλάση Β,620,2170,0.3,70,Jan-23
15123,ΜΑΡΟΥΣΙ,Κλάση Γ,328,496,0.7,16,Jan-23
15123,Ν. ΦΙΛΟΘΕΗ,Κλάση A,0,0,0.0,3,Jan-23
15123,ΠΑΡΑΔΕΙΣΟΣ,Κλάση A,19,713,0.0,28,Jan-23
15123,ΠΑΡΑΔΕΙΣΟΣ,Κλάση Β,77,341,0.2,11,Jan-23
15123,ΠΑΡΑΔΕΙΣΟΣ,Κλάση Ε,22474,123,182.7,4,Jan-23
15123,ΦΙΛΟΘΕΗ,Κλάση A,710,20145,0.0,958,Jan-23
15123,ΦΙΛΟΘΕΗ,Κλάση Β,14257,50238,0.3,1622,Jan-23
15123,ΦΙΛΟΘΕΗ,Κλάση Γ,6043,9662,0.6,313,Jan-23
15123,ΦΙΛΟΘΕΗ,Κλάση Δ,1759,1165,1.5,39,Jan-23
15123,ΦΙΛΟΘΕΗ,Κλάση Ε,10356,93,111.4,3,Jan-23
15124,ΑΓ. ΘΩΜΑΣ,Κλάση A,247,9231,0.0,299,Jan-23
15124,ΑΓ. ΘΩΜΑΣ,Κλάση Β,6430,21786,0.3,703,Jan-23
15124,ΑΓ. ΘΩΜΑΣ,Κλάση Γ,3722,5917,0.6,192,Jan-23
15124,ΑΓ. ΘΩΜΑΣ,Κλάση Δ,790,514,1.5,17,Jan-23
15124,ΜΑΡΟΥΣΙ,Κλάση A,2827,89566,0.0,2895,Jan-23
15124,ΜΑΡΟΥΣΙ,Κλάση Β,44804,169492,0.3,5472,Jan-23
15124,ΜΑΡΟΥΣΙ,Κλάση Γ,16594,26286,0.6,851,Jan-23
15124,ΜΑΡΟΥΣΙ,Κλάση Δ,6712,3671,1.8,120,Jan-23
15124,ΜΑΡΟΥΣΙ,Κλάση Ε,6010,422,14.2,14,Jan-23
15124,ΠΑΡΑΔΕΙΣΟΣ,Κλάση A,17,1147,0.0,37,Jan-23
15124,ΠΑΡΑΔΕΙΣΟΣ,Κλάση Β,151,528,0.3,18,Jan-23
15124,ΠΑΡΑΔΕΙΣΟΣ,Κλάση Γ,271,372,0.7,12,Jan-23
15124,ΠΑΡΑΔΕΙΣΟΣ,Κλάση Δ,842,452,1.9,15,Jan-23
15124,ΠΑΡΑΔΕΙΣΟΣ,Κλάση Ε,8102,260,31.2,9,Jan-23
15124,ΨΑΛΙΔΙ,Κλάση A,16,341,0.1,11,Jan-23
15124,ΨΑΛΙΔΙ,Κλάση Β,122,558,0.2,18,Jan-23
15124,ΨΑΛΙΔΙ,Κλάση Δ,201,93,2.2,3,Jan-23
15125,ΛΑΚΚΑ ΚΟΤΤΟΥ,Κλάση Β,64,217,0.3,7,Jan-23
15125,ΛΑΚΚΑ ΚΟΤΤΟΥ,Κλάση Γ,36,62,0.6,2,Jan-23
15125,ΜΑΡΟΥΣΙ,Κλάση A,820,23304,0.0,755,Jan-23
15125,ΜΑΡΟΥΣΙ,Κλάση Β,15445,58165,0.3,1877,Jan-23
15125,ΜΑΡΟΥΣΙ,Κλάση Γ,5532,8773,0.6,283,Jan-23
15125,ΜΑΡΟΥΣΙ,Κλάση Δ,1330,899,1.5,29,Jan-23
15125,Ν. ΜΑΡΟΥΣΙ,Κλάση A,7,310,0.0,10,Jan-23
15125,Ν. ΜΑΡΟΥΣΙ,Κλάση Β,207,682,0.3,22,Jan-23
15125,Ν. ΜΑΡΟΥΣΙ,Κλάση Γ,116,186,0.6,6,Jan-23
15125,ΠΑΡΑΔΕΙΣΟΣ,Κλάση A,1133,37177,0.0,1205,Jan-23
15125,ΠΑΡΑΔΕΙΣΟΣ,Κλάση Β,24793,91019,0.3,2938,Jan-23
15125,ΠΑΡΑΔΕΙΣΟΣ,Κλάση Γ,11399,17508,0.7,566,Jan-23
15125,ΠΑΡΑΔΕΙΣΟΣ,Κλάση Δ,6401,3442,1.9,112,Jan-23
15125,ΠΑΡΑΔΕΙΣΟΣ,Κλάση Ε,8240,428,19.3,14,Jan-23
15125,ΠΟΛΥΔΡΟΣΟ,Κλάση A,287,8065,0.0,261,Jan-23
15125,ΠΟΛΥΔΡΟΣΟ,Κλάση Β,6050,21360,0.3,690,Jan-23
15125,ΠΟΛΥΔΡΟΣΟ,Κλάση Γ,2518,4116,0.6,133,Jan-23
15125,ΠΟΛΥΔΡΟΣΟ,Κλάση Δ,1053,588,1.8,19,Jan-23
15125,ΠΟΛΥΔΡΟΣΟ,Κλάση Ε,1257,95,13.2,4,Jan-23
15125,ΣΥΝ ΚΑΡΠΑΘΙΩΝ,Κλάση A,39,1302,0.0,42,Jan-23
15125,ΣΥΝ ΚΑΡΠΑΘΙΩΝ,Κλάση Β,1614,6076,0.3,196,Jan-23
15125,ΣΥΝ ΚΑΡΠΑΘΙΩΝ,Κλάση Γ,406,651,0.6,21,Jan-23
15125,ΣΩΡΟΥ,Κλάση A,345,10983,0.0,355,Jan-23
15125,ΣΩΡΟΥ,Κλάση Β,7763,28024,0.3,904,Jan-23
15125,ΣΩΡΟΥ,Κλάση Γ,4027,6200,0.7,200,Jan-23
15125,ΣΩΡΟΥ,Κλάση Δ,1354,713,1.9,23,Jan-23
15125,ΣΩΡΟΥ,Κλάση Ε,491,62,7.9,2,Jan-23
15126,ΑΝΑΒΡΥΤΑ,Κλάση A,9,248,0.0,8,Jan-23
15126,ΑΝΑΒΡΥΤΑ,Κλάση Β,203,744,0.3,24,Jan-23
15126,ΜΑΡΟΥΣΙ,Κλάση A,972,27188,0.0,879,Jan-23
15126,ΜΑΡΟΥΣΙ,Κλάση Β,21193,76910,0.3,2481,Jan-23
15126,ΜΑΡΟΥΣΙ,Κλάση Γ,8703,13919,0.6,449,Jan-23
15126,ΜΑΡΟΥΣΙ,Κλάση Δ,2265,1302,1.7,42,Jan-23
15126,Ν. ΜΑΡΟΥΣΙ,Κλάση A,68,2511,0.0,81,Jan-23
15126,Ν. ΜΑΡΟΥΣΙ,Κλάση Β,1949,6577,0.3,213,Jan-23
15126,Ν. ΜΑΡΟΥΣΙ,Κλάση Γ,1409,2263,0.6,73,Jan-23
15126,Ν. ΜΑΡΟΥΣΙ,Κλάση Δ,217,150,1.5,5,Jan-23
15126,ΝΕΑ ΛΕΣΒΟΣ,Κλάση A,357,10974,0.0,354,Jan-23
15126,ΝΕΑ ΛΕΣΒΟΣ,Κλάση Β,9883,34864,0.3,1125,Jan-23
15126,ΝΕΑ ΛΕΣΒΟΣ,Κλάση Γ,4695,7575,0.6,245,Jan-23
15126,ΝΕΑ ΛΕΣΒΟΣ,Κλάση Δ,690,527,1.3,17,Jan-23
15126,ΝΕΟ ΜΑΡΟΥΣΙ,Κλάση A,9,248,0.0,8,Jan-23
15126,ΝΕΟ ΜΑΡΟΥΣΙ,Κλάση Β,177,496,0.4,16,Jan-23
15126,ΝΕΟ ΜΑΡΟΥΣΙ,Κλάση Γ,196,279,0.7,9,Jan-23
15126,ΝΕΟ ΜΑΡΟΥΣΙ,Κλάση Δ,71,62,1.2,2,Jan-23
15126,ΠΑΡΑΔΕΙΣΟΣ,Κλάση A,81,2356,0.0,76,Jan-23
15126,ΠΑΡΑΔΕΙΣΟΣ,Κλάση Β,2628,8835,0.3,285,Jan-23
15126,ΠΑΡΑΔΕΙΣΟΣ,Κλάση Γ,1115,1798,0.6,58,Jan-23
15126,ΠΑΡΑΔΕΙΣΟΣ,Κλάση Δ,116,93,1.3,3,Jan-23
15126,ΠΟΛΥΔΡΟΣΟ,Κλάση A,1,124,0.0,4,Jan-23
15126,ΠΟΛΥΔΡΟΣΟ,Κλάση Β,107,341,0.3,11,Jan-23
15126,ΣΙΣΜΑΝΟΓΛΕΙΟ,Κλάση A,59,2201,0.0,71,Jan-23
15126,ΣΙΣΜΑΝΟΓΛΕΙΟ,Κλάση Β,2867,9424,0.3,304,Jan-23
15126,ΣΙΣΜΑΝΟΓΛΕΙΟ,Κλάση Γ,2091,3224,0.7,104,Jan-23
15126,ΣΙΣΜΑΝΟΓΛΕΙΟ,Κλάση Δ,436,248,1.8,8,Jan-23
15126,ΣΤΟΥΝΤΙΟ ΑΛΦΑ,Κλάση A,24,837,0.0,27,Jan-23
15126,ΣΤΟΥΝΤΙΟ ΑΛΦΑ,Κλάση Β,963,3131,0.3,101,Jan-23
15126,ΣΤΟΥΝΤΙΟ ΑΛΦΑ,Κλάση Γ,968,1519,0.6,49,Jan-23
15126,ΣΤΟΥΝΤΙΟ ΑΛΦΑ,Κλάση Δ,142,93,1.5,3,Jan-23
15126,ΣΥΝ ΔΩΔΩΝΗΣ,Κλάση A,114,3015,0.0,98,Jan-23
15126,ΣΥΝ ΔΩΔΩΝΗΣ,Κλάση Β,2753,9982,0.3,322,Jan-23
15126,ΣΥΝ ΔΩΔΩΝΗΣ,Κλάση Γ,862,1426,0.6,46,Jan-23
15126,ΣΥΝ ΚΑΡΠΑΘΙΩΝ,Κλάση A,463,12648,0.0,408,Jan-23
15126,ΣΥΝ ΚΑΡΠΑΘΙΩΝ,Κλάση Β,11841,41478,0.3,1338,Jan-23
15126,ΣΥΝ ΚΑΡΠΑΘΙΩΝ,Κλάση Γ,3864,6386,0.6,206,Jan-23
15126,ΣΥΝ ΚΑΡΠΑΘΙΩΝ,Κλάση Δ,529,341,1.6,11,Jan-23
15126,ΣΩΡΟΥ,Κλάση A,84,2511,0.0,82,Jan-23
15126,ΣΩΡΟΥ,Κλάση Β,2705,9176,0.3,296,Jan-23
15126,ΣΩΡΟΥ,Κλάση Γ,1081,1767,0.6,57,Jan-23
15126,ΣΩΡΟΥ,Κλάση Δ,140,93,1.5,3,Jan-23
15127,ΑΝΩ ΜΕΛΙΣΣΙΑ,Κλάση Β,19,62,0.3,2,Jan-23
15127,ΑΝΩ ΜΕΛΙΣΣΙΑ,Κλάση A,1,93,0.0,3,Jan-23
15127,ΑΝΩ ΜΕΛΙΣΣΙΑ,Κλάση Β,27,93,0.3,3,Jan-23
15127,ΜΕΛΙΣΣΙΑ,Κλάση A,2921,94469,0.0,3055,Jan-23
15127,ΜΕΛΙΣΣΙΑ,Κλάση Β,67672,235308,0.3,7596,Jan-23
15127,ΜΕΛΙΣΣΙΑ,Κλάση Γ,31916,50709,0.6,1638,Jan-23
15127,ΜΕΛΙΣΣΙΑ,Κλάση Δ,5576,3512,1.6,114,Jan-23
15127,ΜΕΛΙΣΣΙΑ,Κλάση Ε,8705,403,21.6,13,Jan-23
15127,ΤΕΡΨΙΘΕΑ,Κλάση A,21,1209,0.0,39,Jan-23
15127,ΤΕΡΨΙΘΕΑ,Κλάση Β,642,2015,0.3,65,Jan-23
15127,ΤΕΡΨΙΘΕΑ,Κλάση Γ,323,527,0.6,17,Jan-23
15231,ΚΑΤΩ ΧΑΛΑΝΔΡΙ,Κλάση A,513,14435,0.0,570,Jan-23
15231,ΚΑΤΩ ΧΑΛΑΝΔΡΙ,Κλάση Β,10033,38020,0.3,1390,Jan-23
15231,ΚΑΤΩ ΧΑΛΑΝΔΡΙ,Κλάση Γ,4049,6407,0.6,279,Jan-23
15231,ΚΑΤΩ ΧΑΛΑΝΔΡΙ,Κλάση Δ,915,474,1.9,22,Jan-23
15231,ΧΑΛΑΝΔΡΙ,Κλάση A,1676,49602,0.0,1828,Jan-23
15231,ΧΑΛΑΝΔΡΙ,Κλάση Β,32347,118922,0.3,4331,Jan-23
15231,ΧΑΛΑΝΔΡΙ,Κλάση Γ,13764,21734,0.6,904,Jan-23
15231,ΧΑΛΑΝΔΡΙ,Κλάση Δ,5187,2893,1.8,122,Jan-23
15231,ΧΑΛΑΝΔΡΙ,Κλάση Ε,3197,432,7.4,17,Jan-23
15232,ΚΑΤΩ ΧΑΛΑΝΔΡΙ,Κλάση A,360,10416,0.0,391,Jan-23
15232,ΚΑΤΩ ΧΑΛΑΝΔΡΙ,Κλάση Β,7766,28471,0.3,1012,Jan-23
15232,ΚΑΤΩ ΧΑΛΑΝΔΡΙ,Κλάση Γ,2999,4860,0.6,199,Jan-23
15232,ΚΑΤΩ ΧΑΛΑΝΔΡΙ,Κλάση Δ,800,525,1.5,21,Jan-23
15232,ΠΑΤΗΜΑ,Κλάση Β,6,44,0.1,2,Jan-23
15232,ΧΑΛΑΝΔΡΙ,Κλάση A,2518,71595,0.0,2655,Jan-23
15232,ΧΑΛΑΝΔΡΙ,Κλάση Β,38244,144936,0.3,5214,Jan-23
15232,ΧΑΛΑΝΔΡΙ,Κλάση Γ,15292,23939,0.6,976,Jan-23
15232,ΧΑΛΑΝΔΡΙ,Κλάση Δ,6859,3790,1.8,159,Jan-23
15232,ΧΑΛΑΝΔΡΙ,Κλάση Ε,5662,473,12.0,19,Jan-23
15233,ΠΟΛΥΔΡΟΣΟ,Κλάση A,419,11529,0.0,449,Jan-23
15233,ΠΟΛΥΔΡΟΣΟ,Κλάση Β,10322,37487,0.3,1319,Jan-23
15233,ΠΟΛΥΔΡΟΣΟ,Κλάση Γ,3775,5902,0.6,224,Jan-23
15233,ΠΟΛΥΔΡΟΣΟ,Κλάση Δ,609,428,1.4,21,Jan-23
15233,ΠΟΛΥΔΡΟΣΟ,Κλάση Ε,683,80,8.5,3,Jan-23
15233,ΧΑΛΑΝΔΡΙ,Κλάση A,2295,66247,0.0,2461,Jan-23
15233,ΧΑΛΑΝΔΡΙ,Κλάση Β,36096,135332,0.3,4844,Jan-23
15233,ΧΑΛΑΝΔΡΙ,Κλάση Γ,13330,20999,0.6,854,Jan-23
15233,ΧΑΛΑΝΔΡΙ,Κλάση Δ,6028,3204,1.9,135,Jan-23
15233,ΧΑΛΑΝΔΡΙ,Κλάση Ε,1289,149,8.7,6,Jan-23
15234,ΤΟΥΦΑ,Κλάση A,127,3282,0.0,125,Jan-23
15234,ΤΟΥΦΑ,Κλάση Β,2629,9713,0.3,337,Jan-23
15234,ΤΟΥΦΑ,Κλάση Γ,658,1010,0.7,39,Jan-23
15234,ΤΟΥΦΑ,Κλάση Δ,112,95,1.2,4,Jan-23
15234,ΧΑΛΑΝΔΡΙ,Κλάση A,3380,97764,0.0,3703,Jan-23
15234,ΧΑΛΑΝΔΡΙ,Κλάση Β,66397,246051,0.3,8694,Jan-23
15234,ΧΑΛΑΝΔΡΙ,Κλάση Γ,22700,36682,0.6,1458,Jan-23
15234,ΧΑΛΑΝΔΡΙ,Κλάση Δ,5855,3635,1.6,147,Jan-23
15234,ΧΑΛΑΝΔΡΙ,Κλάση Ε,2145,217,9.9,7,Jan-23
15235,ΒΡΙΛΗΣΣΙΑ,Κλάση A,132,4189,0.0,140,Jan-23
15235,ΒΡΙΛΗΣΣΙΑ,Κλάση Β,1361,5173,0.3,168,Jan-23
15235,ΒΡΙΛΗΣΣΙΑ,Κλάση Γ,1003,1577,0.6,51,Jan-23
15235,ΒΡΙΛΗΣΣΙΑ,Κλάση Δ,732,407,1.8,14,Jan-23
15235,ΠΑΤΗΜΑ,Κλάση Β,60,173,0.4,6,Jan-23
15235,ΠΑΤΗΜΑ,Κλάση Γ,21,39,0.5,3,Jan-23
15235,ΧΑΛΑΝΔΡΙ,Κλάση Β,42,180,0.2,6,Jan-23
15236,ΚΑΛΛΙΘΕΑ,Κλάση A,1,279,0.0,9,Jan-23
15236,ΚΑΛΛΙΘΕΑ,Κλάση Β,120,372,0.3,12,Jan-23
15236,ΚΑΛΛΙΘΕΑ,Κλάση Γ,146,248,0.6,8,Jan-23
15236,ΚΡΑΣΣΑΣ,Κλάση A,3,155,0.0,5,Jan-23
15236,ΚΡΑΣΣΑΣ,Κλάση Β,22,62,0.4,2,Jan-23
15236,ΝΕΑ ΠΕΝΤΕΛΗ,Κλάση A,482,19410,0.0,627,Jan-23
15236,ΝΕΑ ΠΕΝΤΕΛΗ,Κλάση Β,14871,49955,0.3,1612,Jan-23
15236,ΝΕΑ ΠΕΝΤΕΛΗ,Κλάση Γ,11365,17498,0.7,565,Jan-23
15236,ΝΕΑ ΠΕΝΤΕΛΗ,Κλάση Δ,1936,1395,1.4,45,Jan-23
15236,ΟΙΚ. ΑΓ .ΔΗΜΗΤΡΙΟΥ,Κλάση A,42,2914,0.0,94,Jan-23
15236,ΟΙΚ. ΑΓ .ΔΗΜΗΤΡΙΟΥ,Κλάση Β,598,2077,0.3,67,Jan-23
15236,ΟΙΚ. ΑΓ .ΔΗΜΗΤΡΙΟΥ,Κλάση Γ,483,713,0.7,23,Jan-23
15236,ΟΙΚ. ΑΓ .ΔΗΜΗΤΡΙΟΥ,Κλάση Δ,218,124,1.8,4,Jan-23
15236,ΠΑΛΑΙΑ ΠΕΝΤΕΛΗ,Κλάση Β,8,62,0.1,2,Jan-23
15236,ΠΕΝΤΕΛΗ,Κλάση A,365,15191,0.0,494,Jan-23
15236,ΠΕΝΤΕΛΗ,Κλάση Β,10134,34228,0.3,1105,Jan-23
15236,ΠΕΝΤΕΛΗ,Κλάση Γ,9170,13975,0.7,451,Jan-23
15236,ΠΕΝΤΕΛΗ,Κλάση Δ,4902,2827,1.7,92,Jan-23
15236,ΠΕΝΤΕΛΗ,Κλάση Ε,5209,155,33.6,5,Jan-23
15237,ΦΙΛΟΘΕΗ,Κλάση A,519,19237,0.0,2370,Jan-23
15237,ΦΙΛΟΘΕΗ,Κλάση Β,12094,41491,0.3,1342,Jan-23
15237,ΦΙΛΟΘΕΗ,Κλάση Γ,10939,16360,0.7,532,Jan-23
15237,ΦΙΛΟΘΕΗ,Κλάση Δ,7853,4953,1.6,161,Jan-23
15237,ΦΙΛΟΘΕΗ,Κλάση Ε,478,70,6.8,3,Jan-23
15238,ΠΑΤΗΜΑ,Κλάση A,762,24780,0.0,955,Jan-23
15238,ΠΑΤΗΜΑ,Κλάση Β,22584,74956,0.3,2676,Jan-23
15238,ΠΑΤΗΜΑ,Κλάση Γ,16009,24904,0.6,945,Jan-23
15238,ΠΑΤΗΜΑ,Κλάση Δ,3134,2007,1.6,84,Jan-23
15238,ΠΑΤΗΜΑ,Κλάση Ε,1663,185,9.0,9,Jan-23
15239,ΝΕΑ ΠΕΝΤΕΛΗ,Κλάση A,87,2883,0.0,93,Jan-23
15239,ΝΕΑ ΠΕΝΤΕΛΗ,Κλάση Β,2977,10013,0.3,323,Jan-23
15239,ΝΕΑ ΠΕΝΤΕΛΗ,Κλάση Γ,1895,2976,0.6,96,Jan-23
15239,ΝΕΑ ΠΕΝΤΕΛΗ,Κλάση Δ,498,372,1.3,12,Jan-23
15341,ΑΓ. ΠΑΡΑΣΚΕΥΗ,Κλάση A,1755,52996,0.0,1718,Jan-23
15341,ΑΓ. ΠΑΡΑΣΚΕΥΗ,Κλάση Β,38070,140483,0.3,4533,Jan-23
15341,ΑΓ. ΠΑΡΑΣΚΕΥΗ,Κλάση Γ,13567,21938,0.6,708,Jan-23
15341,ΑΓ. ΠΑΡΑΣΚΕΥΗ,Κλάση Δ,3511,2303,1.5,75,Jan-23
15341,ΑΓ. ΠΑΡΑΣΚΕΥΗ,Κλάση Ε,2588,93,27.8,3,Jan-23
15341,ΝΕΑ ΖΩΗ,Κλάση A,662,21479,0.0,696,Jan-23
15341,ΝΕΑ ΖΩΗ,Κλάση Β,16012,59492,0.3,1921,Jan-23
15341,ΝΕΑ ΖΩΗ,Κλάση Γ,5439,8791,0.6,284,Jan-23
15341,ΝΕΑ ΖΩΗ,Κλάση Δ,1027,678,1.5,22,Jan-23
15341,ΤΣΑΚΟΣ,Κλάση A,622,18105,0.0,585,Jan-23
15341,ΤΣΑΚΟΣ,Κλάση Β,13419,48483,0.3,1564,Jan-23
15341,ΤΣΑΚΟΣ,Κλάση Γ,5821,9362,0.6,302,Jan-23
15341,ΤΣΑΚΟΣ,Κλάση Δ,693,465,1.5,15,Jan-23
15342,ΑΓ. ΠΑΡΑΣΚΕΥΗ,Κλάση A,2457,75003,0.0,2423,Jan-23
15342,ΑΓ. ΠΑΡΑΣΚΕΥΗ,Κλάση Β,45185,166737,0.3,5381,Jan-23
15342,ΑΓ. ΠΑΡΑΣΚΕΥΗ,Κλάση Γ,16838,26907,0.6,869,Jan-23
15342,ΑΓ. ΠΑΡΑΣΚΕΥΗ,Κλάση Δ,7448,4339,1.7,140,Jan-23
15342,ΑΓ. ΠΑΡΑΣΚΕΥΗ,Κλάση Ε,3104,186,16.7,6,Jan-23
15343,ΑΓ. ΠΑΡΑΣΚΕΥΗ,Κλάση A,599,19559,0.0,633,Jan-23
15343,ΑΓ. ΠΑΡΑΣΚΕΥΗ,Κλάση Β,10057,36105,0.3,1165,Jan-23
15343,ΑΓ. ΠΑΡΑΣΚΕΥΗ,Κλάση Γ,5165,8290,0.6,268,Jan-23
15343,ΑΓ. ΠΑΡΑΣΚΕΥΗ,Κλάση Δ,852,434,2.0,14,Jan-23
15343,ΑΓ. ΠΑΡΑΣΚΕΥΗ,Κλάση Ε,734,93,7.9,3,Jan-23
15343,ΚΟΝΤΟΠΕΥΚΟ,Κλάση A,1418,43084,0.0,1404,Jan-23
15343,ΚΟΝΤΟΠΕΥΚΟ,Κλάση Β,32449,116743,0.3,3769,Jan-23
15343,ΚΟΝΤΟΠΕΥΚΟ,Κλάση Γ,12914,20681,0.6,669,Jan-23
15343,ΚΟΝΤΟΠΕΥΚΟ,Κλάση Δ,1374,990,1.4,32,Jan-23
15343,ΠΑΡΑΔΕΙΣΟΣ,Κλάση A,740,21978,0.0,713,Jan-23
15343,ΠΑΡΑΔΕΙΣΟΣ,Κλάση Β,17677,62557,0.3,2019,Jan-23
15343,ΠΑΡΑΔΕΙΣΟΣ,Κλάση Γ,7597,12147,0.6,392,Jan-23
15343,ΠΑΡΑΔΕΙΣΟΣ,Κλάση Δ,1191,782,1.5,27,Jan-23
15343,ΠΕΥΚΑΚΙΑ,Κλάση A,359,11702,0.0,379,Jan-23
15343,ΠΕΥΚΑΚΙΑ,Κλάση Β,9887,33457,0.3,1081,Jan-23
15343,ΠΕΥΚΑΚΙΑ,Κλάση Γ,6464,10205,0.6,330,Jan-23
15343,ΠΕΥΚΑΚΙΑ,Κλάση Δ,987,715,1.4,24,Jan-23
15343,ΠΕΥΚΑΚΙΑ,Κλάση Ε,1207,93,13.0,3,Jan-23
15343,ΣΤΑΥΡΟΣ,Κλάση A,15,372,0.0,12,Jan-23
15343,ΣΤΑΥΡΟΣ,Κλάση Β,225,837,0.3,27,Jan-23
15343,ΣΤΑΥΡΟΣ,Κλάση Γ,72,124,0.6,4,Jan-23
15344,ΑΡΤΕΜΙΣ ΑΝΑΤΟΛΙΚΗΣ ΑΤΤΙΚΗΣ,Κλάση A,0,0,0.0,2,Jan-23
15344,ΓΕΡΑΚΑΣ,Κλάση A,519,16149,0.0,531,Jan-23
15344,ΓΕΡΑΚΑΣ,Κλάση Β,8344,30270,0.3,978,Jan-23
15344,ΓΕΡΑΚΑΣ,Κλάση Γ,3315,5150,0.6,168,Jan-23
15344,ΓΕΡΑΚΑΣ,Κλάση Δ,1957,1116,1.8,36,Jan-23
15344,ΓΕΡΑΚΑΣ,Κλάση Ε,653,62,10.5,2,Jan-23
15351,ΚΑΝΤΖΑ,Κλάση A,570,20926,0.0,678,Jan-23
15351,ΚΑΝΤΖΑ,Κλάση Β,14959,52798,0.3,1704,Jan-23
15351,ΚΑΝΤΖΑ,Κλάση Γ,7287,11261,0.7,364,Jan-23
15351,ΚΑΝΤΖΑ,Κλάση Δ,1974,1194,1.7,39,Jan-23
15351,ΚΑΝΤΖΑ,Κλάση Ε,856,124,6.9,4,Jan-23
15351,ΠΑΛΛΗΝΗ,Κλάση A,1491,45056,0.0,1569,Jan-23
15351,ΠΑΛΛΗΝΗ,Κλάση Β,27377,99705,0.3,3218,Jan-23
15351,ΠΑΛΛΗΝΗ,Κλάση Γ,10114,16276,0.6,526,Jan-23
15351,ΠΑΛΛΗΝΗ,Κλάση Δ,2095,1364,1.5,44,Jan-23
15351,ΠΑΛΛΗΝΗ,Κλάση Ε,6231,186,33.5,6,Jan-23
15354,ΓΛΥΚΑ ΝΕΡΑ,Κλάση A,689,22161,0.0,724,Jan-23
15354,ΓΛΥΚΑ ΝΕΡΑ,Κλάση Β,15946,55540,0.3,1793,Jan-23
15354,ΓΛΥΚΑ ΝΕΡΑ,Κλάση Γ,6684,10685,0.6,347,Jan-23
15354,ΓΛΥΚΑ ΝΕΡΑ,Κλάση Δ,2077,1173,1.8,38,Jan-23
15354,ΠΑΙΑΝΙΑ,Κλάση A,0,31,0.0,7,Jan-23
15354,ΣΤΑΥΡΟΣ,Κλάση A,13,620,0.0,20,Jan-23
15354,ΣΤΑΥΡΟΣ,Κλάση Β,126,434,0.3,14,Jan-23
15354,ΣΤΑΥΡΟΣ,Κλάση Γ,76,124,0.6,4,Jan-23
15354,ΣΤΑΥΡΟΣ,Κλάση Δ,122,62,2.0,2,Jan-23
15451,ΑΣΥΡΜΑΤΟΣ,Κλάση A,1,62,0.0,2,Jan-23
15451,ΑΣΥΡΜΑΤΟΣ,Κλάση Β,18,62,0.3,2,Jan-23
15451,ΝΕΟ ΨΥΧΙΚΟ,Κλάση A,2144,64645,0.0,2401,Jan-23
15451,ΝΕΟ ΨΥΧΙΚΟ,Κλάση Β,35051,130474,0.3,4694,Jan-23
15451,ΝΕΟ ΨΥΧΙΚΟ,Κλάση Γ,15412,24383,0.6,985,Jan-23
15451,ΝΕΟ ΨΥΧΙΚΟ,Κλάση Δ,6297,3271,1.9,136,Jan-23
15451,ΝΕΟ ΨΥΧΙΚΟ,Κλάση Ε,8138,711,11.5,28,Jan-23
15452,ΨΥΧΙΚΟ,Κλάση A,1342,46355,0.0,1711,Jan-23
15452,ΨΥΧΙΚΟ,Κλάση Β,26420,93873,0.3,3574,Jan-23
15452,ΨΥΧΙΚΟ,Κλάση Γ,26446,39354,0.7,1686,Jan-23
15452,ΨΥΧΙΚΟ,Κλάση Δ,18480,11676,1.6,570,Jan-23
15452,ΨΥΧΙΚΟ,Κλάση Ε,8086,697,11.6,39,Jan-23
15561,ΧΟΛΑΡΓΟΣ,Κλάση A,2843,87268,0.0,2817,Jan-23
15561,ΧΟΛΑΡΓΟΣ,Κλάση Β,46175,175331,0.3,5657,Jan-23
15561,ΧΟΛΑΡΓΟΣ,Κλάση Γ,14542,23433,0.6,757,Jan-23
15561,ΧΟΛΑΡΓΟΣ,Κλάση Δ,5035,2790,1.8,91,Jan-23
15561,ΧΟΛΑΡΓΟΣ,Κλάση Ε,2433,282,8.6,10,Jan-23
15562,ΧΟΛΑΡΓΟΣ,Κλάση A,2540,78222,0.0,2526,Jan-23
15562,ΧΟΛΑΡΓΟΣ,Κλάση Β,53446,198441,0.3,6402,Jan-23
15562,ΧΟΛΑΡΓΟΣ,Κλάση Γ,17838,28616,0.6,924,Jan-23
15562,ΧΟΛΑΡΓΟΣ,Κλάση Δ,3057,1745,1.8,57,Jan-23
15562,ΧΟΛΑΡΓΟΣ,Κλάση Ε,4024,248,16.2,8,Jan-23
15669,ΠΑΠΑΓΟΣ,Κλάση A,1592,53727,0.0,1743,Jan-23
15669,ΠΑΠΑΓΟΣ,Κλάση Β,41717,145875,0.3,4708,Jan-23
15669,ΠΑΠΑΓΟΣ,Κλάση Γ,21978,34587,0.6,1116,Jan-23
15669,ΠΑΠΑΓΟΣ,Κλάση Δ,3147,2326,1.4,76,Jan-23
15669,ΠΑΠΑΓΟΣ,Κλάση Ε,3902,217,18.0,7,Jan-23
15771,ΖΩΓΡΑΦΟΥ,Κλάση A,5608,171173,0.0,5554,Jan-23
15771,ΖΩΓΡΑΦΟΥ,Κλάση Β,63207,264524,0.2,8560,Jan-23
15771,ΖΩΓΡΑΦΟΥ,Κλάση Γ,15247,24584,0.6,798,Jan-23
15771,ΖΩΓΡΑΦΟΥ,Κλάση Δ,3776,2057,1.8,67,Jan-23
15771,ΖΩΓΡΑΦΟΥ,Κλάση Ε,16814,93,180.8,3,Jan-23
15771,ΙΛΙΣΙΑ,Κλάση A,356,11169,0.0,376,Jan-23
15771,ΙΛΙΣΙΑ,Κλάση Β,3489,15212,0.2,513,Jan-23
15771,ΙΛΙΣΙΑ,Κλάση Γ,480,748,0.6,31,Jan-23
15771,ΙΛΙΣΙΑ,Κλάση Δ,302,117,2.6,4,Jan-23
15771,ΚΟΥΠΟΝΙΑ,Κλάση A,73,1830,0.0,60,Jan-23
15771,ΚΟΥΠΟΝΙΑ,Κλάση Β,811,3533,0.2,114,Jan-23
15771,ΚΟΥΠΟΝΙΑ,Κλάση Γ,195,310,0.6,10,Jan-23
15772,ΖΩΓΡΑΦΟΥ,Κλάση A,7402,208433,0.0,6732,Jan-23
15772,ΖΩΓΡΑΦΟΥ,Κλάση Β,92959,379707,0.2,12256,Jan-23
15772,ΖΩΓΡΑΦΟΥ,Κλάση Γ,21747,35366,0.6,1144,Jan-23
15772,ΖΩΓΡΑΦΟΥ,Κλάση Δ,3651,2083,1.8,68,Jan-23
15772,ΖΩΓΡΑΦΟΥ,Κλάση Ε,3196,217,14.7,7,Jan-23
15773,ΓΟΥΔΙ,Κλάση A,455,13326,0.0,473,Jan-23
15773,ΓΟΥΔΙ,Κλάση Β,4234,18005,0.2,631,Jan-23
15773,ΓΟΥΔΙ,Κλάση Γ,887,1365,0.7,54,Jan-23
15773,ΓΟΥΔΙ,Κλάση Δ,600,361,1.7,13,Jan-23
15773,ΓΟΥΔΙ,Κλάση Ε,306,44,7.0,2,Jan-23
15773,ΖΩΓΡΑΦΟΥ,Κλάση A,5144,155869,0.0,5035,Jan-23
15773,ΖΩΓΡΑΦΟΥ,Κλάση Β,59368,244820,0.2,7902,Jan-23
15773,ΖΩΓΡΑΦΟΥ,Κλάση Γ,13991,23168,0.6,748,Jan-23
15773,ΖΩΓΡΑΦΟΥ,Κλάση Δ,2856,1891,1.5,62,Jan-23
15773,ΖΩΓΡΑΦΟΥ,Κλάση Ε,7197,217,33.2,7,Jan-23
16121,ΖΩΟΔΟΧΟΥ ΠΗΓΗΣ,Κλάση A,116,3321,0.0,108,Jan-23
16121,ΖΩΟΔΟΧΟΥ ΠΗΓΗΣ,Κλάση Β,1321,5638,0.2,182,Jan-23
16121,ΖΩΟΔΟΧΟΥ ΠΗΓΗΣ,Κλάση Γ,319,527,0.6,17,Jan-23
16121,ΖΩΟΔΟΧΟΥ ΠΗΓΗΣ,Κλάση Δ,116,62,1.9,2,Jan-23
16121,ΚΑΙΣΑΡΙΑΝΗ,Κλάση A,4335,132213,0.0,4269,Jan-23
16121,ΚΑΙΣΑΡΙΑΝΗ,Κλάση Β,53248,215301,0.3,6947,Jan-23
16121,ΚΑΙΣΑΡΙΑΝΗ,Κλάση Γ,12872,20975,0.6,678,Jan-23
16121,ΚΑΙΣΑΡΙΑΝΗ,Κλάση Δ,5090,2573,2.0,83,Jan-23
16121,ΚΑΙΣΑΡΙΑΝΗ,Κλάση Ε,5381,217,24.8,7,Jan-23
16121,ΠΑΓΚΡΑΤΙ,Κλάση A,418,13547,0.0,439,Jan-23
16121,ΠΑΓΚΡΑΤΙ,Κλάση Β,3967,16647,0.2,537,Jan-23
16121,ΠΑΓΚΡΑΤΙ,Κλάση Γ,882,1426,0.6,46,Jan-23
16121,ΠΑΓΚΡΑΤΙ,Κλάση Δ,304,155,2.0,5,Jan-23
16121,ΠΑΓΚΡΑΤΙ ΧΙΛΤΟΝ,Κλάση A,14,370,0.0,13,Jan-23
16121,ΠΑΓΚΡΑΤΙ ΧΙΛΤΟΝ,Κλάση Β,127,562,0.2,23,Jan-23
16121,ΠΑΓΚΡΑΤΙ ΧΙΛΤΟΝ,Κλάση Γ,149,215,0.7,7,Jan-23
16121,ΧΙΛΤΟΝ,Κλάση A,381,13534,0.0,437,Jan-23
16121,ΧΙΛΤΟΝ,Κλάση Β,4974,21235,0.2,685,Jan-23
16121,ΧΙΛΤΟΝ,Κλάση Γ,896,1488,0.6,48,Jan-23
16121,ΧΙΛΤΟΝ,Κλάση Δ,422,155,2.7,5,Jan-23
16121,ΧΙΛΤΟΝ,Κλάση Ε,1107,75,14.8,3,Jan-23
16122,ΚΑΙΣΑΡΙΑΝΗ,Κλάση A,1477,41788,0.0,1353,Jan-23
16122,ΚΑΙΣΑΡΙΑΝΗ,Κλάση Β,23509,88195,0.3,2845,Jan-23
16122,ΚΑΙΣΑΡΙΑΝΗ,Κλάση Γ,7697,12586,0.6,406,Jan-23
16122,ΚΑΙΣΑΡΙΑΝΗ,Κλάση Δ,1344,806,1.7,26,Jan-23
16231,ΑΝΑΛΗΨΗ,Κλάση A,1982,59853,0.0,1940,Jan-23
16231,ΑΝΑΛΗΨΗ,Κλάση Β,27874,108453,0.3,3502,Jan-23
16231,ΑΝΑΛΗΨΗ,Κλάση Γ,7985,13146,0.6,427,Jan-23
16231,ΑΝΑΛΗΨΗ,Κλάση Δ,1015,682,1.5,22,Jan-23
16231,ΒΥΡΩΝΑΣ,Κλάση A,2210,65873,0.0,2334,Jan-23
16231,ΒΥΡΩΝΑΣ,Κλάση Β,28672,111899,0.3,3613,Jan-23
16231,ΒΥΡΩΝΑΣ,Κλάση Γ,8696,14145,0.6,457,Jan-23
16231,ΒΥΡΩΝΑΣ,Κλάση Δ,1362,898,1.5,29,Jan-23
16231,ΒΥΡΩΝΑΣ,Κλάση Ε,246,37,6.7,2,Jan-23
16231,ΖΩΟΔΟΧΟΥ ΠΗΓΗΣ,Κλάση A,417,12744,0.0,414,Jan-23
16231,ΖΩΟΔΟΧΟΥ ΠΗΓΗΣ,Κλάση Β,5672,22318,0.3,720,Jan-23
16231,ΖΩΟΔΟΧΟΥ ΠΗΓΗΣ,Κλάση Γ,1418,2294,0.6,74,Jan-23
16231,ΖΩΟΔΟΧΟΥ ΠΗΓΗΣ,Κλάση Δ,415,248,1.7,8,Jan-23
16231,ΜΕΤΑΜΟΡΦΩΣΗ,Κλάση A,328,10480,0.0,340,Jan-23
16231,ΜΕΤΑΜΟΡΦΩΣΗ,Κλάση Β,5534,20506,0.3,662,Jan-23
16231,ΜΕΤΑΜΟΡΦΩΣΗ,Κλάση Γ,1871,3052,0.6,99,Jan-23
16231,ΜΕΤΑΜΟΡΦΩΣΗ,Κλάση Δ,86,62,1.4,2,Jan-23
16231,ΠΑΓΚΡΑΤΙ,Κλάση A,68,2232,0.0,72,Jan-23
16231,ΠΑΓΚΡΑΤΙ,Κλάση Β,628,2480,0.3,80,Jan-23
16231,ΠΑΓΚΡΑΤΙ,Κλάση Γ,150,248,0.6,8,Jan-23
16232,ΑΝΑΛΗΨΗ,Κλάση A,2,248,0.0,8,Jan-23
16232,ΑΝΑΛΗΨΗ,Κλάση Β,49,279,0.2,9,Jan-23
16232,ΑΝΑΛΗΨΗ,Κλάση Γ,59,93,0.6,3,Jan-23
16232,ΒΥΡΩΝΑΣ,Κλάση A,1644,51772,0.0,6900,Jan-23
16232,ΒΥΡΩΝΑΣ,Κλάση Β,24485,96109,0.3,3116,Jan-23
16232,ΒΥΡΩΝΑΣ,Κλάση Γ,7113,11804,0.6,387,Jan-23
16232,ΒΥΡΩΝΑΣ,Κλάση Δ,705,522,1.4,18,Jan-23
16232,ΒΥΡΩΝΑΣ,Κλάση Ε,433,55,7.9,2,Jan-23
16232,ΜΕΤΑΜΟΡΦΩΣΗ,Κλάση A,829,26306,0.0,1376,Jan-23
16232,ΜΕΤΑΜΟΡΦΩΣΗ,Κλάση Β,15228,54522,0.3,1762,Jan-23
16232,ΜΕΤΑΜΟΡΦΩΣΗ,Κλάση Γ,6019,9737,0.6,319,Jan-23
16232,ΜΕΤΑΜΟΡΦΩΣΗ,Κλάση Δ,851,452,1.9,16,Jan-23
16232,ΜΕΤΑΜΟΡΦΩΣΗ,Κλάση Ε,426,62,6.9,2,Jan-23
16232,ΠΑΓΚΡΑΤΙ,Κλάση A,102,3008,0.0,428,Jan-23
16232,ΠΑΓΚΡΑΤΙ,Κλάση Β,766,3285,0.2,106,Jan-23
16232,ΠΑΓΚΡΑΤΙ,Κλάση Γ,143,217,0.7,7,Jan-23
16233,ΑΝΑΛΗΨΗ,Κλάση A,20,558,0.0,18,Jan-23
16233,ΑΝΑΛΗΨΗ,Κλάση Β,275,930,0.3,30,Jan-23
16233,ΑΝΑΛΗΨΗ,Κλάση Γ,189,279,0.7,9,Jan-23
16233,ΑΝΑΛΗΨΗ,Κλάση Δ,168,93,1.8,3,Jan-23
16233,ΒΥΡΩΝΑΣ,Κλάση A,64,1984,0.0,65,Jan-23
16233,ΒΥΡΩΝΑΣ,Κλάση Β,1730,6200,0.3,200,Jan-23
16233,ΒΥΡΩΝΑΣ,Κλάση Γ,706,1116,0.6,36,Jan-23
16233,ΖΩΟΔΟΧΟΥ ΠΗΓΗΣ,Κλάση A,619,18775,0.0,617,Jan-23
16233,ΖΩΟΔΟΧΟΥ ΠΗΓΗΣ,Κλάση Β,13322,48232,0.3,1559,Jan-23
16233,ΖΩΟΔΟΧΟΥ ΠΗΓΗΣ,Κλάση Γ,5062,8067,0.6,262,Jan-23
16233,ΖΩΟΔΟΧΟΥ ΠΗΓΗΣ,Κλάση Δ,1276,759,1.7,25,Jan-23
16233,ΖΩΟΔΟΧΟΥ ΠΗΓΗΣ,Κλάση Ε,1173,62,18.9,2,Jan-23
16233,ΚΑΡΕΑΣ,Κλάση A,743,25803,0.0,834,Jan-23
16233,ΚΑΡΕΑΣ,Κλάση Β,17403,62206,0.3,2007,Jan-23
16233,ΚΑΡΕΑΣ,Κλάση Γ,6421,10323,0.6,333,Jan-23
16233,ΚΑΡΕΑΣ,Κλάση Δ,1435,868,1.7,28,Jan-23
16233,ΚΑΡΕΑΣ,Κλάση Ε,3924,124,31.7,4,Jan-23
16233,ΜΕΤΑΜΟΡΦΩΣΗ,Κλάση A,81,3038,0.0,98,Jan-23
16233,ΜΕΤΑΜΟΡΦΩΣΗ,Κλάση Β,2208,7626,0.3,246,Jan-23
16233,ΜΕΤΑΜΟΡΦΩΣΗ,Κλάση Γ,914,1488,0.6,48,Jan-23
16233,ΜΕΤΑΜΟΡΦΩΣΗ,Κλάση Δ,285,186,1.5,6,Jan-23
16233,ΝΕΑ ΕΛΒΕΤΙΑ,Κλάση A,45,1181,0.0,40,Jan-23
16233,ΝΕΑ ΕΛΒΕΤΙΑ,Κλάση Β,1413,4820,0.3,156,Jan-23
16233,ΝΕΑ ΕΛΒΕΤΙΑ,Κλάση Γ,364,633,0.6,21,Jan-23
16233,ΝΕΑ ΕΛΒΕΤΙΑ,Κλάση Δ,158,124,1.3,4,Jan-23
16341,ΑΓ. ΚΩΝΣΤΑΝΤΙΝΟΣ,Κλάση A,2,60,0.0,2,Jan-23
16341,ΑΓ. ΚΩΝΣΤΑΝΤΙΝΟΣ,Κλάση Γ,42,60,0.7,2,Jan-23
16341,ΑΓ. ΜΑΡΙΝΑ,Κλάση A,0,81,0.0,3,Jan-23
16341,ΑΓ. ΜΑΡΙΝΑ,Κλάση Β,12,54,0.2,2,Jan-23
16341,ΑΣΤΥΝΟΜΙΚΑ,Κλάση A,0,62,0.0,35,Jan-23
16341,ΑΣΤΥΝΟΜΙΚΑ,Κλάση Β,30,124,0.2,4,Jan-23
16341,ΑΣΤΥΝΟΜΙΚΑ,Κλάση Δ,183,62,3.0,2,Jan-23
16341,ΗΛΙΟΥΠΟΛΗ,Κλάση A,1637,45222,0.0,2153,Jan-23
16341,ΗΛΙΟΥΠΟΛΗ,Κλάση Β,33450,121903,0.3,4210,Jan-23
16341,ΗΛΙΟΥΠΟΛΗ,Κλάση Γ,12294,19705,0.6,684,Jan-23
16341,ΗΛΙΟΥΠΟΛΗ,Κλάση Δ,3042,1761,1.7,63,Jan-23
16341,ΗΛΙΟΥΠΟΛΗ,Κλάση Ε,2472,144,17.2,5,Jan-23
16341,ΣΥΝ. ΤΥΠΟΓΡΑΦΩΝ,Κλάση A,74,1946,0.0,69,Jan-23
16341,ΣΥΝ. ΤΥΠΟΓΡΑΦΩΝ,Κλάση Β,844,3172,0.3,112,Jan-23
16341,ΣΥΝ. ΤΥΠΟΓΡΑΦΩΝ,Κλάση Γ,180,312,0.6,11,Jan-23
16341,ΣΥΝ. ΤΥΠΟΓΡΑΦΩΝ,Κλάση Δ,131,57,2.3,2,Jan-23
16342,ΑΓ. ΚΩΝΣΤΑΝΤΙΝΟΣ,Κλάση A,21,577,0.0,22,Jan-23
16342,ΑΓ. ΚΩΝΣΤΑΝΤΙΝΟΣ,Κλάση Β,506,1893,0.3,73,Jan-23
16342,ΑΓ. ΚΩΝΣΤΑΝΤΙΝΟΣ,Κλάση Γ,181,283,0.6,11,Jan-23
16342,ΑΓ. ΚΩΝΣΤΑΝΤΙΝΟΣ,Κλάση Δ,171,53,3.2,2,Jan-23
16342,ΑΣΤΥΝΟΜΙΚΑ,Κλάση A,312,9231,0.0,1200,Jan-23
16342,ΑΣΤΥΝΟΜΙΚΑ,Κλάση Β,7680,27107,0.3,890,Jan-23
16342,ΑΣΤΥΝΟΜΙΚΑ,Κλάση Γ,2976,4810,0.6,157,Jan-23
16342,ΑΣΤΥΝΟΜΙΚΑ,Κλάση Δ,248,219,1.1,8,Jan-23
16342,ΗΛΙΟΥΠΟΛΗ,Κλάση A,1024,28701,0.0,1312,Jan-23
16342,ΗΛΙΟΥΠΟΛΗ,Κλάση Β,18262,67560,0.3,2436,Jan-23
16342,ΗΛΙΟΥΠΟΛΗ,Κλάση Γ,7115,11404,0.6,416,Jan-23
16342,ΗΛΙΟΥΠΟΛΗ,Κλάση Δ,1039,573,1.8,22,Jan-23
16342,ΗΛΙΟΥΠΟΛΗ,Κλάση Ε,1715,81,21.2,3,Jan-23
16343,ΑΓ. ΜΑΡΙΝΑ,Κλάση A,1216,35305,0.0,1298,Jan-23
16343,ΑΓ. ΜΑΡΙΝΑ,Κλάση Β,23922,86377,0.3,2984,Jan-23
16343,ΑΓ. ΜΑΡΙΝΑ,Κλάση Γ,8671,13845,0.6,534,Jan-23
16343,ΑΓ. ΜΑΡΙΝΑ,Κλάση Δ,747,525,1.4,22,Jan-23
16343,ΑΓ. ΜΑΡΙΝΑ,Κλάση Ε,469,56,8.4,2,Jan-23
16343,ΗΛΙΟΥΠΟΛΗ,Κλάση A,461,12464,0.0,470,Jan-23
16343,ΗΛΙΟΥΠΟΛΗ,Κλάση Β,7306,27865,0.3,991,Jan-23
16343,ΗΛΙΟΥΠΟΛΗ,Κλάση Γ,2786,4452,0.6,168,Jan-23
16343,ΗΛΙΟΥΠΟΛΗ,Κλάση Δ,412,287,1.4,12,Jan-23
16343,ΝΗΣΑΚΙ,Κλάση A,99,2858,0.0,107,Jan-23
16343,ΝΗΣΑΚΙ,Κλάση Β,1919,7488,0.3,257,Jan-23
16343,ΝΗΣΑΚΙ,Κλάση Γ,323,573,0.6,23,Jan-23
16344,ΑΓ. ΜΑΡΙΝΑ,Κλάση A,1084,33404,0.0,1221,Jan-23
16344,ΑΓ. ΜΑΡΙΝΑ,Κλάση Β,25419,90547,0.3,3138,Jan-23
16344,ΑΓ. ΜΑΡΙΝΑ,Κλάση Γ,10770,17270,0.6,662,Jan-23
16344,ΑΓ. ΜΑΡΙΝΑ,Κλάση Δ,760,558,1.4,27,Jan-23
16344,ΑΓ. ΜΑΡΙΝΑ,Κλάση Ε,147,23,6.4,2,Jan-23
16344,ΗΛΙΟΥΠΟΛΗ,Κλάση A,199,7041,0.0,248,Jan-23
16344,ΗΛΙΟΥΠΟΛΗ,Κλάση Β,4856,16543,0.3,577,Jan-23
16344,ΗΛΙΟΥΠΟΛΗ,Κλάση Γ,1754,2888,0.6,112,Jan-23
16344,ΗΛΙΟΥΠΟΛΗ,Κλάση Δ,387,272,1.4,12,Jan-23
16345,ΑΓ. ΚΩΝΣΤΑΝΤΙΝΟΣ,Κλάση A,177,5115,0.0,184,Jan-23
16345,ΑΓ. ΚΩΝΣΤΑΝΤΙΝΟΣ,Κλάση Β,3461,12424,0.3,431,Jan-23
16345,ΑΓ. ΚΩΝΣΤΑΝΤΙΝΟΣ,Κλάση Γ,1319,2093,0.6,79,Jan-23
16345,ΑΓ. ΚΩΝΣΤΑΝΤΙΝΟΣ,Κλάση Δ,364,200,1.8,8,Jan-23
16345,ΑΓ. ΜΑΡΙΝΑ,Κλάση A,561,17345,0.0,631,Jan-23
16345,ΑΓ. ΜΑΡΙΝΑ,Κλάση Β,13285,47801,0.3,1659,Jan-23
16345,ΑΓ. ΜΑΡΙΝΑ,Κλάση Γ,5646,9031,0.6,346,Jan-23
16345,ΑΓ. ΜΑΡΙΝΑ,Κλάση Δ,669,402,1.7,20,Jan-23
16345,ΑΓ. ΜΑΡΙΝΑ,Κλάση Ε,421,44,9.6,2,Jan-23
16345,ΗΛΙΟΥΠΟΛΗ,Κλάση A,886,25848,0.0,945,Jan-23
16345,ΗΛΙΟΥΠΟΛΗ,Κλάση Β,14169,53096,0.3,1858,Jan-23
16345,ΗΛΙΟΥΠΟΛΗ,Κλάση Γ,5451,8693,0.6,325,Jan-23
16345,ΗΛΙΟΥΠΟΛΗ,Κλάση Δ,2020,1056,1.9,43,Jan-23
16345,ΗΛΙΟΥΠΟΛΗ,Κλάση Ε,1491,137,10.9,5,Jan-23
16345,ΚΑΝΑΡΙΑ,Κλάση A,519,14085,0.0,508,Jan-23
16345,ΚΑΝΑΡΙΑ,Κλάση Β,10597,39156,0.3,1356,Jan-23
16345,ΚΑΝΑΡΙΑ,Κλάση Γ,3713,5974,0.6,234,Jan-23
16345,ΚΑΝΑΡΙΑ,Κλάση Δ,686,464,1.5,20,Jan-23
16345,ΝΗΣΑΚΙ,Κλάση A,105,3000,0.0,113,Jan-23
16345,ΝΗΣΑΚΙ,Κλάση Β,1552,5725,0.3,205,Jan-23
16345,ΝΗΣΑΚΙ,Κλάση Γ,518,860,0.6,34,Jan-23
16345,ΝΗΣΑΚΙ,Κλάση Δ,254,118,2.2,4,Jan-23
16346,ΑΓ. ΚΩΝΣΤΑΝΤΙΝΟΣ,Κλάση A,1189,34389,0.0,1272,Jan-23
16346,ΑΓ. ΚΩΝΣΤΑΝΤΙΝΟΣ,Κλάση Β,21977,81826,0.3,2873,Jan-23
16346,ΑΓ. ΚΩΝΣΤΑΝΤΙΝΟΣ,Κλάση Γ,8846,14186,0.6,552,Jan-23
16346,ΑΓ. ΚΩΝΣΤΑΝΤΙΝΟΣ,Κλάση Δ,2053,1232,1.7,51,Jan-23
16346,ΗΛΙΟΥΠΟΛΗ,Κλάση A,539,15196,0.0,570,Jan-23
16346,ΗΛΙΟΥΠΟΛΗ,Κλάση Β,10476,38087,0.3,1321,Jan-23
16346,ΗΛΙΟΥΠΟΛΗ,Κλάση Γ,4515,7319,0.6,259,Jan-23
16346,ΗΛΙΟΥΠΟΛΗ,Κλάση Δ,467,303,1.5,12,Jan-23
16346,ΗΛΙΟΥΠΟΛΗ,Κλάση Ε,901,89,10.1,3,Jan-23
16346,ΚΑΝΑΡΙΑ,Κλάση A,133,3226,0.0,117,Jan-23
16346,ΚΑΝΑΡΙΑ,Κλάση Β,2057,7717,0.3,270,Jan-23
16346,ΚΑΝΑΡΙΑ,Κλάση Γ,667,1017,0.7,40,Jan-23
16346,ΚΑΝΑΡΙΑ,Κλάση Δ,146,119,1.2,6,Jan-23
16346,ΣΥΝ. ΤΥΠΟΓΡΑΦΩΝ,Κλάση A,390,11247,0.0,604,Jan-23
16346,ΣΥΝ. ΤΥΠΟΓΡΑΦΩΝ,Κλάση Β,7818,28182,0.3,959,Jan-23
16346,ΣΥΝ. ΤΥΠΟΓΡΑΦΩΝ,Κλάση Γ,3438,5591,0.6,203,Jan-23
16346,ΣΥΝ. ΤΥΠΟΓΡΑΦΩΝ,Κλάση Δ,480,268,1.8,12,Jan-23
16451,ΑΡΓΥΡΟΥΠΟΛΗ,Κλάση A,1954,55644,0.0,3864,Jan-23
16451,ΑΡΓΥΡΟΥΠΟΛΗ,Κλάση Β,39919,144350,0.3,4662,Jan-23
16451,ΑΡΓΥΡΟΥΠΟΛΗ,Κλάση Γ,16344,26318,0.6,852,Jan-23
16451,ΑΡΓΥΡΟΥΠΟΛΗ,Κλάση Δ,1743,1132,1.5,37,Jan-23
16451,ΑΡΓΥΡΟΥΠΟΛΗ,Κλάση Ε,886,124,7.2,4,Jan-23
16452,ΑΡΓΥΡΟΥΠΟΛΗ,Κλάση A,1773,50637,0.0,1972,Jan-23
16452,ΑΡΓΥΡΟΥΠΟΛΗ,Κλάση Β,40114,144942,0.3,4676,Jan-23
16452,ΑΡΓΥΡΟΥΠΟΛΗ,Κλάση Γ,16755,26683,0.6,861,Jan-23
16452,ΑΡΓΥΡΟΥΠΟΛΗ,Κλάση Δ,5242,2945,1.8,95,Jan-23
16452,ΑΡΓΥΡΟΥΠΟΛΗ,Κλάση Ε,2356,279,8.4,9,Jan-23
16452,ΧΑΣΑΝΙ,Κλάση A,316,8680,0.0,388,Jan-23
16452,ΧΑΣΑΝΙ,Κλάση Β,5747,19809,0.3,639,Jan-23
16452,ΧΑΣΑΝΙ,Κλάση Γ,2641,4123,0.6,133,Jan-23
16452,ΧΑΣΑΝΙ,Κλάση Δ,1505,744,2.0,24,Jan-23
16452,ΧΑΣΑΝΙ,Κλάση Ε,701,93,7.5,3,Jan-23
16542,ΑΡΓΥΡΟΥΠΟΛΗ,Κλάση A,1,62,0.0,2,Jan-23
16561,ΒΟΣΠΟΡΟΣ,Κλάση A,7,217,0.0,7,Jan-23
16561,ΒΟΣΠΟΡΟΣ,Κλάση Β,98,310,0.3,10,Jan-23
16561,ΒΟΣΠΟΡΟΣ,Κλάση Γ,51,62,0.8,2,Jan-23
16561,ΓΛΥΦΑΔΑ,Κλάση A,1415,42972,0.0,1388,Jan-23
16561,ΓΛΥΦΑΔΑ,Κλάση Β,29354,105308,0.3,3399,Jan-23
16561,ΓΛΥΦΑΔΑ,Κλάση Γ,11712,18924,0.6,612,Jan-23
16561,ΓΛΥΦΑΔΑ,Κλάση Δ,1858,1210,1.5,40,Jan-23
16561,ΓΛΥΦΑΔΑ,Κλάση Ε,1269,62,20.5,2,Jan-23
16561,ΚΑΡΒΕΛΑΣ,Κλάση A,5,62,0.1,2,Jan-23
16561,ΚΑΡΒΕΛΑΣ,Κλάση Β,194,744,0.3,24,Jan-23
16561,ΚΑΦΕΠΩΛΕΣ,Κλάση A,25,1271,0.0,41,Jan-23
16561,ΚΑΦΕΠΩΛΕΣ,Κλάση Β,1135,3751,0.3,121,Jan-23
16561,ΚΑΦΕΠΩΛΕΣ,Κλάση Γ,914,1426,0.6,46,Jan-23
16561,ΚΑΦΕΠΩΛΕΣ,Κλάση Δ,226,155,1.5,5,Jan-23
16561,ΣΑΜΙΩΝ ΙΚΑΡΙΩΝ,Κλάση A,99,2728,0.0,88,Jan-23
16561,ΣΑΜΙΩΝ ΙΚΑΡΙΩΝ,Κλάση Β,2742,9052,0.3,292,Jan-23
16561,ΣΑΜΙΩΝ ΙΚΑΡΙΩΝ,Κλάση Γ,1403,2232,0.6,72,Jan-23
16561,ΣΑΜΙΩΝ ΙΚΑΡΙΩΝ,Κλάση Δ,196,155,1.3,5,Jan-23
16561,ΤΕΡΨΙΘΕΑ,Κλάση A,2391,66597,0.0,2149,Jan-23
16561,ΤΕΡΨΙΘΕΑ,Κλάση Β,45184,160898,0.3,5192,Jan-23
16561,ΤΕΡΨΙΘΕΑ,Κλάση Γ,17676,28699,0.6,927,Jan-23
16561,ΤΕΡΨΙΘΕΑ,Κλάση Δ,3240,2014,1.6,65,Jan-23
16561,ΤΕΡΨΙΘΕΑ,Κλάση Ε,238,45,5.3,2,Jan-23
16562,ΓΛΥΦΑΔΑ,Κλάση A,764,23446,0.0,759,Jan-23
16562,ΓΛΥΦΑΔΑ,Κλάση Β,19316,68547,0.3,2213,Jan-23
16562,ΓΛΥΦΑΔΑ,Κλάση Γ,8600,14044,0.6,454,Jan-23
16562,ΓΛΥΦΑΔΑ,Κλάση Δ,1053,775,1.4,25,Jan-23
16562,ΓΛΥΦΑΔΑ,Κλάση Ε,685,62,11.1,2,Jan-23
16562,ΤΕΡΨΙΘΕΑ,Κλάση A,1599,50698,0.0,1638,Jan-23
16562,ΤΕΡΨΙΘΕΑ,Κλάση Β,40140,143369,0.3,4625,Jan-23
16562,ΤΕΡΨΙΘΕΑ,Κλάση Γ,17507,28148,0.6,908,Jan-23
16562,ΤΕΡΨΙΘΕΑ,Κλάση Δ,1976,1157,1.7,39,Jan-23
16562,ΤΕΡΨΙΘΕΑ,Κλάση Ε,2951,62,47.6,2,Jan-23
16562,ΤΕΡΨΙΘΕΑ ΔΕΞΑΜΕΝΗ,Κλάση A,3,62,0.1,2,Jan-23
16671,ΒΟΥΛΙΑΓΜΕΝΗ,Κλάση A,1430,66941,0.0,2168,Jan-23
16671,ΒΟΥΛΙΑΓΜΕΝΗ,Κλάση Β,15921,63146,0.3,2038,Jan-23
16671,ΒΟΥΛΙΑΓΜΕΝΗ,Κλάση Γ,9105,13773,0.7,445,Jan-23
16671,ΒΟΥΛΙΑΓΜΕΝΗ,Κλάση Δ,10596,5467,1.9,177,Jan-23
16671,ΒΟΥΛΙΑΓΜΕΝΗ,Κλάση Ε,24984,1333,18.7,43,Jan-23
16671,ΚΑΒΟΥΡΙ,Κλάση A,13,434,0.0,14,Jan-23
16671,ΚΑΒΟΥΡΙ,Κλάση Β,68,341,0.2,11,Jan-23
16671,ΚΑΒΟΥΡΙ,Κλάση Γ,172,248,0.7,8,Jan-23
16671,ΚΑΒΟΥΡΙ,Κλάση Δ,377,217,1.7,7,Jan-23
16672,ΑΣΥΡΜΑΤΟΣ,Κλάση A,51,1767,0.0,57,Jan-23
16672,ΑΣΥΡΜΑΤΟΣ,Κλάση Β,1666,5292,0.3,171,Jan-23
16672,ΑΣΥΡΜΑΤΟΣ,Κλάση Γ,2487,3481,0.7,113,Jan-23
16672,ΑΣΥΡΜΑΤΟΣ,Κλάση Δ,1330,899,1.5,29,Jan-23
16672,ΑΣΥΡΜΑΤΟΣ,Κλάση Ε,2268,124,18.3,4,Jan-23
16672,ΑΣΩΜΑΤΩΝ,Κλάση Β,33,93,0.4,3,Jan-23
16672,ΒΑΡΗ,Κλάση A,434,14086,0.0,456,Jan-23
16672,ΒΑΡΗ,Κλάση Β,6901,24733,0.3,799,Jan-23
16672,ΒΑΡΗ,Κλάση Γ,4710,7230,0.7,234,Jan-23
16672,ΒΑΡΗ,Κλάση Δ,3424,2079,1.7,68,Jan-23
16672,ΒΑΡΗ,Κλάση Ε,6772,374,18.1,13,Jan-23
16672,ΒΑΡΚΙΖΑ,Κλάση A,1798,84893,0.0,2765,Jan-23
16672,ΒΑΡΚΙΖΑ,Κλάση Β,19522,76944,0.3,2486,Jan-23
16672,ΒΑΡΚΙΖΑ,Κλάση Γ,7361,11314,0.7,367,Jan-23
16672,ΒΑΡΚΙΖΑ,Κλάση Δ,3431,1891,1.8,62,Jan-23
16672,ΒΑΡΚΙΖΑ,Κλάση Ε,6659,242,27.5,8,Jan-23
16672,ΒΛΑΧΙΚΑ,Κλάση A,147,4794,0.0,155,Jan-23
16672,ΒΛΑΧΙΚΑ,Κλάση Β,4217,14458,0.3,467,Jan-23
16672,ΒΛΑΧΙΚΑ,Κλάση Γ,2858,4371,0.7,141,Jan-23
16672,ΒΛΑΧΙΚΑ,Κλάση Δ,1167,620,1.9,20,Jan-23
16672,ΒΛΑΧΙΚΑ,Κλάση Ε,975,93,10.5,3,Jan-23
16672,ΔΙΛΟΦΟ,Κλάση A,11,341,0.0,11,Jan-23
16672,ΔΙΛΟΦΟ,Κλάση Β,332,1209,0.3,39,Jan-23
16672,ΔΙΛΟΦΟ,Κλάση Γ,326,465,0.7,15,Jan-23
16672,ΔΙΛΟΦΟ,Κλάση Δ,343,186,1.8,6,Jan-23
16672,ΔΙΛΟΦΟ,Κλάση Ε,5317,93,57.2,3,Jan-23
16672,ΚΑΜΙΝΙ,Κλάση A,8,312,0.0,11,Jan-23
16672,ΚΑΜΙΝΙ,Κλάση Β,148,527,0.3,17,Jan-23
16672,ΚΑΜΙΝΙ,Κλάση Γ,216,308,0.7,10,Jan-23
16672,ΚΟΡΜΠΙ,Κλάση A,71,2478,0.0,82,Jan-23
16672,ΚΟΡΜΠΙ,Κλάση Β,1752,5425,0.3,175,Jan-23
16672,ΚΟΡΜΠΙ,Κλάση Γ,2399,3503,0.7,113,Jan-23
16672,ΚΟΡΜΠΙ,Κλάση Δ,608,459,1.3,15,Jan-23
16672,ΚΟΡΜΠΙ,Κλάση Ε,476,62,7.7,2,Jan-23
16672,ΚΟΡΜΠΙ Ν. ΠΑΓΚΡΑΤΙ,Κλάση A,23,744,0.0,24,Jan-23
16672,ΚΟΡΜΠΙ Ν. ΠΑΓΚΡΑΤΙ,Κλάση Β,646,1953,0.3,63,Jan-23
16672,ΚΟΡΜΠΙ Ν. ΠΑΓΚΡΑΤΙ,Κλάση Γ,608,930,0.7,30,Jan-23
16672,ΚΟΡΜΠΙ Ν. ΠΑΓΚΡΑΤΙ,Κλάση Δ,167,155,1.1,5,Jan-23
16672,ΚΟΡΜΠΙ ΠΗΓΑΔΙ,Κλάση A,35,1271,0.0,41,Jan-23
16672,ΚΟΡΜΠΙ ΠΗΓΑΔΙ,Κλάση Β,754,2480,0.3,80,Jan-23
16672,ΚΟΡΜΠΙ ΠΗΓΑΔΙ,Κλάση Γ,963,1395,0.7,45,Jan-23
16672,ΚΟΡΜΠΙ ΠΗΓΑΔΙ,Κλάση Δ,405,279,1.5,9,Jan-23
16672,ΚΟΡΜΠΙ ΠΡ. ΗΛΙΑΣ,Κλάση A,50,2418,0.0,79,Jan-23
16672,ΚΟΡΜΠΙ ΠΡ. ΗΛΙΑΣ,Κλάση Β,1517,5270,0.3,170,Jan-23
16672,ΚΟΡΜΠΙ ΠΡ. ΗΛΙΑΣ,Κλάση Γ,1315,1953,0.7,63,Jan-23
16672,ΚΟΡΜΠΙ ΠΡ. ΗΛΙΑΣ,Κλάση Δ,805,558,1.4,18,Jan-23
16672,ΚΟΡΜΠΙ ΣΟΥΡΙΖΑ,Κλάση A,30,1402,0.0,47,Jan-23
16672,ΚΟΡΜΠΙ ΣΟΥΡΙΖΑ,Κλάση Β,731,2411,0.3,78,Jan-23
16672,ΚΟΡΜΠΙ ΣΟΥΡΙΖΑ,Κλάση Γ,919,1333,0.7,43,Jan-23
16672,ΚΟΡΜΠΙ ΣΟΥΡΙΖΑ,Κλάση Δ,407,310,1.3,10,Jan-23
16672,ΚΟΡΜΠΙ ΦΑΡΟΥ,Κλάση A,38,1674,0.0,54,Jan-23
16672,ΚΟΡΜΠΙ ΦΑΡΟΥ,Κλάση Β,1414,4735,0.3,153,Jan-23
16672,ΚΟΡΜΠΙ ΦΑΡΟΥ,Κλάση Γ,1681,2511,0.7,81,Jan-23
16672,ΚΟΡΜΠΙ ΦΑΡΟΥ,Κλάση Δ,607,442,1.4,15,Jan-23
16672,ΛΑΘΟΥΡΙΖΑ,Κλάση A,23,931,0.0,31,Jan-23
16672,ΛΑΘΟΥΡΙΖΑ,Κλάση Β,638,2108,0.3,68,Jan-23
16672,ΛΑΘΟΥΡΙΖΑ,Κλάση Γ,700,1130,0.6,37,Jan-23
16672,ΛΑΘΟΥΡΙΖΑ,Κλάση Δ,590,295,2.0,10,Jan-23
16672,ΜΗΛΑΔΕΖΑ,Κλάση A,131,4290,0.0,140,Jan-23
16672,ΜΗΛΑΔΕΖΑ,Κλάση Β,4062,13132,0.3,424,Jan-23
16672,ΜΗΛΑΔΕΖΑ,Κλάση Γ,5451,8091,0.7,261,Jan-23
16672,ΜΗΛΑΔΕΖΑ,Κλάση Δ,1637,1116,1.5,36,Jan-23
16672,ΜΗΛΑΔΕΖΑ,Κλάση Ε,366,62,5.9,2,Jan-23
16672,ΧΕΡΩΜΑ,Κλάση A,130,4682,0.0,152,Jan-23
16672,ΧΕΡΩΜΑ,Κλάση Β,2044,7099,0.3,229,Jan-23
16672,ΧΕΡΩΜΑ,Κλάση Γ,1772,2697,0.7,87,Jan-23
16672,ΧΕΡΩΜΑ,Κλάση Δ,770,526,1.5,17,Jan-23
16673,ΑΥΤΟΚΙΝΗΤΙΣΤΩΝ,Κλάση A,84,2635,0.0,85,Jan-23
16673,ΑΥΤΟΚΙΝΗΤΙΣΤΩΝ,Κλάση Β,2441,8463,0.3,273,Jan-23
16673,ΑΥΤΟΚΙΝΗΤΙΣΤΩΝ,Κλάση Γ,2233,3410,0.7,110,Jan-23
16673,ΑΥΤΟΚΙΝΗΤΙΣΤΩΝ,Κλάση Δ,503,372,1.4,12,Jan-23
16673,ΒΟΥΛΑ,Κλάση A,2431,82586,0.0,2670,Jan-23
16673,ΒΟΥΛΑ,Κλάση Β,43672,161905,0.3,5225,Jan-23
16673,ΒΟΥΛΑ,Κλάση Γ,21850,33647,0.7,1088,Jan-23
16673,ΒΟΥΛΑ,Κλάση Δ,10221,5885,1.7,191,Jan-23
16673,ΒΟΥΛΑ,Κλάση Ε,10896,837,13.0,27,Jan-23
16673,ΔΙΚΗΓΟΡΙΚΑ,Κλάση A,501,16328,0.0,529,Jan-23
16673,ΔΙΚΗΓΟΡΙΚΑ,Κλάση Β,11253,39441,0.3,1273,Jan-23
16673,ΔΙΚΗΓΟΡΙΚΑ,Κλάση Γ,7623,11766,0.7,380,Jan-23
16673,ΔΙΚΗΓΟΡΙΚΑ,Κλάση Δ,2776,1953,1.4,63,Jan-23
16673,ΔΙΚΗΓΟΡΙΚΑ,Κλάση Ε,379,62,6.1,2,Jan-23
16673,ΚΑΛΥΜΝΙΩΝ,Κλάση A,633,23481,0.0,765,Jan-23
16673,ΚΑΛΥΜΝΙΩΝ,Κλάση Β,17539,61951,0.3,2002,Jan-23
16673,ΚΑΛΥΜΝΙΩΝ,Κλάση Γ,12701,19530,0.7,634,Jan-23
16673,ΚΑΛΥΜΝΙΩΝ,Κλάση Δ,4325,2857,1.5,93,Jan-23
16673,ΚΑΛΥΜΝΙΩΝ,Κλάση Ε,496,62,8.0,2,Jan-23
16673,ΠΑΝΟΡΑΜΑ,Κλάση A,383,14758,0.0,479,Jan-23
16673,ΠΑΝΟΡΑΜΑ,Κλάση Β,13053,44210,0.3,1427,Jan-23
16673,ΠΑΝΟΡΑΜΑ,Κλάση Γ,12323,18780,0.7,606,Jan-23
16673,ΠΑΝΟΡΑΜΑ,Κλάση Δ,3468,2574,1.4,84,Jan-23
16673,ΠΗΓΑΔΑΚΙΑ,Κλάση A,191,6789,0.0,219,Jan-23
16673,ΠΗΓΑΔΑΚΙΑ,Κλάση Β,5055,17634,0.3,569,Jan-23
16673,ΠΗΓΑΔΑΚΙΑ,Κλάση Γ,4260,6360,0.7,206,Jan-23
16673,ΠΗΓΑΔΑΚΙΑ,Κλάση Δ,2039,1240,1.6,40,Jan-23
16674,ΑΓ. ΝΙΚΟΛΑΟΣ,Κλάση A,248,7843,0.0,253,Jan-23
16674,ΑΓ. ΝΙΚΟΛΑΟΣ,Κλάση Β,4732,16937,0.3,547,Jan-23
16674,ΑΓ. ΝΙΚΟΛΑΟΣ,Κλάση Γ,2662,4174,0.6,135,Jan-23
16674,ΑΓ. ΝΙΚΟΛΑΟΣ,Κλάση Δ,634,465,1.4,15,Jan-23
16674,ΑΙΞΩΝΗ,Κλάση A,47,1612,0.0,52,Jan-23
16674,ΑΙΞΩΝΗ,Κλάση Β,1051,3782,0.3,122,Jan-23
16674,ΑΙΞΩΝΗ,Κλάση Γ,1328,1984,0.7,64,Jan-23
16674,ΑΙΞΩΝΗ,Κλάση Δ,334,217,1.5,7,Jan-23
16674,ΓΛΥΦΑΔΑ,Κλάση A,2815,95156,0.0,3080,Jan-23
16674,ΓΛΥΦΑΔΑ,Κλάση Β,45225,167822,0.3,5421,Jan-23
16674,ΓΛΥΦΑΔΑ,Κλάση Γ,22185,34391,0.7,1114,Jan-23
16674,ΓΛΥΦΑΔΑ,Κλάση Δ,12188,6353,1.9,208,Jan-23
16674,ΓΛΥΦΑΔΑ,Κλάση Ε,15024,837,18.0,27,Jan-23
16674,ΚΑΡΒΕΛΑΣ,Κλάση A,1355,41323,0.0,1334,Jan-23
16674,ΚΑΡΒΕΛΑΣ,Κλάση Β,28941,102141,0.3,3296,Jan-23
16674,ΚΑΡΒΕΛΑΣ,Κλάση Γ,13821,22123,0.6,714,Jan-23
16674,ΚΑΡΒΕΛΑΣ,Κλάση Δ,3321,1814,1.8,59,Jan-23
16674,ΚΑΡΒΕΛΑΣ,Κλάση Ε,1296,124,10.5,4,Jan-23
16674,ΣΑΜΙΩΝ ΙΚΑΡΙΩΝ,Κλάση A,19,558,0.0,18,Jan-23
16674,ΣΑΜΙΩΝ ΙΚΑΡΙΩΝ,Κλάση Β,285,1023,0.3,33,Jan-23
16674,ΣΑΜΙΩΝ ΙΚΑΡΙΩΝ,Κλάση Γ,120,186,0.7,6,Jan-23
16674,ΤΕΡΨΙΘΕΑ,Κλάση A,11,186,0.1,6,Jan-23
16674,ΤΕΡΨΙΘΕΑ,Κλάση Β,55,186,0.3,6,Jan-23
16674,ΤΕΡΨΙΘΕΑ,Κλάση Γ,55,93,0.6,3,Jan-23
16674,ΤΕΡΨΙΘΕΑ,Κλάση Δ,147,93,1.6,3,Jan-23
16675,ΒΟΣΠΟΡΟΣ,Κλάση A,536,17066,0.0,551,Jan-23
16675,ΒΟΣΠΟΡΟΣ,Κλάση Β,12396,44392,0.3,1432,Jan-23
16675,ΒΟΣΠΟΡΟΣ,Κλάση Γ,6661,10354,0.6,334,Jan-23
16675,ΒΟΣΠΟΡΟΣ,Κλάση Δ,2080,1364,1.5,44,Jan-23
16675,ΒΟΣΠΟΡΟΣ,Κλάση Ε,1751,93,18.8,3,Jan-23
16675,ΓΛΥΦΑΔΑ,Κλάση A,3071,101516,0.0,3280,Jan-23
16675,ΓΛΥΦΑΔΑ,Κλάση Β,39848,150705,0.3,4864,Jan-23
16675,ΓΛΥΦΑΔΑ,Κλάση Γ,19648,30646,0.6,989,Jan-23
16675,ΓΛΥΦΑΔΑ,Κλάση Δ,9330,5361,1.7,174,Jan-23
16675,ΓΛΥΦΑΔΑ,Κλάση Ε,13172,1023,12.9,33,Jan-23
16675,ΔΙΚΗΓΟΡΙΚΑ,Κλάση A,185,5798,0.0,188,Jan-23
16675,ΔΙΚΗΓΟΡΙΚΑ,Κλάση Β,2345,8385,0.3,271,Jan-23
16675,ΔΙΚΗΓΟΡΙΚΑ,Κλάση Γ,1559,2371,0.7,77,Jan-23
16675,ΔΙΚΗΓΟΡΙΚΑ,Κλάση Δ,1068,713,1.5,23,Jan-23
16675,ΔΙΚΗΓΟΡΙΚΑ,Κλάση Ε,724,93,7.8,3,Jan-23
16675,ΚΑΡΒΕΛΑΣ,Κλάση A,3,93,0.0,3,Jan-23
16675,ΚΑΡΒΕΛΑΣ,Κλάση Β,184,620,0.3,20,Jan-23
16675,ΚΑΡΒΕΛΑΣ,Κλάση Γ,149,248,0.6,8,Jan-23
16777,ΑΝΩ ΕΛΛΗΝΙΚΟ,Κλάση A,13,496,0.0,16,Jan-23
16777,ΑΝΩ ΕΛΛΗΝΙΚΟ,Κλάση Β,298,992,0.3,32,Jan-23
16777,ΑΝΩ ΕΛΛΗΝΙΚΟ,Κλάση Γ,261,403,0.7,13,Jan-23
16777,ΑΝΩ ΕΛΛΗΝΙΚΟ,Κλάση Δ,248,124,2.0,4,Jan-23
16777,ΕΛΛΗΝΙΚΟ,Κλάση A,711,20884,0.0,674,Jan-23
16777,ΕΛΛΗΝΙΚΟ,Κλάση Β,18934,67219,0.3,2169,Jan-23
16777,ΕΛΛΗΝΙΚΟ,Κλάση Γ,9083,14477,0.6,467,Jan-23
16777,ΕΛΛΗΝΙΚΟ,Κλάση Δ,1683,1147,1.5,37,Jan-23
16777,ΕΛΛΗΝΙΚΟ,Κλάση Ε,1969,62,31.8,2,Jan-23
16777,ΚΑΤΩ ΕΛΛΗΝΙΚΟ,Κλάση A,63,2759,0.0,89,Jan-23
16777,ΚΑΤΩ ΕΛΛΗΝΙΚΟ,Κλάση Β,1280,4526,0.3,146,Jan-23
16777,ΚΑΤΩ ΕΛΛΗΝΙΚΟ,Κλάση Γ,1060,1612,0.7,52,Jan-23
16777,ΚΑΤΩ ΕΛΛΗΝΙΚΟ,Κλάση Δ,1483,682,2.2,22,Jan-23
16777,ΚΑΤΩ ΕΛΛΗΝΙΚΟ,Κλάση Ε,6318,279,22.7,9,Jan-23
16777,ΣΟΥΡΜΕΝΑ,Κλάση A,1186,32685,0.0,1057,Jan-23
16777,ΣΟΥΡΜΕΝΑ,Κλάση Β,24811,89411,0.3,2886,Jan-23
16777,ΣΟΥΡΜΕΝΑ,Κλάση Γ,9517,15377,0.6,497,Jan-23
16777,ΣΟΥΡΜΕΝΑ,Κλάση Δ,2425,1425,1.7,46,Jan-23
16777,ΣΟΥΡΜΕΝΑ,Κλάση Ε,2584,155,16.7,5,Jan-23
16777,ΤΕΡΨΙΘΕΑ,Κλάση A,3,93,0.0,3,Jan-23
16777,ΧΑΣΑΝΙ,Κλάση A,208,5890,0.0,190,Jan-23
16777,ΧΑΣΑΝΙ,Κλάση Β,5012,17918,0.3,578,Jan-23
16777,ΧΑΣΑΝΙ,Κλάση Γ,2568,4154,0.6,134,Jan-23
16777,ΧΑΣΑΝΙ,Κλάση Δ,489,248,2.0,8,Jan-23
16777,ΧΑΣΑΝΙ,Κλάση Ε,539,62,8.7,2,Jan-23
17121,ΝΕΑ ΣΜΥΡΝΗ,Κλάση A,4887,143641,0.0,4635,Jan-23
17121,ΝΕΑ ΣΜΥΡΝΗ,Κλάση Β,58647,230441,0.3,7434,Jan-23
17121,ΝΕΑ ΣΜΥΡΝΗ,Κλάση Γ,16264,26251,0.6,848,Jan-23
17121,ΝΕΑ ΣΜΥΡΝΗ,Κλάση Δ,5805,3009,1.9,98,Jan-23
17121,ΝΕΑ ΣΜΥΡΝΗ,Κλάση Ε,1837,217,8.5,7,Jan-23
17122,ΝΕΑ ΣΜΥΡΝΗ,Κλάση A,3633,103293,0.0,3334,Jan-23
17122,ΝΕΑ ΣΜΥΡΝΗ,Κλάση Β,55210,209075,0.3,6747,Jan-23
17122,ΝΕΑ ΣΜΥΡΝΗ,Κλάση Γ,16231,26660,0.6,860,Jan-23
17122,ΝΕΑ ΣΜΥΡΝΗ,Κλάση Δ,3528,1922,1.8,62,Jan-23
17122,ΝΕΑ ΣΜΥΡΝΗ,Κλάση Ε,2776,248,11.2,8,Jan-23
17123,ΝΕΑ ΣΜΥΡΝΗ,Κλάση A,3165,99121,0.0,3204,Jan-23
17123,ΝΕΑ ΣΜΥΡΝΗ,Κλάση Β,53339,202484,0.3,6534,Jan-23
17123,ΝΕΑ ΣΜΥΡΝΗ,Κλάση Γ,17321,27935,0.6,902,Jan-23
17123,ΝΕΑ ΣΜΥΡΝΗ,Κλάση Δ,2368,1491,1.6,49,Jan-23
17123,ΝΕΑ ΣΜΥΡΝΗ,Κλάση Ε,4218,124,34.0,4,Jan-23
17124,ΑΝΩ ΝΕΑ ΣΜΥΡΝΗ,Κλάση A,5,155,0.0,5,Jan-23
17124,ΑΝΩ ΝΕΑ ΣΜΥΡΝΗ,Κλάση Β,85,310,0.3,10,Jan-23
17124,ΝΕΑ ΣΜΥΡΝΗ,Κλάση A,3813,115203,0.0,3722,Jan-23
17124,ΝΕΑ ΣΜΥΡΝΗ,Κλάση Β,71958,266966,0.3,8614,Jan-23
17124,ΝΕΑ ΣΜΥΡΝΗ,Κλάση Γ,23691,38915,0.6,1257,Jan-23
17124,ΝΕΑ ΣΜΥΡΝΗ,Κλάση Δ,1719,1147,1.5,37,Jan-23
17124,ΝΕΑ ΣΜΥΡΝΗ,Κλάση Ε,1440,93,15.5,3,Jan-23
17234,ΑΓ. ΙΩΑΝΝΗΣ,Κλάση A,129,5208,0.0,168,Jan-23
17234,ΑΓ. ΙΩΑΝΝΗΣ,Κλάση Β,1686,6634,0.3,214,Jan-23
17234,ΑΓ. ΙΩΑΝΝΗΣ,Κλάση Γ,586,930,0.6,30,Jan-23
17234,ΔΑΦΝΗ,Κλάση A,1122,40153,0.0,1296,Jan-23
17234,ΔΑΦΝΗ,Κλάση Β,21544,81597,0.3,2633,Jan-23
17234,ΔΑΦΝΗ,Κλάση Γ,6912,11098,0.6,358,Jan-23
17234,ΔΑΦΝΗ,Κλάση Δ,947,638,1.5,21,Jan-23
17235,ΑΓ. ΒΑΡΒΑΡΑ,Κλάση A,263,8618,0.0,278,Jan-23
17235,ΑΓ. ΒΑΡΒΑΡΑ,Κλάση Β,5565,20385,0.3,658,Jan-23
17235,ΑΓ. ΒΑΡΒΑΡΑ,Κλάση Γ,2279,3627,0.6,117,Jan-23
17235,ΑΓ. ΒΑΡΒΑΡΑ,Κλάση Δ,524,354,1.5,12,Jan-23
17235,ΑΓ. ΙΩΑΝΝΗΣ,Κλάση A,21,1085,0.0,35,Jan-23
17235,ΑΓ. ΙΩΑΝΝΗΣ,Κλάση Β,248,930,0.3,30,Jan-23
17235,ΑΓ. ΙΩΑΝΝΗΣ,Κλάση Γ,102,186,0.6,6,Jan-23
17235,ΑΓ. ΙΩΑΝΝΗΣ,Κλάση Δ,108,62,1.7,2,Jan-23
17235,ΔΑΦΝΗ,Κλάση A,1315,39992,0.0,1292,Jan-23
17235,ΔΑΦΝΗ,Κλάση Β,20525,79235,0.3,2556,Jan-23
17235,ΔΑΦΝΗ,Κλάση Γ,7104,11470,0.6,370,Jan-23
17235,ΔΑΦΝΗ,Κλάση Δ,1517,868,1.8,28,Jan-23
17236,ΑΓ. ΔΗΜΗΤΡΙΟΣ,Κλάση A,211,6936,0.0,235,Jan-23
17236,ΑΓ. ΔΗΜΗΤΡΙΟΣ,Κλάση Β,4530,16959,0.3,570,Jan-23
17236,ΑΓ. ΔΗΜΗΤΡΙΟΣ,Κλάση Γ,1968,3164,0.6,111,Jan-23
17236,ΑΓ. ΔΗΜΗΤΡΙΟΣ,Κλάση Δ,461,248,1.9,8,Jan-23
17236,ΔΑΦΝΗ,Κλάση A,309,10821,0.0,351,Jan-23
17236,ΔΑΦΝΗ,Κλάση Β,6760,25232,0.3,815,Jan-23
17236,ΔΑΦΝΗ,Κλάση Γ,2483,4025,0.6,130,Jan-23
17236,ΔΑΦΝΗ,Κλάση Δ,163,124,1.3,4,Jan-23
17236,ΣΠΙΘΑΡΙ,Κλάση A,41,1488,0.0,48,Jan-23
17236,ΣΠΙΘΑΡΙ,Κλάση Β,845,3255,0.3,105,Jan-23
17236,ΣΠΙΘΑΡΙ,Κλάση Γ,191,279,0.7,9,Jan-23
17236,ΣΠΙΘΑΡΙ,Κλάση Δ,89,62,1.4,2,Jan-23
17236,ΥΜΗΤΤΟΣ,Κλάση A,93,3684,0.0,119,Jan-23
17236,ΥΜΗΤΤΟΣ,Κλάση Β,2423,8587,0.3,277,Jan-23
17236,ΥΜΗΤΤΟΣ,Κλάση Γ,1295,2046,0.6,66,Jan-23
17236,ΥΜΗΤΤΟΣ,Κλάση Δ,191,155,1.2,5,Jan-23
17236,ΥΜΗΤΤΟΣ,Κλάση Ε,1238,62,20.0,2,Jan-23
17236,ΥΜΗΤΤΟΣ ΣΠΙΘΑΡΙ,Κλάση A,0,155,0.0,5,Jan-23
17236,ΥΜΗΤΤΟΣ ΣΠΙΘΑΡΙ,Κλάση Β,111,434,0.3,14,Jan-23
17236,ΥΜΗΤΤΟΣ ΣΠΙΘΑΡΙ,Κλάση Γ,90,124,0.7,4,Jan-23
17236,ΧΑΡΑΥΓΗ,Κλάση A,310,10138,0.0,328,Jan-23
17236,ΧΑΡΑΥΓΗ,Κλάση Β,7368,26408,0.3,852,Jan-23
17236,ΧΑΡΑΥΓΗ,Κλάση Γ,3880,6151,0.6,199,Jan-23
17236,ΧΑΡΑΥΓΗ,Κλάση Δ,389,300,1.3,11,Jan-23
17236,ΧΑΡΑΥΓΗ ΣΠΙΘΑΡΙ,Κλάση A,16,651,0.0,21,Jan-23
17236,ΧΑΡΑΥΓΗ ΣΠΙΘΑΡΙ,Κλάση Β,349,1271,0.3,41,Jan-23
17236,ΧΑΡΑΥΓΗ ΣΠΙΘΑΡΙ,Κλάση Γ,94,155,0.6,5,Jan-23
17237,ΑΓ. ΙΩΑΝΝΗΣ,Κλάση Β,49,155,0.3,5,Jan-23
17237,ΑΓ. ΙΩΑΝΝΗΣ,Κλάση Γ,40,62,0.7,2,Jan-23
17237,ΔΑΦΝΗ,Κλάση A,941,36030,0.0,1170,Jan-23
17237,ΔΑΦΝΗ,Κλάση Β,11335,46951,0.2,1517,Jan-23
17237,ΔΑΦΝΗ,Κλάση Γ,3331,5338,0.6,175,Jan-23
17237,ΔΑΦΝΗ,Κλάση Δ,709,465,1.5,15,Jan-23
17237,ΔΑΦΝΗ,Κλάση Ε,1824,62,29.4,2,Jan-23
17237,ΥΜΗΤΤΟΣ,Κλάση A,756,26076,0.0,848,Jan-23
17237,ΥΜΗΤΤΟΣ,Κλάση Β,17467,62321,0.3,2012,Jan-23
17237,ΥΜΗΤΤΟΣ,Κλάση Γ,8442,13475,0.6,438,Jan-23
17237,ΥΜΗΤΤΟΣ,Κλάση Δ,2541,1395,1.8,45,Jan-23
17237,ΥΜΗΤΤΟΣ,Κλάση Ε,1461,124,11.8,4,Jan-23
17237,ΥΜΗΤΤΟΣ ΧΑΡΑΥΓΗ,Κλάση A,4,124,0.0,4,Jan-23
17237,ΥΜΗΤΤΟΣ ΧΑΡΑΥΓΗ,Κλάση Β,34,155,0.2,5,Jan-23
17237,ΧΑΡΑΥΓΗ,Κλάση A,129,4464,0.0,144,Jan-23
17237,ΧΑΡΑΥΓΗ,Κλάση Β,2536,9672,0.3,312,Jan-23
17237,ΧΑΡΑΥΓΗ,Κλάση Γ,943,1581,0.6,51,Jan-23
17237,ΧΑΡΑΥΓΗ,Κλάση Δ,382,279,1.4,9,Jan-23
17341,ΑΓ. ΔΗΜΗΤΡΙΟΣ,Κλάση A,1181,36115,0.0,1310,Jan-23
17341,ΑΓ. ΔΗΜΗΤΡΙΟΣ,Κλάση Β,23439,84460,0.3,2976,Jan-23
17341,ΑΓ. ΔΗΜΗΤΡΙΟΣ,Κλάση Γ,9251,14940,0.6,594,Jan-23
17341,ΑΓ. ΔΗΜΗΤΡΙΟΣ,Κλάση Δ,2289,1240,1.9,53,Jan-23
17341,ΑΓ. ΔΗΜΗΤΡΙΟΣ,Κλάση Ε,591,102,5.8,6,Jan-23
17341,ΑΣΥΡΜΑΤΟΣ,Κλάση A,992,30206,0.0,1084,Jan-23
17341,ΑΣΥΡΜΑΤΟΣ,Κλάση Β,26830,94368,0.3,3357,Jan-23
17341,ΑΣΥΡΜΑΤΟΣ,Κλάση Γ,12075,19427,0.6,774,Jan-23
17341,ΑΣΥΡΜΑΤΟΣ,Κλάση Δ,1634,848,1.9,38,Jan-23
17341,ΑΣΥΡΜΑΤΟΣ,Κλάση Ε,921,62,14.9,2,Jan-23
17341,ΕΛΗΑ,Κλάση A,8,229,0.0,9,Jan-23
17341,ΕΛΗΑ,Κλάση Β,162,582,0.3,22,Jan-23
17341,ΕΛΗΑ,Κλάση Γ,74,119,0.6,5,Jan-23
17341,ΣΑΡΩΝΙΚΟΣ,Κλάση A,452,14416,0.0,522,Jan-23
17341,ΣΑΡΩΝΙΚΟΣ,Κλάση Β,12739,43756,0.3,1520,Jan-23
17341,ΣΑΡΩΝΙΚΟΣ,Κλάση Γ,5605,8980,0.6,358,Jan-23
17341,ΣΑΡΩΝΙΚΟΣ,Κλάση Δ,1101,632,1.7,29,Jan-23
17342,ΑΓ. ΔΗΜΗΤΡΙΟΣ,Κλάση A,160,4624,0.0,173,Jan-23
17342,ΑΓ. ΔΗΜΗΤΡΙΟΣ,Κλάση Β,5036,17362,0.3,609,Jan-23
17342,ΑΓ. ΔΗΜΗΤΡΙΟΣ,Κλάση Γ,2600,4136,0.6,162,Jan-23
17342,ΑΓ. ΔΗΜΗΤΡΙΟΣ,Κλάση Δ,348,216,1.6,10,Jan-23
17342,ΑΓ. ΔΗΜΗΤΡΙΟΣ,Κλάση Ε,1237,62,20.0,2,Jan-23
17342,ΑΓΡΙΛΙΟΣ,Κλάση A,555,15482,0.0,570,Jan-23
17342,ΑΓΡΙΛΙΟΣ,Κλάση Β,14930,51724,0.3,1803,Jan-23
17342,ΑΓΡΙΛΙΟΣ,Κλάση Γ,6439,10497,0.6,404,Jan-23
17342,ΑΓΡΙΛΙΟΣ,Κλάση Δ,979,640,1.5,25,Jan-23
17342,ΑΓΡΙΛΙΟΣ,Κλάση Ε,247,48,5.2,3,Jan-23
17342,ΑΝΟΙΞΗ,Κλάση A,376,11469,0.0,424,Jan-23
17342,ΑΝΟΙΞΗ,Κλάση Β,12050,41612,0.3,1459,Jan-23
17342,ΑΝΟΙΞΗ,Κλάση Γ,5335,8683,0.6,341,Jan-23
17342,ΑΝΟΙΞΗ,Κλάση Δ,734,454,1.6,21,Jan-23
17342,ΕΘΝΙΚΗΣ ΑΝΤΙΣΤΑΣΗΣ,Κλάση A,1616,47416,0.0,1740,Jan-23
17342,ΕΘΝΙΚΗΣ ΑΝΤΙΣΤΑΣΗΣ,Κλάση Β,37996,133218,0.3,4681,Jan-23
17342,ΕΘΝΙΚΗΣ ΑΝΤΙΣΤΑΣΗΣ,Κλάση Γ,16872,27330,0.6,1062,Jan-23
17342,ΕΘΝΙΚΗΣ ΑΝΤΙΣΤΑΣΗΣ,Κλάση Δ,1851,1165,1.6,52,Jan-23
17342,ΕΘΝΙΚΗΣ ΑΝΤΙΣΤΑΣΗΣ,Κλάση Ε,1482,139,10.7,6,Jan-23
17342,ΕΛΗΑ,Κλάση A,7,353,0.0,13,Jan-23
17342,ΕΛΗΑ,Κλάση Β,26,133,0.2,5,Jan-23
17342,ΕΛΗΑ,Κλάση Γ,74,113,0.7,4,Jan-23
17342,ΕΛΗΑ,Κλάση Δ,78,52,1.5,3,Jan-23
17342,ΣΑΡΩΝΙΚΟΣ,Κλάση A,52,1423,0.0,52,Jan-23
17342,ΣΑΡΩΝΙΚΟΣ,Κλάση Β,907,3294,0.3,115,Jan-23
17342,ΣΑΡΩΝΙΚΟΣ,Κλάση Γ,393,642,0.6,24,Jan-23
17342,ΣΑΡΩΝΙΚΟΣ,Κλάση Δ,243,97,2.5,4,Jan-23
17342,ΣΟΥΛΙ,Κλάση A,335,10611,0.0,382,Jan-23
17342,ΣΟΥΛΙ,Κλάση Β,7881,28637,0.3,993,Jan-23
17342,ΣΟΥΛΙ,Κλάση Γ,3051,4863,0.6,199,Jan-23
17342,ΣΟΥΛΙ,Κλάση Δ,360,211,1.7,10,Jan-23
17343,ΑΓ. ΔΗΜΗΤΡΙΟΣ,Κλάση A,1629,51089,0.0,1822,Jan-23
17343,ΑΓ. ΔΗΜΗΤΡΙΟΣ,Κλάση Β,31951,117526,0.3,4051,Jan-23
17343,ΑΓ. ΔΗΜΗΤΡΙΟΣ,Κλάση Γ,11556,18525,0.6,726,Jan-23
17343,ΑΓ. ΔΗΜΗΤΡΙΟΣ,Κλάση Δ,3134,1808,1.7,76,Jan-23
17343,ΑΓ. ΔΗΜΗΤΡΙΟΣ,Κλάση Ε,3671,217,16.9,8,Jan-23
17343,ΑΓΡΙΛΙΟΣ,Κλάση A,2,29,0.1,4,Jan-23
17343,ΑΓΡΙΛΙΟΣ,Κλάση Β,72,250,0.3,9,Jan-23
17343,ΑΝΘΕΩΝ,Κλάση A,566,17982,0.0,647,Jan-23
17343,ΑΝΘΕΩΝ,Κλάση Β,11897,42396,0.3,1490,Jan-23
17343,ΑΝΘΕΩΝ,Κλάση Γ,5573,8823,0.6,339,Jan-23
17343,ΑΝΘΕΩΝ,Κλάση Δ,1134,645,1.8,27,Jan-23
17343,ΑΝΘΕΩΝ,Κλάση Ε,276,36,7.7,2,Jan-23
17343,ΑΝΟΙΞΗ,Κλάση A,52,1272,0.0,45,Jan-23
17343,ΑΝΟΙΞΗ,Κλάση Β,1209,3850,0.3,139,Jan-23
17343,ΑΝΟΙΞΗ,Κλάση Γ,832,1331,0.6,49,Jan-23
17343,ΑΝΟΙΞΗ,Κλάση Δ,109,93,1.2,3,Jan-23
17343,ΕΛΗΑ,Κλάση A,239,7202,0.0,269,Jan-23
17343,ΕΛΗΑ,Κλάση Β,4428,16651,0.3,588,Jan-23
17343,ΕΛΗΑ,Κλάση Γ,1956,3182,0.6,129,Jan-23
17343,ΕΛΗΑ,Κλάση Δ,494,230,2.2,12,Jan-23
17343,ΣΑΡΩΝΙΚΟΣ,Κλάση A,163,5243,0.0,195,Jan-23
17343,ΣΑΡΩΝΙΚΟΣ,Κλάση Β,3907,13780,0.3,490,Jan-23
17343,ΣΑΡΩΝΙΚΟΣ,Κλάση Γ,1556,2503,0.6,102,Jan-23
17343,ΣΑΡΩΝΙΚΟΣ,Κλάση Δ,267,207,1.3,9,Jan-23
17372,ΕΛΗΑ,Κλάση Β,19,71,0.3,3,Jan-23
17436,ΑΛΙΜΟΣ,Κλάση Γ,36,62,0.6,2,Jan-23
17455,ΑΛΙΜΟΣ,Κλάση A,673,21297,0.0,687,Jan-23
17455,ΑΛΙΜΟΣ,Κλάση Β,18083,62917,0.3,2030,Jan-23
17455,ΑΛΙΜΟΣ,Κλάση Γ,11256,17373,0.7,561,Jan-23
17455,ΑΛΙΜΟΣ,Κλάση Δ,3234,2015,1.6,65,Jan-23
17455,ΑΛΙΜΟΣ,Κλάση Ε,524,62,8.5,2,Jan-23
17455,ΑΜΠΕΛΑΚΙΑ,Κλάση A,129,3689,0.0,119,Jan-23
17455,ΑΜΠΕΛΑΚΙΑ,Κλάση Β,4611,15469,0.3,499,Jan-23
17455,ΑΜΠΕΛΑΚΙΑ,Κλάση Γ,2628,4123,0.6,133,Jan-23
17455,ΑΜΠΕΛΑΚΙΑ,Κλάση Δ,651,403,1.6,13,Jan-23
17455,ΚΑΛΑΜΑΚΙ,Κλάση A,3451,103683,0.0,3346,Jan-23
17455,ΚΑΛΑΜΑΚΙ,Κλάση Β,58988,221845,0.3,7158,Jan-23
17455,ΚΑΛΑΜΑΚΙ,Κλάση Γ,21822,35261,0.6,1138,Jan-23
17455,ΚΑΛΑΜΑΚΙ,Κλάση Δ,4739,2635,1.8,85,Jan-23
17455,ΚΑΛΑΜΑΚΙ,Κλάση Ε,1401,217,6.5,7,Jan-23
17455,ΤΡΑΥΜΑΤΙΩΝ,Κλάση A,23,806,0.0,26,Jan-23
17455,ΤΡΑΥΜΑΤΙΩΝ,Κλάση Β,675,2418,0.3,78,Jan-23
17455,ΤΡΑΥΜΑΤΙΩΝ,Κλάση Γ,381,558,0.7,18,Jan-23
17455,ΤΡΑΥΜΑΤΙΩΝ,Κλάση Δ,134,124,1.1,4,Jan-23
17455,ΤΡΑΧΩΝΕΣ,Κλάση A,3,62,0.1,2,Jan-23
17455,ΤΡΑΧΩΝΕΣ,Κλάση Β,48,186,0.3,6,Jan-23
17455,ΤΡΑΧΩΝΕΣ,Κλάση Δ,70,62,1.1,2,Jan-23
17455,ΧΑΣΑΝΙ,Κλάση A,0,93,0.0,3,Jan-23
17455,ΧΑΣΑΝΙ,Κλάση Β,27,93,0.3,3,Jan-23
17455,ΧΑΣΑΝΙ,Κλάση Γ,109,155,0.7,5,Jan-23
17455,ΧΑΣΑΝΙ,Κλάση Δ,142,62,2.3,2,Jan-23
17455,ΧΑΣΑΝΙ,Κλάση Ε,458,62,7.4,2,Jan-23
17456,ΑΓ. ΠΑΝΤΕΛΕΗΜΩΝ,Κλάση A,435,13020,0.0,420,Jan-23
17456,ΑΓ. ΠΑΝΤΕΛΕΗΜΩΝ,Κλάση Β,8587,31217,0.3,1007,Jan-23
17456,ΑΓ. ΠΑΝΤΕΛΕΗΜΩΝ,Κλάση Γ,3614,5890,0.6,190,Jan-23
17456,ΑΓ. ΠΑΝΤΕΛΕΗΜΩΝ,Κλάση Δ,956,527,1.8,17,Jan-23
17456,ΑΛΙΜΟΣ,Κλάση A,107,2759,0.0,89,Jan-23
17456,ΑΛΙΜΟΣ,Κλάση Β,2426,8211,0.3,265,Jan-23
17456,ΑΛΙΜΟΣ,Κλάση Γ,1941,3104,0.6,101,Jan-23
17456,ΑΛΙΜΟΣ,Κλάση Δ,490,372,1.3,12,Jan-23
17456,ΑΛΙΜΟΣ,Κλάση Ε,4143,93,44.6,3,Jan-23
17456,ΕΚΤΕΛΩΝΙΣΤΩΝ,Κλάση A,523,14539,0.0,469,Jan-23
17456,ΕΚΤΕΛΩΝΙΣΤΩΝ,Κλάση Β,10651,37986,0.3,1226,Jan-23
17456,ΕΚΤΕΛΩΝΙΣΤΩΝ,Κλάση Γ,4828,7801,0.6,252,Jan-23
17456,ΕΚΤΕΛΩΝΙΣΤΩΝ,Κλάση Δ,851,465,1.8,15,Jan-23
17456,ΕΦΟΡΙΑΚΩΝ,Κλάση A,367,12339,0.0,400,Jan-23
17456,ΕΦΟΡΙΑΚΩΝ,Κλάση Β,9217,31868,0.3,1028,Jan-23
17456,ΕΦΟΡΙΑΚΩΝ,Κλάση Γ,4683,7533,0.6,243,Jan-23
17456,ΕΦΟΡΙΑΚΩΝ,Κλάση Δ,1194,765,1.6,25,Jan-23
17456,ΕΦΟΡΙΑΚΩΝ,Κλάση Ε,496,62,8.0,2,Jan-23
17456,ΚΑΛΑΜΑΚΙ,Κλάση A,200,6077,0.0,197,Jan-23
17456,ΚΑΛΑΜΑΚΙ,Κλάση Β,1733,7409,0.2,239,Jan-23
17456,ΚΑΛΑΜΑΚΙ,Κλάση Γ,631,930,0.7,30,Jan-23
17456,ΚΑΛΑΜΑΚΙ,Κλάση Δ,590,296,2.0,10,Jan-23
17456,ΚΑΛΑΜΑΚΙ,Κλάση Ε,5448,217,25.1,7,Jan-23
17456,ΚΥΘΗΡΙΩΝ,Κλάση A,196,6634,0.0,214,Jan-23
17456,ΚΥΘΗΡΙΩΝ,Κλάση Β,6721,22847,0.3,737,Jan-23
17456,ΚΥΘΗΡΙΩΝ,Κλάση Γ,4740,7409,0.6,239,Jan-23
17456,ΚΥΘΗΡΙΩΝ,Κλάση Δ,1479,775,1.9,25,Jan-23
17456,ΤΡΑΥΜΑΤΙΩΝ,Κλάση A,496,13175,0.0,425,Jan-23
17456,ΤΡΑΥΜΑΤΙΩΝ,Κλάση Β,11250,39153,0.3,1263,Jan-23
17456,ΤΡΑΥΜΑΤΙΩΝ,Κλάση Γ,4966,8184,0.6,264,Jan-23
17456,ΤΡΑΥΜΑΤΙΩΝ,Κλάση Δ,381,248,1.5,8,Jan-23
17561,ΑΜΦΙΘΕΑ,Κλάση A,36,899,0.0,29,Jan-23
17561,ΑΜΦΙΘΕΑ,Κλάση Β,448,1674,0.3,54,Jan-23
17561,ΑΜΦΙΘΕΑ,Κλάση Γ,34,62,0.6,2,Jan-23
17561,ΠΑΛΑΙΟ ΦΑΛΗΡΟ,Κλάση A,3796,110889,0.0,3604,Jan-23
17561,ΠΑΛΑΙΟ ΦΑΛΗΡΟ,Κλάση Β,51043,197426,0.3,6376,Jan-23
17561,ΠΑΛΑΙΟ ΦΑΛΗΡΟ,Κλάση Γ,15000,24065,0.6,779,Jan-23
17561,ΠΑΛΑΙΟ ΦΑΛΗΡΟ,Κλάση Δ,5156,3007,1.7,97,Jan-23
17561,ΠΑΛΑΙΟ ΦΑΛΗΡΟ,Κλάση Ε,15402,465,33.1,15,Jan-23
17562,ΑΜΦΙΘΕΑ,Κλάση A,23,1085,0.0,35,Jan-23
17562,ΑΜΦΙΘΕΑ,Κλάση Β,454,1767,0.3,57,Jan-23
17562,ΑΜΦΙΘΕΑ,Κλάση Γ,142,217,0.7,7,Jan-23
17562,ΑΜΦΙΘΕΑ,Κλάση Δ,239,124,1.9,4,Jan-23
17562,ΠΑΛΑΙΟ ΦΑΛΗΡΟ,Κλάση A,3036,88065,0.0,2856,Jan-23
17562,ΠΑΛΑΙΟ ΦΑΛΗΡΟ,Κλάση Β,45368,172404,0.3,5564,Jan-23
17562,ΠΑΛΑΙΟ ΦΑΛΗΡΟ,Κλάση Γ,14902,23792,0.6,769,Jan-23
17562,ΠΑΛΑΙΟ ΦΑΛΗΡΟ,Κλάση Δ,3012,1808,1.7,59,Jan-23
17562,ΠΑΛΑΙΟ ΦΑΛΗΡΟ,Κλάση Ε,2687,217,12.4,7,Jan-23
17563,ΑΓ. ΒΑΡΒΑΡΑ,Κλάση A,916,24655,0.0,800,Jan-23
17563,ΑΓ. ΒΑΡΒΑΡΑ,Κλάση Β,19119,69831,0.3,2253,Jan-23
17563,ΑΓ. ΒΑΡΒΑΡΑ,Κλάση Γ,5251,8463,0.6,273,Jan-23
17563,ΑΓ. ΒΑΡΒΑΡΑ,Κλάση Δ,1086,684,1.6,23,Jan-23
17563,ΑΜΦΙΘΕΑ,Κλάση A,1761,54311,0.0,1766,Jan-23
17563,ΑΜΦΙΘΕΑ,Κλάση Β,41434,152076,0.3,4913,Jan-23
17563,ΑΜΦΙΘΕΑ,Κλάση Γ,15187,24595,0.6,798,Jan-23
17563,ΑΜΦΙΘΕΑ,Κλάση Δ,2068,1319,1.6,45,Jan-23
17563,ΑΜΦΙΘΕΑ,Κλάση Ε,400,62,6.5,2,Jan-23
17563,ΠΑΛΑΙΟ ΦΑΛΗΡΟ,Κλάση A,431,13129,0.0,428,Jan-23
17563,ΠΑΛΑΙΟ ΦΑΛΗΡΟ,Κλάση Β,8783,32208,0.3,1040,Jan-23
17563,ΠΑΛΑΙΟ ΦΑΛΗΡΟ,Κλάση Γ,2999,4831,0.6,157,Jan-23
17563,ΠΑΛΑΙΟ ΦΑΛΗΡΟ,Κλάση Δ,869,579,1.5,20,Jan-23
17564,ΑΜΦΙΘΕΑ,Κλάση A,2154,65009,0.0,2122,Jan-23
17564,ΑΜΦΙΘΕΑ,Κλάση Β,41564,154578,0.3,4994,Jan-23
17564,ΑΜΦΙΘΕΑ,Κλάση Γ,15610,25106,0.6,814,Jan-23
17564,ΑΜΦΙΘΕΑ,Κλάση Δ,4715,3028,1.6,105,Jan-23
17564,ΑΜΦΙΘΕΑ,Κλάση Ε,9020,498,18.1,17,Jan-23
17564,ΠΑΛΑΙΟ ΦΑΛΗΡΟ,Κλάση A,159,4185,0.0,135,Jan-23
17564,ΠΑΛΑΙΟ ΦΑΛΗΡΟ,Κλάση Β,2696,9951,0.3,321,Jan-23
17564,ΠΑΛΑΙΟ ΦΑΛΗΡΟ,Κλάση Γ,851,1364,0.6,44,Jan-23
17564,ΠΑΛΑΙΟ ΦΑΛΗΡΟ,Κλάση Δ,619,310,2.0,10,Jan-23
17671,ΚΑΛΛΙΘΕΑ,Κλάση A,2378,73814,0.0,2636,Jan-23
17671,ΚΑΛΛΙΘΕΑ,Κλάση Β,28275,114059,0.3,3996,Jan-23
17671,ΚΑΛΛΙΘΕΑ,Κλάση Γ,7248,11746,0.6,465,Jan-23
17671,ΚΑΛΛΙΘΕΑ,Κλάση Δ,1680,1116,1.5,51,Jan-23
17671,ΚΑΛΛΙΘΕΑ,Κλάση Ε,485,89,5.5,3,Jan-23
17671,ΛΟΦΟΣ ΣΙΚΕΛΙΑΣ,Κλάση A,274,9172,0.0,330,Jan-23
17671,ΛΟΦΟΣ ΣΙΚΕΛΙΑΣ,Κλάση Β,2780,11208,0.3,400,Jan-23
17671,ΛΟΦΟΣ ΣΙΚΕΛΙΑΣ,Κλάση Γ,890,1364,0.7,55,Jan-23
17671,ΛΟΦΟΣ ΣΙΚΕΛΙΑΣ,Κλάση Δ,1195,645,1.9,26,Jan-23
17671,ΛΟΦΟΣ ΣΙΚΕΛΙΑΣ,Κλάση Ε,1055,60,17.6,3,Jan-23
17671,ΠΑΝΤΕΙΟΣ,Κλάση A,324,12166,0.0,441,Jan-23
17671,ΠΑΝΤΕΙΟΣ,Κλάση Β,3613,14384,0.3,521,Jan-23
17671,ΠΑΝΤΕΙΟΣ,Κλάση Γ,1266,1940,0.7,77,Jan-23
17671,ΠΑΝΤΕΙΟΣ,Κλάση Δ,768,368,2.1,15,Jan-23
17671,ΠΑΝΤΕΙΟΣ,Κλάση Ε,1121,93,12.1,3,Jan-23
17671,ΧΑΡΟΚΟΠΟΥ,Κλάση A,1041,32408,0.0,1145,Jan-23
17671,ΧΑΡΟΚΟΠΟΥ,Κλάση Β,11805,47193,0.3,1663,Jan-23
17671,ΧΑΡΟΚΟΠΟΥ,Κλάση Γ,3089,5032,0.6,195,Jan-23
17671,ΧΑΡΟΚΟΠΟΥ,Κλάση Δ,488,292,1.7,13,Jan-23
17671,ΧΑΡΟΚΟΠΟΥ,Κλάση Ε,653,62,10.5,2,Jan-23
17672,ΚΑΛΛΙΘΕΑ,Κλάση A,3420,109939,0.0,3857,Jan-23
17672,ΚΑΛΛΙΘΕΑ,Κλάση Β,37077,151470,0.2,5247,Jan-23
17672,ΚΑΛΛΙΘΕΑ,Κλάση Γ,8530,13724,0.6,519,Jan-23
17672,ΚΑΛΛΙΘΕΑ,Κλάση Δ,1998,1033,1.9,46,Jan-23
17672,ΚΑΛΛΙΘΕΑ,Κλάση Ε,327,31,10.6,2,Jan-23
17672,ΛΟΦΟΣ ΣΙΚΕΛΙΑΣ,Κλάση A,53,1962,0.0,69,Jan-23
17672,ΛΟΦΟΣ ΣΙΚΕΛΙΑΣ,Κλάση Β,467,2018,0.2,70,Jan-23
17672,ΛΟΦΟΣ ΣΙΚΕΛΙΑΣ,Κλάση Γ,240,344,0.7,13,Jan-23
17672,ΛΟΦΟΣ ΣΙΚΕΛΙΑΣ,Κλάση Δ,204,136,1.5,5,Jan-23
17672,ΧΑΡΟΚΟΠΟΥ,Κλάση A,1418,47207,0.0,1667,Jan-23
17672,ΧΑΡΟΚΟΠΟΥ,Κλάση Β,15832,64085,0.3,2257,Jan-23
17672,ΧΑΡΟΚΟΠΟΥ,Κλάση Γ,3272,5205,0.6,206,Jan-23
17672,ΧΑΡΟΚΟΠΟΥ,Κλάση Δ,607,384,1.6,16,Jan-23
17673,ΑΓ. ΕΛΕΟΥΣΑ,Κλάση A,83,2852,0.0,92,Jan-23
17673,ΑΓ. ΕΛΕΟΥΣΑ,Κλάση Β,1131,4681,0.2,151,Jan-23
17673,ΑΓ. ΕΛΕΟΥΣΑ,Κλάση Γ,323,527,0.6,17,Jan-23
17673,ΑΓ. ΕΛΕΟΥΣΑ,Κλάση Δ,141,62,2.3,2,Jan-23
17673,ΚΑΛΛΙΘΕΑ,Κλάση A,4174,138883,0.0,4490,Jan-23
17673,ΚΑΛΛΙΘΕΑ,Κλάση Β,54857,220703,0.3,7128,Jan-23
17673,ΚΑΛΛΙΘΕΑ,Κλάση Γ,13026,21551,0.6,696,Jan-23
17673,ΚΑΛΛΙΘΕΑ,Κλάση Δ,1539,930,1.7,30,Jan-23
17673,ΚΑΛΛΙΘΕΑ,Κλάση Ε,1320,62,21.3,2,Jan-23
17673,ΛΟΦΟΣ ΣΙΚΕΛΙΑΣ,Κλάση A,110,4278,0.0,138,Jan-23
17673,ΛΟΦΟΣ ΣΙΚΕΛΙΑΣ,Κλάση Β,936,4019,0.2,130,Jan-23
17673,ΛΟΦΟΣ ΣΙΚΕΛΙΑΣ,Κλάση Γ,378,558,0.7,18,Jan-23
17673,ΛΟΦΟΣ ΣΙΚΕΛΙΑΣ,Κλάση Δ,528,310,1.7,10,Jan-23
17673,ΤΖΙΤΖΙΦΙΕΣ,Κλάση A,1010,34386,0.0,1112,Jan-23
17673,ΤΖΙΤΖΙΦΙΕΣ,Κλάση Β,15204,59210,0.3,1910,Jan-23
17673,ΤΖΙΤΖΙΦΙΕΣ,Κλάση Γ,4043,6603,0.6,213,Jan-23
17673,ΤΖΙΤΖΙΦΙΕΣ,Κλάση Δ,343,217,1.6,7,Jan-23
17674,ΚΑΛΛΙΘΕΑ,Κλάση A,73,2294,0.0,74,Jan-23
17674,ΚΑΛΛΙΘΕΑ,Κλάση Β,1243,4402,0.3,142,Jan-23
17674,ΚΑΛΛΙΘΕΑ,Κλάση Γ,444,713,0.6,23,Jan-23
17674,ΚΑΛΛΙΘΕΑ,Κλάση Δ,146,93,1.6,3,Jan-23
17674,ΛΟΦΟΣ ΣΙΚΕΛΙΑΣ,Κλάση A,122,4248,0.0,138,Jan-23
17674,ΛΟΦΟΣ ΣΙΚΕΛΙΑΣ,Κλάση Β,1412,5689,0.3,184,Jan-23
17674,ΛΟΦΟΣ ΣΙΚΕΛΙΑΣ,Κλάση Γ,481,697,0.7,24,Jan-23
17674,ΛΟΦΟΣ ΣΙΚΕΛΙΑΣ,Κλάση Δ,413,329,1.3,11,Jan-23
17674,ΤΖΙΤΖΙΦΙΕΣ,Κλάση A,2247,70220,0.0,2272,Jan-23
17674,ΤΖΙΤΖΙΦΙΕΣ,Κλάση Β,32717,124073,0.3,4004,Jan-23
17674,ΤΖΙΤΖΙΦΙΕΣ,Κλάση Γ,10944,17402,0.6,563,Jan-23
17674,ΤΖΙΤΖΙΦΙΕΣ,Κλάση Δ,2667,1654,1.6,55,Jan-23
17674,ΤΖΙΤΖΙΦΙΕΣ,Κλάση Ε,17233,186,92.7,6,Jan-23
17675,ΑΓ. ΕΛΕΟΥΣΑ,Κλάση A,609,18757,0.0,685,Jan-23
17675,ΑΓ. ΕΛΕΟΥΣΑ,Κλάση Β,9284,35486,0.3,1145,Jan-23
17675,ΑΓ. ΕΛΕΟΥΣΑ,Κλάση Γ,2823,4712,0.6,152,Jan-23
17675,ΑΓ. ΕΛΕΟΥΣΑ,Κλάση Δ,266,155,1.7,5,Jan-23
17675,ΗΛ.ΣΤΑΘΜΟΣ,Κλάση A,45,1674,0.0,219,Jan-23
17675,ΗΛ.ΣΤΑΘΜΟΣ,Κλάση Β,958,3751,0.3,121,Jan-23
17675,ΗΛ.ΣΤΑΘΜΟΣ,Κλάση Γ,209,372,0.6,12,Jan-23
17675,ΚΑΛΛΙΘΕΑ,Κλάση A,2241,68585,0.0,2823,Jan-23
17675,ΚΑΛΛΙΘΕΑ,Κλάση Β,28401,110343,0.3,3560,Jan-23
17675,ΚΑΛΛΙΘΕΑ,Κλάση Γ,7945,12915,0.6,417,Jan-23
17675,ΚΑΛΛΙΘΕΑ,Κλάση Δ,1576,1054,1.5,34,Jan-23
17675,ΛΟΦΟΣ ΣΙΚΕΛΙΑΣ,Κλάση A,170,5921,0.0,191,Jan-23
17675,ΛΟΦΟΣ ΣΙΚΕΛΙΑΣ,Κλάση Β,2360,9083,0.3,293,Jan-23
17675,ΛΟΦΟΣ ΣΙΚΕΛΙΑΣ,Κλάση Γ,852,1302,0.7,42,Jan-23
17675,ΛΟΦΟΣ ΣΙΚΕΛΙΑΣ,Κλάση Δ,685,434,1.6,14,Jan-23
17675,ΤΖΙΤΖΙΦΙΕΣ,Κλάση A,634,20393,0.0,659,Jan-23
17675,ΤΖΙΤΖΙΦΙΕΣ,Κλάση Β,11883,43900,0.3,1417,Jan-23
17675,ΤΖΙΤΖΙΦΙΕΣ,Κλάση Γ,4417,7130,0.6,230,Jan-23
17675,ΤΖΙΤΖΙΦΙΕΣ,Κλάση Δ,797,465,1.7,15,Jan-23
17675,ΤΖΙΤΖΙΦΙΕΣ,Κλάση Ε,1134,124,9.2,4,Jan-23
17676,ΑΓ. ΕΛΕΟΥΣΑ,Κλάση A,283,7533,0.0,605,Jan-23
17676,ΑΓ. ΕΛΕΟΥΣΑ,Κλάση Β,3130,12307,0.3,397,Jan-23
17676,ΑΓ. ΕΛΕΟΥΣΑ,Κλάση Γ,858,1426,0.6,46,Jan-23
17676,ΑΓ. ΕΛΕΟΥΣΑ,Κλάση Δ,75,62,1.2,2,Jan-23
17676,ΗΛ.ΣΤΑΘΜΟΣ,Κλάση A,151,5614,0.0,311,Jan-23
17676,ΗΛ.ΣΤΑΘΜΟΣ,Κλάση Β,2798,10833,0.3,361,Jan-23
17676,ΗΛ.ΣΤΑΘΜΟΣ,Κλάση Γ,991,1570,0.6,53,Jan-23
17676,ΗΛ.ΣΤΑΘΜΟΣ,Κλάση Δ,374,228,1.6,10,Jan-23
17676,ΚΑΛΛΙΘΕΑ,Κλάση A,2916,92732,0.0,4238,Jan-23
17676,ΚΑΛΛΙΘΕΑ,Κλάση Β,30970,125716,0.3,4184,Jan-23
17676,ΚΑΛΛΙΘΕΑ,Κλάση Γ,8310,13430,0.6,463,Jan-23
17676,ΚΑΛΛΙΘΕΑ,Κλάση Δ,2763,1597,1.7,58,Jan-23
17676,ΚΑΛΛΙΘΕΑ,Κλάση Ε,1800,215,8.4,7,Jan-23
17676,ΛΟΦΟΣ ΣΙΚΕΛΙΑΣ,Κλάση A,39,1318,0.0,51,Jan-23
17676,ΛΟΦΟΣ ΣΙΚΕΛΙΑΣ,Κλάση Β,495,2084,0.2,74,Jan-23
17676,ΛΟΦΟΣ ΣΙΚΕΛΙΑΣ,Κλάση Γ,166,256,0.7,12,Jan-23
17676,ΛΟΦΟΣ ΣΙΚΕΛΙΑΣ,Κλάση Δ,232,182,1.3,7,Jan-23
17676,ΣΤΑΘΜΟΣ,Κλάση A,6,155,0.0,5,Jan-23
17676,ΣΤΑΘΜΟΣ,Κλάση Β,21,62,0.3,2,Jan-23
17676,ΧΑΡΟΚΟΠΟΥ,Κλάση A,332,10541,0.0,705,Jan-23
17676,ΧΑΡΟΚΟΠΟΥ,Κλάση Β,4148,17093,0.2,557,Jan-23
17676,ΧΑΡΟΚΟΠΟΥ,Κλάση Γ,1109,1818,0.6,60,Jan-23
17778,ΒΟΤΑΝΙΚΟΣ,Κλάση A,3,141,0.0,6,Jan-23
17778,ΒΟΤΑΝΙΚΟΣ,Κλάση Δ,641,296,2.2,10,Jan-23
17778,ΒΟΤΑΝΙΚΟΣ,Κλάση Ε,2274,93,24.5,3,Jan-23
17778,ΠΕΡΙΒΟΛΙΑ,Κλάση A,3,93,0.0,3,Jan-23
17778,ΠΕΡΙΒΟΛΙΑ,Κλάση Β,35,124,0.3,4,Jan-23
17778,ΠΕΡΙΒΟΛΙΑ,Κλάση Γ,106,164,0.7,6,Jan-23
17778,ΠΕΡΙΒΟΛΙΑ,Κλάση Δ,81,53,1.5,2,Jan-23
17778,ΤΑΥΡΟΣ,Κλάση A,2432,79500,0.0,2867,Jan-23
17778,ΤΑΥΡΟΣ,Κλάση Β,42431,159184,0.3,5621,Jan-23
17778,ΤΑΥΡΟΣ,Κλάση Γ,16744,26818,0.6,1070,Jan-23
17778,ΤΑΥΡΟΣ,Κλάση Δ,6887,3671,1.9,152,Jan-23
17778,ΤΑΥΡΟΣ,Κλάση Ε,3210,339,9.5,12,Jan-23
18120,ΑΓ. ΒΑΡΒΑΡΑ,Κλάση A,522,15841,0.0,511,Jan-23
18120,ΑΓ. ΒΑΡΒΑΡΑ,Κλάση Β,7401,27249,0.3,879,Jan-23
18120,ΑΓ. ΒΑΡΒΑΡΑ,Κλάση Γ,2298,3782,0.6,122,Jan-23
18120,ΑΓ. ΒΑΡΒΑΡΑ,Κλάση Δ,497,310,1.6,10,Jan-23
18120,ΑΓ. ΓΕΩΡΓΙΟΣ,Κλάση A,1045,33316,0.0,1076,Jan-23
18120,ΑΓ. ΓΕΩΡΓΙΟΣ,Κλάση Β,12682,49257,0.3,1589,Jan-23
18120,ΑΓ. ΓΕΩΡΓΙΟΣ,Κλάση Γ,4001,6479,0.6,210,Jan-23
18120,ΑΓ. ΓΕΩΡΓΙΟΣ,Κλάση Δ,1094,588,1.9,19,Jan-23
18120,ΑΝΩ ΚΟΡΥΔΑΛΛΟΣ,Κλάση A,157,4278,0.0,138,Jan-23
18120,ΑΝΩ ΚΟΡΥΔΑΛΛΟΣ,Κλάση Β,2577,9486,0.3,306,Jan-23
18120,ΑΝΩ ΚΟΡΥΔΑΛΛΟΣ,Κλάση Γ,788,1240,0.6,40,Jan-23
18120,ΑΣΠΡΑ ΧΩΜΑΤΑ,Κλάση A,55,1898,0.0,65,Jan-23
18120,ΑΣΠΡΑ ΧΩΜΑΤΑ,Κλάση Β,1128,4196,0.3,141,Jan-23
18120,ΑΣΠΡΑ ΧΩΜΑΤΑ,Κλάση Γ,374,582,0.6,20,Jan-23
18120,ΑΣΠΡΑ ΧΩΜΑΤΑ,Κλάση Δ,82,50,1.6,3,Jan-23
18120,ΚΟΡΥΔΑΛΛΟΣ,Κλάση A,2222,67320,0.0,2178,Jan-23
18120,ΚΟΡΥΔΑΛΛΟΣ,Κλάση Β,27768,106471,0.3,3443,Jan-23
18120,ΚΟΡΥΔΑΛΛΟΣ,Κλάση Γ,8528,13813,0.6,449,Jan-23
18120,ΚΟΡΥΔΑΛΛΟΣ,Κλάση Δ,2372,1519,1.6,50,Jan-23
18120,ΠΑΙΔΙΚΗ ΣΤΕΓΗ,Κλάση A,126,4278,0.0,138,Jan-23
18120,ΠΑΙΔΙΚΗ ΣΤΕΓΗ,Κλάση Β,2569,9486,0.3,306,Jan-23
18120,ΠΑΙΔΙΚΗ ΣΤΕΓΗ,Κλάση Γ,842,1395,0.6,45,Jan-23
18120,ΠΕΡΙΒΟΛΑΚΙ,Κλάση A,363,11234,0.0,365,Jan-23
18120,ΠΕΡΙΒΟΛΑΚΙ,Κλάση Β,5174,19628,0.3,637,Jan-23
18120,ΠΕΡΙΒΟΛΑΚΙ,Κλάση Γ,1319,2153,0.6,72,Jan-23
18120,ΠΕΡΙΒΟΛΑΚΙ,Κλάση Δ,99,91,1.1,4,Jan-23
18120,ΠΛΑΤΕΙΑ ΕΛΕΥΘΕΡΙΑΣ,Κλάση A,1105,36549,0.0,1179,Jan-23
18120,ΠΛΑΤΕΙΑ ΕΛΕΥΘΕΡΙΑΣ,Κλάση Β,17548,66991,0.3,2161,Jan-23
18120,ΠΛΑΤΕΙΑ ΕΛΕΥΘΕΡΙΑΣ,Κλάση Γ,5397,8897,0.6,287,Jan-23
18120,ΠΛΑΤΕΙΑ ΕΛΕΥΘΕΡΙΑΣ,Κλάση Δ,1675,961,1.7,31,Jan-23
18121,ΑΓ. ΒΑΡΒΑΡΑ,Κλάση A,9,316,0.0,15,Jan-23
18121,ΑΓ. ΒΑΡΒΑΡΑ,Κλάση Β,226,775,0.3,25,Jan-23
18121,ΑΓ. ΒΑΡΒΑΡΑ,Κλάση Γ,90,155,0.6,5,Jan-23
18121,ΑΝΩ ΚΟΡΥΔΑΛΛΟΣ,Κλάση A,357,11625,0.0,375,Jan-23
18121,ΑΝΩ ΚΟΡΥΔΑΛΛΟΣ,Κλάση Β,8016,28334,0.3,914,Jan-23
18121,ΑΝΩ ΚΟΡΥΔΑΛΛΟΣ,Κλάση Γ,3977,6510,0.6,210,Jan-23
18121,ΑΝΩ ΚΟΡΥΔΑΛΛΟΣ,Κλάση Δ,327,248,1.3,8,Jan-23
18121,ΑΣΠΡΑ ΧΩΜΑΤΑ,Κλάση A,4,74,0.1,3,Jan-23
18121,ΑΣΠΡΑ ΧΩΜΑΤΑ,Κλάση Β,91,298,0.3,10,Jan-23
18121,Γ ΝΕΚΡΟΤΑΦΕΙΟ,Κλάση A,146,4924,0.0,160,Jan-23
18121,Γ ΝΕΚΡΟΤΑΦΕΙΟ,Κλάση Β,3261,12003,0.3,388,Jan-23
18121,Γ ΝΕΚΡΟΤΑΦΕΙΟ,Κλάση Γ,1644,2542,0.7,82,Jan-23
18121,Γ ΝΕΚΡΟΤΑΦΕΙΟ,Κλάση Δ,94,62,1.5,2,Jan-23
18121,ΚΟΡΥΔΑΛΛΟΣ,Κλάση A,300,9179,0.0,299,Jan-23
18121,ΚΟΡΥΔΑΛΛΟΣ,Κλάση Β,5451,19907,0.3,643,Jan-23
18121,ΚΟΡΥΔΑΛΛΟΣ,Κλάση Γ,2482,4042,0.6,131,Jan-23
18121,ΚΟΡΥΔΑΛΛΟΣ,Κλάση Δ,603,403,1.5,13,Jan-23
18121,ΣΧΙΣΤΟ,Κλάση A,2,279,0.0,9,Jan-23
18121,ΣΧΙΣΤΟ,Κλάση Β,217,682,0.3,22,Jan-23
18121,ΣΧΙΣΤΟ,Κλάση Γ,85,124,0.7,4,Jan-23
18121,ΤΑΞΙΑΡΧΕΣ,Κλάση A,1093,36167,0.0,1198,Jan-23
18121,ΤΑΞΙΑΡΧΕΣ,Κλάση Β,23157,83526,0.3,2701,Jan-23
18121,ΤΑΞΙΑΡΧΕΣ,Κλάση Γ,8989,14423,0.6,467,Jan-23
18121,ΤΑΞΙΑΡΧΕΣ,Κλάση Δ,1316,864,1.5,28,Jan-23
18122,ΑΝΩ ΚΟΡΥΔΑΛΛΟΣ,Κλάση A,757,24831,0.0,801,Jan-23
18122,ΑΝΩ ΚΟΡΥΔΑΛΛΟΣ,Κλάση Β,20239,70618,0.3,2278,Jan-23
18122,ΑΝΩ ΚΟΡΥΔΑΛΛΟΣ,Κλάση Γ,10137,16120,0.6,520,Jan-23
18122,ΑΝΩ ΚΟΡΥΔΑΛΛΟΣ,Κλάση Δ,1590,961,1.7,31,Jan-23
18122,ΑΝΩ ΚΟΡΥΔΑΛΛΟΣ,Κλάση Ε,42405,310,136.8,10,Jan-23
18122,ΚΟΡΥΔΑΛΛΟΣ,Κλάση A,257,7719,0.0,249,Jan-23
18122,ΚΟΡΥΔΑΛΛΟΣ,Κλάση Β,5406,18910,0.3,610,Jan-23
18122,ΚΟΡΥΔΑΛΛΟΣ,Κλάση Γ,2326,3813,0.6,123,Jan-23
18122,ΚΟΡΥΔΑΛΛΟΣ,Κλάση Δ,384,248,1.6,8,Jan-23
18122,ΚΟΡΥΔΑΛΛΟΣ,Κλάση Ε,558,62,9.0,2,Jan-23
18122,ΣΧΙΣΤΟ,Κλάση A,586,18135,0.0,585,Jan-23
18122,ΣΧΙΣΤΟ,Κλάση Β,14177,48077,0.3,1551,Jan-23
18122,ΣΧΙΣΤΟ,Κλάση Γ,7363,11745,0.6,379,Jan-23
18122,ΣΧΙΣΤΟ,Κλάση Δ,977,473,2.1,17,Jan-23
18122,ΣΧΙΣΤΟ,Κλάση Ε,3634,155,23.5,5,Jan-23
18122,ΤΑΞΙΑΡΧΕΣ,Κλάση A,7,310,0.0,10,Jan-23
18122,ΤΑΞΙΑΡΧΕΣ,Κλάση Β,273,1054,0.3,34,Jan-23
18122,ΤΑΞΙΑΡΧΕΣ,Κλάση Γ,94,155,0.6,5,Jan-23
18232,ΑΓ. ΑΝΝΑ,Κλάση A,1,155,0.0,6,Jan-23
18232,ΑΓ. ΑΝΝΑ,Κλάση Β,60,177,0.3,7,Jan-23
18233,ΑΓ. ΑΝΝΑ,Κλάση A,211,9238,0.0,325,Jan-23
18233,ΑΓ. ΑΝΝΑ,Κλάση Β,3064,11275,0.3,410,Jan-23
18233,ΑΓ. ΑΝΝΑ,Κλάση Γ,1690,2749,0.6,117,Jan-23
18233,ΑΓ. ΑΝΝΑ,Κλάση Δ,1787,907,2.0,35,Jan-23
18233,ΑΓ. ΑΝΝΑ,Κλάση Ε,5124,208,24.6,7,Jan-23
18233,ΑΓ. Ι. ΡΕΝΤΗΣ,Κλάση A,1010,35640,0.0,1455,Jan-23
18233,ΑΓ. Ι. ΡΕΝΤΗΣ,Κλάση Β,20942,76471,0.3,2679,Jan-23
18233,ΑΓ. Ι. ΡΕΝΤΗΣ,Κλάση Γ,7716,12569,0.6,512,Jan-23
18233,ΑΓ. Ι. ΡΕΝΤΗΣ,Κλάση Δ,3012,1675,1.8,76,Jan-23
18233,ΑΓ. Ι. ΡΕΝΤΗΣ,Κλάση Ε,4246,295,14.4,12,Jan-23
18233,ΑΠΟΛΛΩΝ,Κλάση A,385,13584,0.0,496,Jan-23
18233,ΑΠΟΛΛΩΝ,Κλάση Β,6646,24553,0.3,849,Jan-23
18233,ΑΠΟΛΛΩΝ,Κλάση Γ,2193,3401,0.6,132,Jan-23
18233,ΑΠΟΛΛΩΝ,Κλάση Δ,665,372,1.8,14,Jan-23
18233,ΑΣΠΡΑ ΧΩΜΑΤΑ,Κλάση A,164,7918,0.0,281,Jan-23
18233,ΑΣΠΡΑ ΧΩΜΑΤΑ,Κλάση Β,3068,11857,0.3,415,Jan-23
18233,ΑΣΠΡΑ ΧΩΜΑΤΑ,Κλάση Γ,1050,1611,0.7,70,Jan-23
18233,ΑΣΠΡΑ ΧΩΜΑΤΑ,Κλάση Δ,1406,624,2.3,25,Jan-23
18233,ΑΣΠΡΑ ΧΩΜΑΤΑ,Κλάση Ε,2589,191,13.6,7,Jan-23
18233,Γ ΝΕΚΡΟΤΑΦΕΙΟ,Κλάση Δ,168,62,2.7,2,Jan-23
18233,Γ ΝΕΚΡΟΤΑΦΕΙΟ,Κλάση Ε,2282,62,36.8,2,Jan-23
18233,ΛΑΧΑΝΑΓΟΡΑ,Κλάση A,19,713,0.0,26,Jan-23
18233,ΛΑΧΑΝΑΓΟΡΑ,Κλάση Β,231,878,0.3,35,Jan-23
18233,ΛΑΧΑΝΑΓΟΡΑ,Κλάση Γ,153,248,0.6,10,Jan-23
18233,ΛΑΧΑΝΑΓΟΡΑ,Κλάση Δ,377,186,2.0,7,Jan-23
18233,Π. ΚΟΚΚΙΝΙΑ,Κλάση A,469,15986,0.0,562,Jan-23
18233,Π. ΚΟΚΚΙΝΙΑ,Κλάση Β,6781,25606,0.3,927,Jan-23
18233,Π. ΚΟΚΚΙΝΙΑ,Κλάση Γ,3237,4973,0.7,195,Jan-23
18233,Π. ΚΟΚΚΙΝΙΑ,Κλάση Δ,1423,833,1.7,39,Jan-23
18233,Π. ΚΟΚΚΙΝΙΑ,Κλάση Ε,3733,71,52.6,4,Jan-23
18233,ΡΕΝΤΗΣ,Κλάση A,0,132,0.0,6,Jan-23
18233,ΡΕΝΤΗΣ,Κλάση Β,21,73,0.3,5,Jan-23
18233,ΡΕΝΤΗΣ,Κλάση Γ,9,12,0.8,3,Jan-23
18233,ΡΕΝΤΗΣ,Κλάση Δ,113,54,2.1,2,Jan-23
18233,ΣΤΑΜΑΤΑΚΗ,Κλάση A,18,1019,0.0,35,Jan-23
18233,ΣΤΑΜΑΤΑΚΗ,Κλάση Β,427,1492,0.3,54,Jan-23
18233,ΣΤΑΜΑΤΑΚΗ,Κλάση Γ,127,184,0.7,7,Jan-23
18233,ΣΤΑΜΑΤΑΚΗ,Κλάση Δ,36,33,1.1,2,Jan-23
18344,ΑΓ. ΚΩΝΣΤΑΝΤΙΝΟΣ,Κλάση A,134,4868,0.0,170,Jan-23
18344,ΑΓ. ΚΩΝΣΤΑΝΤΙΝΟΣ,Κλάση Β,1704,6649,0.3,236,Jan-23
18344,ΑΓ. ΚΩΝΣΤΑΝΤΙΝΟΣ,Κλάση Γ,467,702,0.7,29,Jan-23
18344,ΑΓ. ΚΩΝΣΤΑΝΤΙΝΟΣ,Κλάση Δ,181,115,1.6,6,Jan-23
18344,ΑΓ. ΚΩΝΣΤΑΝΤΙΝΟΣ,Κλάση Ε,280,51,5.5,2,Jan-23
18344,ΙΛΙΣΣΟΣ,Κλάση A,2,50,0.0,2,Jan-23
18344,ΙΛΙΣΣΟΣ,Κλάση Β,37,105,0.4,4,Jan-23
18344,ΜΕΤΑΜΟΡΦΩΣΗ,Κλάση A,774,24013,0.0,868,Jan-23
18344,ΜΕΤΑΜΟΡΦΩΣΗ,Κλάση Β,13876,50195,0.3,1768,Jan-23
18344,ΜΕΤΑΜΟΡΦΩΣΗ,Κλάση Γ,4989,7925,0.6,313,Jan-23
18344,ΜΕΤΑΜΟΡΦΩΣΗ,Κλάση Δ,860,494,1.7,20,Jan-23
18344,ΜΟΣΧΑΤΟ,Κλάση A,101,3101,0.0,113,Jan-23
18344,ΜΟΣΧΑΤΟ,Κλάση Β,1449,5323,0.3,189,Jan-23
18344,ΜΟΣΧΑΤΟ,Κλάση Γ,651,1051,0.6,40,Jan-23
18344,ΠΑΡΑΛΙΑ,Κλάση A,726,22143,0.0,788,Jan-23
18344,ΠΑΡΑΛΙΑ,Κλάση Β,14150,50949,0.3,1782,Jan-23
18344,ΠΑΡΑΛΙΑ,Κλάση Γ,5199,8536,0.6,332,Jan-23
18344,ΠΑΡΑΛΙΑ,Κλάση Δ,1009,599,1.7,26,Jan-23
18344,ΠΑΡΑΛΙΑ,Κλάση Ε,937,62,15.1,2,Jan-23
18345,ΓΗΠΕΔΟ,Κλάση A,331,9663,0.0,349,Jan-23
18345,ΓΗΠΕΔΟ,Κλάση Β,7187,26617,0.3,920,Jan-23
18345,ΓΗΠΕΔΟ,Κλάση Γ,2765,4587,0.6,181,Jan-23
18345,ΓΗΠΕΔΟ,Κλάση Δ,613,376,1.6,17,Jan-23
18345,ΙΛΙΣΣΟΣ,Κλάση A,38,1269,0.0,48,Jan-23
18345,ΙΛΙΣΣΟΣ,Κλάση Β,1594,5291,0.3,183,Jan-23
18345,ΙΛΙΣΣΟΣ,Κλάση Γ,771,1224,0.6,45,Jan-23
18345,ΜΕΤΑΜΟΡΦΩΣΗ,Κλάση A,724,20850,0.0,742,Jan-23
18345,ΜΕΤΑΜΟΡΦΩΣΗ,Κλάση Β,12460,45492,0.3,1593,Jan-23
18345,ΜΕΤΑΜΟΡΦΩΣΗ,Κλάση Γ,5115,8262,0.6,316,Jan-23
18345,ΜΕΤΑΜΟΡΦΩΣΗ,Κλάση Δ,1515,886,1.7,31,Jan-23
18345,ΜΕΤΑΜΟΡΦΩΣΗ,Κλάση Ε,708,89,8.0,4,Jan-23
18345,ΜΟΣΧΑΤΟ,Κλάση A,207,5659,0.0,212,Jan-23
18345,ΜΟΣΧΑΤΟ,Κλάση Β,4216,15143,0.3,530,Jan-23
18345,ΜΟΣΧΑΤΟ,Κλάση Γ,1468,2423,0.6,94,Jan-23
18345,ΜΟΣΧΑΤΟ,Κλάση Δ,241,124,1.9,4,Jan-23
18345,ΠΑΡΑΛΙΑ,Κλάση A,356,11048,0.0,403,Jan-23
18345,ΠΑΡΑΛΙΑ,Κλάση Β,8056,28182,0.3,979,Jan-23
18345,ΠΑΡΑΛΙΑ,Κλάση Γ,2940,4682,0.6,177,Jan-23
18345,ΠΑΡΑΛΙΑ,Κλάση Δ,644,328,2.0,13,Jan-23
18345,ΣΤΑΘΜΟΣ,Κλάση A,565,17851,0.0,648,Jan-23
18345,ΣΤΑΘΜΟΣ,Κλάση Β,11078,41491,0.3,1441,Jan-23
18345,ΣΤΑΘΜΟΣ,Κλάση Γ,3674,6067,0.6,234,Jan-23
18345,ΣΤΑΘΜΟΣ,Κλάση Δ,476,257,1.9,11,Jan-23
18346,ΙΛΙΣΣΟΣ,Κλάση A,19,979,0.0,35,Jan-23
18346,ΙΛΙΣΣΟΣ,Κλάση Β,224,915,0.2,32,Jan-23
18346,ΙΛΙΣΣΟΣ,Κλάση Γ,112,153,0.7,6,Jan-23
18346,ΙΛΙΣΣΟΣ,Κλάση Δ,189,126,1.5,5,Jan-23
18346,ΚΗΦΙΣΣΟΣ,Κλάση A,3,631,0.0,23,Jan-23
18346,ΚΗΦΙΣΣΟΣ,Κλάση Β,248,889,0.3,32,Jan-23
18346,ΚΗΦΙΣΣΟΣ,Κλάση Γ,263,357,0.7,16,Jan-23
18346,ΚΗΦΙΣΣΟΣ,Κλάση Δ,392,200,2.0,8,Jan-23
18346,ΛΑΧΑΝΑΓΟΡΑ,Κλάση A,91,2803,0.0,103,Jan-23
18346,ΛΑΧΑΝΑΓΟΡΑ,Κλάση Β,748,2990,0.3,115,Jan-23
18346,ΛΑΧΑΝΑΓΟΡΑ,Κλάση Γ,406,561,0.7,26,Jan-23
18346,ΛΑΧΑΝΑΓΟΡΑ,Κλάση Δ,1506,742,2.0,28,Jan-23
18346,ΛΑΧΑΝΑΓΟΡΑ,Κλάση Ε,12541,261,48.1,9,Jan-23
18346,ΜΕΤΑΜΟΡΦΩΣΗ,Κλάση A,4,186,0.0,7,Jan-23
18346,ΜΕΤΑΜΟΡΦΩΣΗ,Κλάση Β,159,558,0.3,19,Jan-23
18346,ΜΟΣΧΑΤΟ,Κλάση A,47,2060,0.0,73,Jan-23
18346,ΜΟΣΧΑΤΟ,Κλάση Β,508,1970,0.3,73,Jan-23
18346,ΜΟΣΧΑΤΟ,Κλάση Γ,492,726,0.7,30,Jan-23
18346,ΜΟΣΧΑΤΟ,Κλάση Δ,766,351,2.2,13,Jan-23
18346,ΜΟΣΧΑΤΟ,Κλάση Ε,1219,109,11.2,4,Jan-23
18346,ΣΤΑΘΜΟΣ,Κλάση A,75,2545,0.0,100,Jan-23
18346,ΣΤΑΘΜΟΣ,Κλάση Β,956,3583,0.3,133,Jan-23
18346,ΣΤΑΘΜΟΣ,Κλάση Γ,458,708,0.7,28,Jan-23
18346,ΣΤΑΘΜΟΣ,Κλάση Δ,512,318,1.6,14,Jan-23
18346,ΣΤΑΘΜΟΣ,Κλάση Ε,457,79,5.8,3,Jan-23
18450,ΑΓ. ΓΕΩΡΓΙΟΣ,Κλάση A,54,2169,0.0,76,Jan-23
18450,ΑΓ. ΓΕΩΡΓΙΟΣ,Κλάση Β,565,2285,0.3,81,Jan-23
18450,ΑΓ. ΓΕΩΡΓΙΟΣ,Κλάση Γ,334,487,0.7,19,Jan-23
18450,ΑΓ. ΓΕΩΡΓΙΟΣ,Κλάση Δ,97,61,1.6,3,Jan-23
18450,ΑΓ. ΝΙΚΟΛΑΟΣ,Κλάση A,1029,42786,0.0,1515,Jan-23
18450,ΑΓ. ΝΙΚΟΛΑΟΣ,Κλάση Β,14207,54276,0.3,1936,Jan-23
18450,ΑΓ. ΝΙΚΟΛΑΟΣ,Κλάση Γ,5789,9173,0.6,357,Jan-23
18450,ΑΓ. ΝΙΚΟΛΑΟΣ,Κλάση Δ,1019,699,1.5,32,Jan-23
18450,ΑΡΜΕΝΙΚΑ,Κλάση A,638,22117,0.0,777,Jan-23
18450,ΑΡΜΕΝΙΚΑ,Κλάση Β,10733,38861,0.3,1351,Jan-23
18450,ΑΡΜΕΝΙΚΑ,Κλάση Γ,3722,5991,0.6,234,Jan-23
18450,ΑΡΜΕΝΙΚΑ,Κλάση Δ,746,331,2.3,14,Jan-23
18450,ΓΕΦΥΡΑ,Κλάση A,267,10947,0.0,389,Jan-23
18450,ΓΕΦΥΡΑ,Κλάση Β,3895,14179,0.3,514,Jan-23
18450,ΓΕΦΥΡΑ,Κλάση Γ,1524,2413,0.6,94,Jan-23
18450,ΓΕΦΥΡΑ,Κλάση Δ,386,255,1.5,11,Jan-23
18450,ΜΑΝΙΑΤΙΚΑ,Κλάση A,104,4093,0.0,151,Jan-23
18450,ΜΑΝΙΑΤΙΚΑ,Κλάση Β,1565,5748,0.3,213,Jan-23
18450,ΜΑΝΙΑΤΙΚΑ,Κλάση Γ,754,1221,0.6,47,Jan-23
18450,ΜΑΝΙΑΤΙΚΑ,Κλάση Δ,216,111,2.0,4,Jan-23
18450,ΝΙΚΑΙΑ,Κλάση A,188,7521,0.0,264,Jan-23
18450,ΝΙΚΑΙΑ,Κλάση Β,3332,12420,0.3,434,Jan-23
18450,ΝΙΚΑΙΑ,Κλάση Γ,1143,1857,0.6,69,Jan-23
18450,ΝΙΚΑΙΑ,Κλάση Δ,159,114,1.4,5,Jan-23
18450,ΟΣΙΑ ΞΕΝΗ,Κλάση A,184,7159,0.0,261,Jan-23
18450,ΟΣΙΑ ΞΕΝΗ,Κλάση Β,3142,11486,0.3,415,Jan-23
18450,ΟΣΙΑ ΞΕΝΗ,Κλάση Γ,1409,2289,0.6,94,Jan-23
18450,ΟΣΙΑ ΞΕΝΗ,Κλάση Δ,188,94,2.0,5,Jan-23
18450,Π. ΚΟΚΚΙΝΙΑ,Κλάση A,136,4600,0.0,170,Jan-23
18450,Π. ΚΟΚΚΙΝΙΑ,Κλάση Β,2279,8402,0.3,302,Jan-23
18450,Π. ΚΟΚΚΙΝΙΑ,Κλάση Γ,824,1332,0.6,48,Jan-23
18450,ΠΕΡΙΒΟΛΑΚΙ,Κλάση A,206,8384,0.0,292,Jan-23
18450,ΠΕΡΙΒΟΛΑΚΙ,Κλάση Β,3728,13611,0.3,471,Jan-23
18450,ΠΕΡΙΒΟΛΑΚΙ,Κλάση Γ,1240,1975,0.6,79,Jan-23
18450,ΠΕΡΙΒΟΛΑΚΙ,Κλάση Δ,440,208,2.1,12,Jan-23
18450,ΧΑΛΚΗΔΟΝΑ,Κλάση A,190,6629,0.0,257,Jan-23
18450,ΧΑΛΚΗΔΟΝΑ,Κλάση Β,3753,13547,0.3,529,Jan-23
18450,ΧΑΛΚΗΔΟΝΑ,Κλάση Γ,1466,2406,0.6,95,Jan-23
18450,ΧΑΛΚΗΔΟΝΑ,Κλάση Δ,104,91,1.1,4,Jan-23
18451,ΑΓ. ΓΕΩΡΓΙΟΣ,Κλάση A,26,785,0.0,30,Jan-23
18451,ΑΓ. ΓΕΩΡΓΙΟΣ,Κλάση Β,494,1799,0.3,64,Jan-23
18451,ΑΓ. ΓΕΩΡΓΙΟΣ,Κλάση Γ,114,196,0.6,12,Jan-23
18451,ΑΓ. ΓΕΩΡΓΙΟΣ,Κλάση Δ,164,72,2.3,3,Jan-23
18451,ΑΓ. ΝΙΚΟΛΑΟΣ,Κλάση A,57,2150,0.0,73,Jan-23
18451,ΑΓ. ΝΙΚΟΛΑΟΣ,Κλάση Β,486,1989,0.2,73,Jan-23
18451,ΑΓ. ΝΙΚΟΛΑΟΣ,Κλάση Γ,240,384,0.6,17,Jan-23
18451,ΑΓ. ΝΙΚΟΛΑΟΣ,Κλάση Δ,176,134,1.3,6,Jan-23
18451,ΑΝΑΛΗΨΗ,Κλάση A,1,211,0.0,7,Jan-23
18451,ΑΝΑΛΗΨΗ,Κλάση Β,93,334,0.3,11,Jan-23
18451,ΑΝΑΛΗΨΗ,Κλάση Γ,32,62,0.5,2,Jan-23
18451,ΓΗΠΕΔΟ,Κλάση A,6,187,0.0,185,Jan-23
18451,ΓΗΠΕΔΟ,Κλάση Β,52,212,0.3,7,Jan-23
18451,ΓΗΠΕΔΟ,Κλάση Γ,40,62,0.7,2,Jan-23
18451,ΚΡΗΝΗ,Κλάση A,520,15529,0.0,720,Jan-23
18451,ΚΡΗΝΗ,Κλάση Β,8182,30632,0.3,1034,Jan-23
18451,ΚΡΗΝΗ,Κλάση Γ,2572,4120,0.6,147,Jan-23
18451,ΚΡΗΝΗ,Κλάση Δ,190,96,2.0,4,Jan-23
18451,ΝΕΑΠΟΛΗ,Κλάση A,139,4459,0.0,1140,Jan-23
18451,ΝΕΑΠΟΛΗ,Κλάση Β,1928,7017,0.3,229,Jan-23
18451,ΝΕΑΠΟΛΗ,Κλάση Γ,944,1479,0.6,48,Jan-23
18451,ΝΕΑΠΟΛΗ,Κλάση Δ,288,186,1.6,6,Jan-23
18451,ΝΙΚΑΙΑ,Κλάση A,106,3048,0.0,157,Jan-23
18451,ΝΙΚΑΙΑ,Κλάση Β,1941,6974,0.3,240,Jan-23
18451,ΝΙΚΑΙΑ,Κλάση Γ,717,1190,0.6,45,Jan-23
18451,ΝΙΚΑΙΑ,Κλάση Δ,96,72,1.3,3,Jan-23
18451,ΟΣΙΑ ΞΕΝΗ,Κλάση A,387,13008,0.0,468,Jan-23
18451,ΟΣΙΑ ΞΕΝΗ,Κλάση Β,6908,25582,0.3,907,Jan-23
18451,ΟΣΙΑ ΞΕΝΗ,Κλάση Γ,2745,4611,0.6,186,Jan-23
18451,ΟΣΙΑ ΞΕΝΗ,Κλάση Δ,618,335,1.8,15,Jan-23
18451,ΟΣΙΑ ΞΕΝΗ,Κλάση Ε,262,38,6.9,2,Jan-23
18451,ΧΑΛΚΗΔΟΝΑ,Κλάση A,1183,35534,0.0,1359,Jan-23
18451,ΧΑΛΚΗΔΟΝΑ,Κλάση Β,22298,80980,0.3,2833,Jan-23
18451,ΧΑΛΚΗΔΟΝΑ,Κλάση Γ,7423,12254,0.6,486,Jan-23
18451,ΧΑΛΚΗΔΟΝΑ,Κλάση Δ,919,565,1.6,28,Jan-23
18451,ΧΑΛΚΗΔΟΝΑ,Κλάση Ε,906,95,9.5,4,Jan-23
18452,ΑΓ. ΝΙΚΟΛΑΟΣ,Κλάση A,26,744,0.0,24,Jan-23
18452,ΑΓ. ΝΙΚΟΛΑΟΣ,Κλάση Β,333,1240,0.3,40,Jan-23
18452,ΑΓ. ΝΙΚΟΛΑΟΣ,Κλάση Γ,198,341,0.6,11,Jan-23
18452,ΑΝΑΛΗΨΗ,Κλάση A,630,20841,0.0,711,Jan-23
18452,ΑΝΑΛΗΨΗ,Κλάση Β,14869,52791,0.3,1706,Jan-23
18452,ΑΝΑΛΗΨΗ,Κλάση Γ,6141,9982,0.6,322,Jan-23
18452,ΑΝΑΛΗΨΗ,Κλάση Δ,547,404,1.4,14,Jan-23
18452,ΑΝΑΛΗΨΗ,Κλάση Ε,451,61,7.4,2,Jan-23
18452,ΚΑΜΕΝΑ,Κλάση A,52,2410,0.0,311,Jan-23
18452,ΚΑΜΕΝΑ,Κλάση Β,1443,4771,0.3,154,Jan-23
18452,ΚΑΜΕΝΑ,Κλάση Γ,640,1085,0.6,35,Jan-23
18452,ΝΕΑΠΟΛΗ,Κλάση A,1535,48211,0.0,1886,Jan-23
18452,ΝΕΑΠΟΛΗ,Κλάση Β,32797,117197,0.3,3807,Jan-23
18452,ΝΕΑΠΟΛΗ,Κλάση Γ,14440,23375,0.6,763,Jan-23
18452,ΝΕΑΠΟΛΗ,Κλάση Δ,1473,931,1.6,31,Jan-23
18452,ΝΕΑΠΟΛΗ,Κλάση Ε,1102,139,7.9,5,Jan-23
18452,ΝΙΚΑΙΑ,Κλάση A,32,1271,0.0,41,Jan-23
18452,ΝΙΚΑΙΑ,Κλάση Β,1005,3658,0.3,118,Jan-23
18452,ΝΙΚΑΙΑ,Κλάση Γ,382,589,0.7,19,Jan-23
18453,ΑΓ. ΓΕΩΡΓΙΟΣ,Κλάση A,206,10068,0.0,349,Jan-23
18453,ΑΓ. ΓΕΩΡΓΙΟΣ,Κλάση Β,3737,14092,0.3,492,Jan-23
18453,ΑΓ. ΓΕΩΡΓΙΟΣ,Κλάση Γ,1558,2427,0.6,95,Jan-23
18453,ΑΓ. ΓΕΩΡΓΙΟΣ,Κλάση Δ,97,56,1.7,3,Jan-23
18453,ΑΓ. ΝΙΚΟΛΑΟΣ,Κλάση A,567,22008,0.0,770,Jan-23
18453,ΑΓ. ΝΙΚΟΛΑΟΣ,Κλάση Β,8899,33185,0.3,1154,Jan-23
18453,ΑΓ. ΝΙΚΟΛΑΟΣ,Κλάση Γ,3219,5066,0.6,192,Jan-23
18453,ΑΓ. ΝΙΚΟΛΑΟΣ,Κλάση Δ,380,217,1.8,11,Jan-23
18453,ΑΝΑΛΗΨΗ,Κλάση A,0,126,0.0,15,Jan-23
18453,ΑΝΑΛΗΨΗ,Κλάση Β,63,217,0.3,7,Jan-23
18453,ΚΡΗΝΗ,Κλάση A,509,18392,0.0,1087,Jan-23
18453,ΚΡΗΝΗ,Κλάση Β,9476,34953,0.3,1195,Jan-23
18453,ΚΡΗΝΗ,Κλάση Γ,3668,6043,0.6,218,Jan-23
18453,ΚΡΗΝΗ,Κλάση Δ,286,168,1.7,6,Jan-23
18453,ΚΡΗΝΗ,Κλάση Ε,378,42,9.0,2,Jan-23
18453,ΝΕΑΠΟΛΗ,Κλάση A,6,334,0.0,31,Jan-23
18453,ΝΕΑΠΟΛΗ,Κλάση Β,138,578,0.2,19,Jan-23
18453,ΝΕΑΠΟΛΗ,Κλάση Γ,81,120,0.7,4,Jan-23
18453,ΝΙΚΑΙΑ,Κλάση A,58,2379,0.0,83,Jan-23
18453,ΝΙΚΑΙΑ,Κλάση Β,1244,4595,0.3,159,Jan-23
18453,ΝΙΚΑΙΑ,Κλάση Γ,404,652,0.6,26,Jan-23
18453,ΟΣΙΑ ΞΕΝΗ,Κλάση A,366,14742,0.0,523,Jan-23
18453,ΟΣΙΑ ΞΕΝΗ,Κλάση Β,6316,23695,0.3,849,Jan-23
18453,ΟΣΙΑ ΞΕΝΗ,Κλάση Γ,2344,3809,0.6,158,Jan-23
18453,ΟΣΙΑ ΞΕΝΗ,Κλάση Δ,227,165,1.4,8,Jan-23
18453,ΠΕΡΙΒΟΛΑΚΙ,Κλάση A,170,5203,0.0,184,Jan-23
18453,ΠΕΡΙΒΟΛΑΚΙ,Κλάση Β,1906,7458,0.3,261,Jan-23
18453,ΠΕΡΙΒΟΛΑΚΙ,Κλάση Γ,722,1182,0.6,46,Jan-23
18453,ΠΕΡΙΒΟΛΑΚΙ,Κλάση Δ,165,97,1.7,4,Jan-23
18454,ΑΓ. ΝΙΚΟΛΑΟΣ,Κλάση A,124,3732,0.0,132,Jan-23
18454,ΑΓ. ΝΙΚΟΛΑΟΣ,Κλάση Β,1241,4972,0.3,173,Jan-23
18454,ΑΓ. ΝΙΚΟΛΑΟΣ,Κλάση Γ,482,798,0.6,30,Jan-23
18454,ΑΓ. ΝΙΚΟΛΑΟΣ,Κλάση Δ,246,124,2.0,5,Jan-23
18454,ΑΓ. ΝΙΚΟΛΑΟΣ,Κλάση Ε,3932,51,77.1,2,Jan-23
18454,ΑΡΜΕΝΙΚΑ,Κλάση A,215,7287,0.0,265,Jan-23
18454,ΑΡΜΕΝΙΚΑ,Κλάση Β,4526,16012,0.3,558,Jan-23
18454,ΑΡΜΕΝΙΚΑ,Κλάση Γ,1453,2365,0.6,91,Jan-23
18454,ΑΡΜΕΝΙΚΑ,Κλάση Δ,460,224,2.1,9,Jan-23
18454,ΑΣΠΡΑ ΧΩΜΑΤΑ,Κλάση A,961,31443,0.0,1110,Jan-23
18454,ΑΣΠΡΑ ΧΩΜΑΤΑ,Κλάση Β,14649,54348,0.3,1895,Jan-23
18454,ΑΣΠΡΑ ΧΩΜΑΤΑ,Κλάση Γ,4821,7899,0.6,309,Jan-23
18454,ΑΣΠΡΑ ΧΩΜΑΤΑ,Κλάση Δ,1026,677,1.5,31,Jan-23
18454,Γ ΝΕΚΡΟΤΑΦΕΙΟ,Κλάση A,787,24230,0.0,849,Jan-23
18454,Γ ΝΕΚΡΟΤΑΦΕΙΟ,Κλάση Β,11964,44406,0.3,1548,Jan-23
18454,Γ ΝΕΚΡΟΤΑΦΕΙΟ,Κλάση Γ,3858,6135,0.6,248,Jan-23
18454,Γ ΝΕΚΡΟΤΑΦΕΙΟ,Κλάση Δ,691,409,1.7,21,Jan-23
18454,Γ ΝΕΚΡΟΤΑΦΕΙΟ,Κλάση Ε,147,26,5.7,2,Jan-23
18454,ΚΡΑΤΙΚΟ,Κλάση A,103,3530,0.0,122,Jan-23
18454,ΚΡΑΤΙΚΟ,Κλάση Β,948,3459,0.3,125,Jan-23
18454,ΚΡΑΤΙΚΟ,Κλάση Γ,752,1151,0.7,48,Jan-23
18454,ΚΡΑΤΙΚΟ,Κλάση Δ,454,244,1.9,11,Jan-23
18454,ΚΡΑΤΙΚΟ,Κλάση Ε,376,62,6.1,2,Jan-23
18454,ΝΙΚΑΙΑ,Κλάση A,2,62,0.0,2,Jan-23
18454,ΝΙΚΑΙΑ,Κλάση Β,34,93,0.4,3,Jan-23
18454,ΝΙΚΑΙΑ,Κλάση Γ,40,62,0.7,2,Jan-23
18454,Π. ΚΟΚΚΙΝΙΑ,Κλάση A,466,17107,0.0,591,Jan-23
18454,Π. ΚΟΚΚΙΝΙΑ,Κλάση Β,8289,29791,0.3,1047,Jan-23
18454,Π. ΚΟΚΚΙΝΙΑ,Κλάση Γ,3448,5559,0.6,212,Jan-23
18454,Π. ΚΟΚΚΙΝΙΑ,Κλάση Δ,421,268,1.6,11,Jan-23
18454,ΠΑΙΔΙΚΗ ΣΤΕΓΗ,Κλάση A,273,8507,0.0,305,Jan-23
18454,ΠΑΙΔΙΚΗ ΣΤΕΓΗ,Κλάση Β,4164,15303,0.3,531,Jan-23
18454,ΠΑΙΔΙΚΗ ΣΤΕΓΗ,Κλάση Γ,1712,2806,0.6,107,Jan-23
18454,ΠΑΙΔΙΚΗ ΣΤΕΓΗ,Κλάση Δ,111,64,1.7,3,Jan-23
18454,ΠΕΡΙΒΟΛΑΚΙ,Κλάση A,392,13090,0.0,459,Jan-23
18454,ΠΕΡΙΒΟΛΑΚΙ,Κλάση Β,6697,23969,0.3,839,Jan-23
18454,ΠΕΡΙΒΟΛΑΚΙ,Κλάση Γ,2567,4006,0.6,157,Jan-23
18454,ΠΕΡΙΒΟΛΑΚΙ,Κλάση Δ,495,158,3.1,9,Jan-23
18454,ΠΕΡΙΒΟΛΑΚΙ,Κλάση Ε,5981,149,40.1,5,Jan-23
18531,ΔΗΜΟΤΙΚΟ,Κλάση A,287,10644,0.0,384,Jan-23
18531,ΔΗΜΟΤΙΚΟ,Κλάση Β,1996,8407,0.2,321,Jan-23
18531,ΔΗΜΟΤΙΚΟ,Κλάση Γ,822,1260,0.7,57,Jan-23
18531,ΔΗΜΟΤΙΚΟ,Κλάση Δ,851,440,1.9,20,Jan-23
18531,ΕΥΑΓΓΕΛΙΣΤΡΙΑ,Κλάση A,54,2580,0.0,88,Jan-23
18531,ΕΥΑΓΓΕΛΙΣΤΡΙΑ,Κλάση Β,347,1536,0.2,57,Jan-23
18531,ΕΥΑΓΓΕΛΙΣΤΡΙΑ,Κλάση Γ,120,193,0.6,9,Jan-23
18531,ΕΥΑΓΓΕΛΙΣΤΡΙΑ,Κλάση Δ,468,155,3.0,7,Jan-23
18531,ΚΑΛΑΜΑΚΙ,Κλάση A,8,229,0.0,9,Jan-23
18531,ΚΑΛΑΜΑΚΙ,Κλάση Β,13,62,0.2,4,Jan-23
18531,ΚΑΛΑΜΑΚΙ,Κλάση Γ,30,43,0.7,2,Jan-23
18531,ΚΑΛΑΜΑΚΙ,Κλάση Δ,45,38,1.2,2,Jan-23
18531,ΚΕΝΤΡΟ,Κλάση A,224,9705,0.0,330,Jan-23
18531,ΚΕΝΤΡΟ,Κλάση Β,1392,5930,0.2,214,Jan-23
18531,ΚΕΝΤΡΟ,Κλάση Γ,605,858,0.7,40,Jan-23
18531,ΚΕΝΤΡΟ,Κλάση Δ,1185,650,1.8,25,Jan-23
18531,ΚΕΝΤΡΟ,Κλάση Ε,1908,99,19.3,4,Jan-23
18531,ΚΡΗΤΙΚΑ,Κλάση A,27,1142,0.0,38,Jan-23
18531,ΚΡΗΤΙΚΑ,Κλάση Β,73,309,0.2,12,Jan-23
18531,ΚΡΗΤΙΚΑ,Κλάση Γ,95,134,0.7,6,Jan-23
18531,ΚΡΗΤΙΚΑ,Κλάση Δ,66,58,1.1,2,Jan-23
18531,ΠΛΑΤΕΙΑ ΙΠΠΟΔΑΜΕΙΑΣ,Κλάση A,14,614,0.0,22,Jan-23
18531,ΠΛΑΤΕΙΑ ΙΠΠΟΔΑΜΕΙΑΣ,Κλάση Β,104,409,0.3,15,Jan-23
18531,ΠΛΑΤΕΙΑ ΙΠΠΟΔΑΜΕΙΑΣ,Κλάση Γ,29,43,0.7,2,Jan-23
18531,ΠΛΑΤΕΙΑ ΙΠΠΟΔΑΜΕΙΑΣ,Κλάση Δ,157,50,3.1,2,Jan-23
18531,ΠΡΟΦ. ΗΛΙΑΣ,Κλάση A,28,1446,0.0,49,Jan-23
18531,ΠΡΟΦ. ΗΛΙΑΣ,Κλάση Β,78,372,0.2,13,Jan-23
18531,ΠΡΟΦ. ΗΛΙΑΣ,Κλάση Γ,157,236,0.7,9,Jan-23
18531,ΠΡΟΦ. ΗΛΙΑΣ,Κλάση Δ,149,67,2.2,3,Jan-23
18531,ΡΕΤΣΙΝΑ,Κλάση A,3,155,0.0,5,Jan-23
18531,ΡΕΤΣΙΝΑ,Κλάση Β,9,50,0.2,2,Jan-23
18531,ΣΤΑΘΜΟΣ,Κλάση A,153,7088,0.0,256,Jan-23
18531,ΣΤΑΘΜΟΣ,Κλάση Β,830,3488,0.2,142,Jan-23
18531,ΣΤΑΘΜΟΣ,Κλάση Γ,727,1023,0.7,51,Jan-23
18531,ΣΤΑΘΜΟΣ,Κλάση Δ,2071,1052,2.0,42,Jan-23
18531,ΣΤΑΘΜΟΣ,Κλάση Ε,600,93,6.5,3,Jan-23
18532,ΔΗΜΟΤΙΚΟ,Κλάση A,71,2889,0.0,102,Jan-23
18532,ΔΗΜΟΤΙΚΟ,Κλάση Β,432,1900,0.2,72,Jan-23
18532,ΔΗΜΟΤΙΚΟ,Κλάση Γ,147,197,0.8,10,Jan-23
18532,ΔΗΜΟΤΙΚΟ,Κλάση Δ,330,210,1.6,9,Jan-23
18532,ΕΥΑΓΓΕΛΙΣΤΡΙΑ,Κλάση A,402,13930,0.0,494,Jan-23
18532,ΕΥΑΓΓΕΛΙΣΤΡΙΑ,Κλάση Β,3389,13870,0.2,509,Jan-23
18532,ΕΥΑΓΓΕΛΙΣΤΡΙΑ,Κλάση Γ,891,1421,0.6,67,Jan-23
18532,ΕΥΑΓΓΕΛΙΣΤΡΙΑ,Κλάση Δ,465,224,2.1,9,Jan-23
18532,ΚΑΛΑΜΑΚΙ,Κλάση A,23,1555,0.0,53,Jan-23
18532,ΚΑΛΑΜΑΚΙ,Κλάση Β,223,988,0.2,36,Jan-23
18532,ΚΑΛΑΜΑΚΙ,Κλάση Γ,46,61,0.8,3,Jan-23
18532,ΚΑΛΑΜΑΚΙ,Κλάση Δ,122,45,2.7,2,Jan-23
18532,ΚΡΗΤΙΚΑ,Κλάση A,80,2626,0.0,92,Jan-23
18532,ΚΡΗΤΙΚΑ,Κλάση Β,548,2400,0.2,87,Jan-23
18532,ΚΡΗΤΙΚΑ,Κλάση Γ,248,387,0.6,16,Jan-23
18532,ΛΑΚΚΑ ΒΑΒΟΥΛΑ,Κλάση A,2226,74155,0.0,2675,Jan-23
18532,ΛΑΚΚΑ ΒΑΒΟΥΛΑ,Κλάση Β,20650,86489,0.2,3092,Jan-23
18532,ΛΑΚΚΑ ΒΑΒΟΥΛΑ,Κλάση Γ,4379,7081,0.6,300,Jan-23
18532,ΛΑΚΚΑ ΒΑΒΟΥΛΑ,Κλάση Δ,1377,714,1.9,32,Jan-23
18532,ΠΡΟΦ. ΗΛΙΑΣ,Κλάση A,26,1315,0.0,47,Jan-23
18532,ΠΡΟΦ. ΗΛΙΑΣ,Κλάση Β,392,1542,0.3,56,Jan-23
18532,ΠΡΟΦ. ΗΛΙΑΣ,Κλάση Γ,80,119,0.7,5,Jan-23
18532,ΠΡΟΦ. ΗΛΙΑΣ,Κλάση Δ,86,62,1.4,2,Jan-23
18533,ΕΥΑΓΓΕΛΙΣΤΡΙΑ,Κλάση A,516,16109,0.0,585,Jan-23
18533,ΕΥΑΓΓΕΛΙΣΤΡΙΑ,Κλάση Β,5988,23609,0.3,857,Jan-23
18533,ΕΥΑΓΓΕΛΙΣΤΡΙΑ,Κλάση Γ,2089,3330,0.6,142,Jan-23
18533,ΕΥΑΓΓΕΛΙΣΤΡΙΑ,Κλάση Δ,326,219,1.5,11,Jan-23
18533,ΚΑΛΑΜΑΚΙ,Κλάση A,17,851,0.0,29,Jan-23
18533,ΚΑΛΑΜΑΚΙ,Κλάση Β,204,947,0.2,32,Jan-23
18533,ΚΑΣΤΕΛΛΑ,Κλάση A,406,14701,0.0,543,Jan-23
18533,ΚΑΣΤΕΛΛΑ,Κλάση Β,6218,23286,0.3,839,Jan-23
18533,ΚΑΣΤΕΛΛΑ,Κλάση Γ,2814,4496,0.6,181,Jan-23
18533,ΚΑΣΤΕΛΛΑ,Κλάση Δ,783,520,1.5,21,Jan-23
18533,ΚΡΗΤΙΚΑ,Κλάση A,85,3491,0.0,122,Jan-23
18533,ΚΡΗΤΙΚΑ,Κλάση Β,1280,4846,0.3,170,Jan-23
18533,ΚΡΗΤΙΚΑ,Κλάση Γ,568,889,0.6,33,Jan-23
18533,ΚΡΗΤΙΚΑ,Κλάση Δ,77,62,1.2,3,Jan-23
18533,ΛΑΚΚΑ ΒΑΒΟΥΛΑ,Κλάση A,240,6873,0.0,251,Jan-23
18533,ΛΑΚΚΑ ΒΑΒΟΥΛΑ,Κλάση Β,3932,14657,0.3,511,Jan-23
18533,ΛΑΚΚΑ ΒΑΒΟΥΛΑ,Κλάση Γ,1229,2052,0.6,79,Jan-23
18533,ΛΑΚΚΑ ΒΑΒΟΥΛΑ,Κλάση Δ,34,30,1.1,3,Jan-23
18533,ΜΥΡΤΙΔΙΩΤΙΣΣΑ,Κλάση A,438,16396,0.0,586,Jan-23
18533,ΜΥΡΤΙΔΙΩΤΙΣΣΑ,Κλάση Β,6571,24743,0.3,880,Jan-23
18533,ΜΥΡΤΙΔΙΩΤΙΣΣΑ,Κλάση Γ,2198,3508,0.6,144,Jan-23
18533,ΜΥΡΤΙΔΙΩΤΙΣΣΑ,Κλάση Δ,713,395,1.8,18,Jan-23
18533,ΜΥΡΤΙΔΙΩΤΙΣΣΑ,Κλάση Ε,939,146,6.4,7,Jan-23
18533,ΠΕΙΡΑΙΑΣ,Κλάση A,3,79,0.0,3,Jan-23
18533,ΠΕΙΡΑΙΑΣ,Κλάση Β,56,169,0.3,6,Jan-23
18533,ΠΡΟΦ. ΗΛΙΑΣ,Κλάση A,67,3165,0.0,125,Jan-23
18533,ΠΡΟΦ. ΗΛΙΑΣ,Κλάση Β,1764,6393,0.3,235,Jan-23
18533,ΠΡΟΦ. ΗΛΙΑΣ,Κλάση Γ,1106,1793,0.6,67,Jan-23
18533,ΠΡΟΦ. ΗΛΙΑΣ,Κλάση Δ,158,136,1.2,7,Jan-23
18533,ΤΟΥΡΚΟΛΙΜΑΝΟ,Κλάση A,195,7960,0.0,294,Jan-23
18533,ΤΟΥΡΚΟΛΙΜΑΝΟ,Κλάση Β,2679,10015,0.3,366,Jan-23
18533,ΤΟΥΡΚΟΛΙΜΑΝΟ,Κλάση Γ,1362,2110,0.7,89,Jan-23
18533,ΤΟΥΡΚΟΛΙΜΑΝΟ,Κλάση Δ,1709,746,2.3,30,Jan-23
18533,ΤΟΥΡΚΟΛΙΜΑΝΟ,Κλάση Ε,3151,191,16.5,8,Jan-23
18534,ΔΗΜΟΤΙΚΟ,Κλάση A,78,2894,0.0,100,Jan-23
18534,ΔΗΜΟΤΙΚΟ,Κλάση Β,634,2646,0.2,94,Jan-23
18534,ΔΗΜΟΤΙΚΟ,Κλάση Γ,151,248,0.6,11,Jan-23
18534,ΔΗΜΟΤΙΚΟ,Κλάση Δ,140,81,1.7,3,Jan-23
18534,ΕΥΑΓΓΕΛΙΣΤΡΙΑ,Κλάση A,828,26664,0.0,950,Jan-23
18534,ΕΥΑΓΓΕΛΙΣΤΡΙΑ,Κλάση Β,8915,36648,0.2,1307,Jan-23
18534,ΕΥΑΓΓΕΛΙΣΤΡΙΑ,Κλάση Γ,2305,3782,0.6,156,Jan-23
18534,ΕΥΑΓΓΕΛΙΣΤΡΙΑ,Κλάση Δ,802,410,2.0,16,Jan-23
18534,ΕΥΑΓΓΕΛΙΣΤΡΙΑ,Κλάση Ε,1557,125,12.5,5,Jan-23
18534,ΚΑΣΤΕΛΛΑ,Κλάση A,9,498,0.0,18,Jan-23
18534,ΚΑΣΤΕΛΛΑ,Κλάση Β,96,372,0.3,16,Jan-23
18534,ΚΑΣΤΕΛΛΑ,Κλάση Γ,122,174,0.7,9,Jan-23
18534,ΚΑΣΤΕΛΛΑ,Κλάση Δ,129,86,1.5,5,Jan-23
18534,ΚΡΗΤΙΚΑ,Κλάση A,870,25754,0.0,930,Jan-23
18534,ΚΡΗΤΙΚΑ,Κλάση Β,10181,40658,0.3,1449,Jan-23
18534,ΚΡΗΤΙΚΑ,Κλάση Γ,2599,4112,0.6,166,Jan-23
18534,ΚΡΗΤΙΚΑ,Κλάση Δ,605,351,1.7,19,Jan-23
18534,ΠΑΡΑΣΚΕΥΑ,Κλάση A,230,6429,0.0,237,Jan-23
18534,ΠΑΡΑΣΚΕΥΑ,Κλάση Β,2406,9470,0.3,348,Jan-23
18534,ΠΑΡΑΣΚΕΥΑ,Κλάση Γ,796,1231,0.7,53,Jan-23
18534,ΠΑΡΑΣΚΕΥΑ,Κλάση Δ,194,122,1.6,8,Jan-23
18534,ΠΑΡΑΣΚΕΥΑ,Κλάση Ε,613,43,14.3,2,Jan-23
18534,ΠΑΣΑΛΙΜΑΝΙ,Κλάση A,409,15240,0.0,550,Jan-23
18534,ΠΑΣΑΛΙΜΑΝΙ,Κλάση Β,4995,19650,0.3,705,Jan-23
18534,ΠΑΣΑΛΙΜΑΝΙ,Κλάση Γ,1514,2433,0.6,101,Jan-23
18534,ΠΑΣΑΛΙΜΑΝΙ,Κλάση Δ,593,274,2.2,12,Jan-23
18534,ΠΑΣΑΛΙΜΑΝΙ,Κλάση Ε,657,95,6.9,4,Jan-23
18534,ΠΛΑΤΕΙΑ ΑΛΕΞΑΝΔΡΑΣ,Κλάση A,193,6848,0.0,247,Jan-23
18534,ΠΛΑΤΕΙΑ ΑΛΕΞΑΝΔΡΑΣ,Κλάση Β,2599,10166,0.3,362,Jan-23
18534,ΠΛΑΤΕΙΑ ΑΛΕΞΑΝΔΡΑΣ,Κλάση Γ,748,1139,0.7,49,Jan-23
18534,ΠΛΑΤΕΙΑ ΑΛΕΞΑΝΔΡΑΣ,Κλάση Δ,750,312,2.4,13,Jan-23
18534,ΠΛΑΤΕΙΑ ΑΛΕΞΑΝΔΡΑΣ,Κλάση Ε,318,51,6.2,2,Jan-23
18534,ΠΡΟΦ. ΗΛΙΑΣ,Κλάση A,213,7285,0.0,262,Jan-23
18534,ΠΡΟΦ. ΗΛΙΑΣ,Κλάση Β,2830,11238,0.3,398,Jan-23
18534,ΠΡΟΦ. ΗΛΙΑΣ,Κλάση Γ,1025,1642,0.6,65,Jan-23
18534,ΠΡΟΦ. ΗΛΙΑΣ,Κλάση Δ,73,55,1.3,3,Jan-23
18534,ΠΡΟΦ. ΗΛΙΑΣ,Κλάση Ε,4976,62,80.3,2,Jan-23
18535,ΔΗΜΟΤΙΚΟ,Κλάση A,129,3295,0.0,116,Jan-23
18535,ΔΗΜΟΤΙΚΟ,Κλάση Β,519,2426,0.2,92,Jan-23
18535,ΔΗΜΟΤΙΚΟ,Κλάση Γ,308,440,0.7,19,Jan-23
18535,ΔΗΜΟΤΙΚΟ,Κλάση Δ,642,302,2.1,11,Jan-23
18535,ΔΗΜΟΤΙΚΟ,Κλάση Ε,387,54,7.2,2,Jan-23
18535,ΚΕΝΤΡΟ,Κλάση A,341,15673,0.0,544,Jan-23
18535,ΚΕΝΤΡΟ,Κλάση Β,1773,7517,0.2,289,Jan-23
18535,ΚΕΝΤΡΟ,Κλάση Γ,1059,1563,0.7,66,Jan-23
18535,ΚΕΝΤΡΟ,Κλάση Δ,1654,885,1.9,34,Jan-23
18535,ΚΕΝΤΡΟ,Κλάση Ε,443,55,8.1,2,Jan-23
18535,ΠΑΣΑΛΙΜΑΝΙ,Κλάση A,102,3329,0.0,113,Jan-23
18535,ΠΑΣΑΛΙΜΑΝΙ,Κλάση Β,721,2932,0.3,107,Jan-23
18535,ΠΑΣΑΛΙΜΑΝΙ,Κλάση Γ,262,381,0.7,14,Jan-23
18535,ΠΑΣΑΛΙΜΑΝΙ,Κλάση Δ,512,279,1.8,10,Jan-23
18535,ΠΑΣΑΛΙΜΑΝΙ,Κλάση Ε,891,116,7.7,4,Jan-23
18535,ΤΕΡΨΙΘΕΑ,Κλάση A,1534,56539,0.0,1979,Jan-23
18535,ΤΕΡΨΙΘΕΑ,Κλάση Β,10193,43650,0.2,1594,Jan-23
18535,ΤΕΡΨΙΘΕΑ,Κλάση Γ,2856,4419,0.7,191,Jan-23
18535,ΤΕΡΨΙΘΕΑ,Κλάση Δ,2599,1427,1.8,57,Jan-23
18535,ΤΕΡΨΙΘΕΑ,Κλάση Ε,2315,233,9.9,9,Jan-23
18536,ΑΓ. ΒΑΣΙΛΕΙΟΣ,Κλάση A,126,3484,0.0,132,Jan-23
18536,ΑΓ. ΒΑΣΙΛΕΙΟΣ,Κλάση Β,999,4324,0.2,164,Jan-23
18536,ΑΓ. ΒΑΣΙΛΕΙΟΣ,Κλάση Γ,254,427,0.6,23,Jan-23
18536,ΑΓ. ΒΑΣΙΛΕΙΟΣ,Κλάση Δ,42,39,1.1,3,Jan-23
18536,ΒΡΥΩΝΗ,Κλάση A,464,15913,0.0,563,Jan-23
18536,ΒΡΥΩΝΗ,Κλάση Β,4364,17686,0.3,628,Jan-23
18536,ΒΡΥΩΝΗ,Κλάση Γ,904,1390,0.7,62,Jan-23
18536,ΒΡΥΩΝΗ,Κλάση Δ,493,200,2.5,7,Jan-23
18536,ΒΡΥΩΝΗ,Κλάση Ε,200,32,6.3,2,Jan-23
18536,ΖΑΝΕΙΟ,Κλάση A,1005,31114,0.0,1106,Jan-23
18536,ΖΑΝΕΙΟ,Κλάση Β,8587,35461,0.2,1257,Jan-23
18536,ΖΑΝΕΙΟ,Κλάση Γ,1958,3141,0.6,130,Jan-23
18536,ΖΑΝΕΙΟ,Κλάση Δ,448,301,1.5,14,Jan-23
18536,ΖΑΝΕΙΟ,Κλάση Ε,6184,119,52.0,4,Jan-23
18536,ΚΕΝΤΡΟ,Κλάση A,225,8949,0.0,315,Jan-23
18536,ΚΕΝΤΡΟ,Κλάση Β,1404,6011,0.2,222,Jan-23
18536,ΚΕΝΤΡΟ,Κλάση Γ,634,933,0.7,39,Jan-23
18536,ΚΕΝΤΡΟ,Κλάση Δ,834,407,2.1,18,Jan-23
18536,ΚΕΝΤΡΟ,Κλάση Ε,1046,52,20.1,2,Jan-23
18536,ΠΑΣΑΛΙΜΑΝΙ,Κλάση A,143,4759,0.0,172,Jan-23
18536,ΠΑΣΑΛΙΜΑΝΙ,Κλάση Β,1237,5279,0.2,187,Jan-23
18536,ΠΑΣΑΛΙΜΑΝΙ,Κλάση Γ,311,524,0.6,20,Jan-23
18536,ΠΑΣΑΛΙΜΑΝΙ,Κλάση Δ,401,230,1.7,9,Jan-23
18536,ΠΕΙΡΑΙΚΗ,Κλάση A,43,1447,0.0,50,Jan-23
18536,ΠΕΙΡΑΙΚΗ,Κλάση Β,308,1255,0.3,45,Jan-23
18536,ΠΕΙΡΑΙΚΗ,Κλάση Γ,60,88,0.7,3,Jan-23
18536,ΤΕΛΩΝΕΙΟ,Κλάση A,10,197,0.1,7,Jan-23
18536,ΤΕΛΩΝΕΙΟ,Κλάση Β,31,144,0.2,6,Jan-23
18536,ΤΕΡΨΙΘΕΑ,Κλάση A,1315,42210,0.0,1518,Jan-23
18536,ΤΕΡΨΙΘΕΑ,Κλάση Β,9818,41835,0.2,1531,Jan-23
18536,ΤΕΡΨΙΘΕΑ,Κλάση Γ,2426,3837,0.6,175,Jan-23
18536,ΤΕΡΨΙΘΕΑ,Κλάση Δ,1100,662,1.7,29,Jan-23
18536,ΤΕΡΨΙΘΕΑ,Κλάση Ε,797,125,6.4,5,Jan-23
18536,ΦΡΕΑΤΤΥΔΑ,Κλάση A,100,3309,0.0,119,Jan-23
18536,ΦΡΕΑΤΤΥΔΑ,Κλάση Β,794,3541,0.2,130,Jan-23
18536,ΦΡΕΑΤΤΥΔΑ,Κλάση Γ,159,254,0.6,13,Jan-23
18536,ΦΡΕΑΤΤΥΔΑ,Κλάση Δ,91,36,2.5,2,Jan-23
18537,ΑΓ. ΒΑΣΙΛΕΙΟΣ,Κλάση A,1180,35922,0.0,1268,Jan-23
18537,ΑΓ. ΒΑΣΙΛΕΙΟΣ,Κλάση Β,13062,52632,0.3,1869,Jan-23
18537,ΑΓ. ΒΑΣΙΛΕΙΟΣ,Κλάση Γ,3161,5167,0.6,236,Jan-23
18537,ΑΓ. ΒΑΣΙΛΕΙΟΣ,Κλάση Δ,442,329,1.3,14,Jan-23
18537,ΑΓ. ΒΑΣΙΛΕΙΟΣ,Κλάση Ε,3082,71,43.4,4,Jan-23
18537,ΑΓ. ΝΕΙΛΟΣ,Κλάση A,198,6417,0.0,207,Jan-23
18537,ΑΓ. ΝΕΙΛΟΣ,Κλάση Β,1418,5797,0.2,187,Jan-23
18537,ΑΓ. ΝΕΙΛΟΣ,Κλάση Γ,286,434,0.7,14,Jan-23
18537,ΑΓ. ΝΕΙΛΟΣ,Κλάση Δ,183,93,2.0,3,Jan-23
18537,ΒΡΥΩΝΗ,Κλάση A,574,19995,0.0,651,Jan-23
18537,ΒΡΥΩΝΗ,Κλάση Β,5470,22759,0.2,742,Jan-23
18537,ΒΡΥΩΝΗ,Κλάση Γ,1319,2071,0.6,68,Jan-23
18537,ΒΡΥΩΝΗ,Κλάση Δ,502,310,1.6,10,Jan-23
18537,ΖΑΝΕΙΟ,Κλάση A,611,20572,0.0,715,Jan-23
18537,ΖΑΝΕΙΟ,Κλάση Β,6402,26651,0.2,946,Jan-23
18537,ΖΑΝΕΙΟ,Κλάση Γ,1726,2823,0.6,106,Jan-23
18537,ΖΑΝΕΙΟ,Κλάση Δ,201,139,1.5,10,Jan-23
18537,ΚΑΛΛΙΠΟΛΗ,Κλάση A,151,4971,0.0,168,Jan-23
18537,ΚΑΛΛΙΠΟΛΗ,Κλάση Β,1852,7506,0.3,252,Jan-23
18537,ΚΑΛΛΙΠΟΛΗ,Κλάση Γ,477,779,0.6,27,Jan-23
18537,ΠΕΙΡΑΙΑΣ,Κλάση A,16,617,0.0,20,Jan-23
18537,ΠΕΙΡΑΙΑΣ,Κλάση Β,152,651,0.2,22,Jan-23
18537,ΠΕΙΡΑΙΑΣ,Κλάση Γ,102,155,0.7,6,Jan-23
18537,ΠΕΙΡΑΙΚΗ,Κλάση A,67,2591,0.0,94,Jan-23
18537,ΠΕΙΡΑΙΚΗ,Κλάση Β,1295,4983,0.3,169,Jan-23
18537,ΠΕΙΡΑΙΚΗ,Κλάση Γ,419,663,0.6,26,Jan-23
18537,ΠΕΙΡΑΙΚΗ,Κλάση Δ,110,95,1.2,4,Jan-23
18537,ΠΕΙΡΑΙΚΗ,Κλάση Ε,2729,93,29.3,3,Jan-23
18537,ΤΕΛΩΝΕΙΟ,Κλάση A,57,1922,0.0,62,Jan-23
18537,ΤΕΛΩΝΕΙΟ,Κλάση Β,149,744,0.2,24,Jan-23
18537,ΤΕΛΩΝΕΙΟ,Κλάση Γ,122,186,0.7,6,Jan-23
18537,ΤΕΛΩΝΕΙΟ,Κλάση Δ,257,155,1.7,5,Jan-23
18537,ΤΕΡΨΙΘΕΑ,Κλάση A,37,982,0.0,35,Jan-23
18537,ΤΕΡΨΙΘΕΑ,Κλάση Β,211,945,0.2,36,Jan-23
18537,ΤΕΡΨΙΘΕΑ,Κλάση Γ,96,145,0.7,5,Jan-23
18537,ΦΡΕΑΤΤΥΔΑ,Κλάση A,400,13638,0.0,494,Jan-23
18537,ΦΡΕΑΤΤΥΔΑ,Κλάση Β,4334,18228,0.2,651,Jan-23
18537,ΦΡΕΑΤΤΥΔΑ,Κλάση Γ,953,1622,0.6,64,Jan-23
18537,ΦΡΕΑΤΤΥΔΑ,Κλάση Δ,436,185,2.4,9,Jan-23
18538,ΑΓ. ΒΑΣΙΛΕΙΟΣ,Κλάση A,12,341,0.0,11,Jan-23
18538,ΑΓ. ΒΑΣΙΛΕΙΟΣ,Κλάση Β,173,682,0.3,22,Jan-23
18538,ΑΓ. ΒΑΣΙΛΕΙΟΣ,Κλάση Γ,61,93,0.7,3,Jan-23
18538,ΑΓ. ΝΕΙΛΟΣ,Κλάση A,1117,37789,0.0,1435,Jan-23
18538,ΑΓ. ΝΕΙΛΟΣ,Κλάση Β,16967,64635,0.3,2085,Jan-23
18538,ΑΓ. ΝΕΙΛΟΣ,Κλάση Γ,4858,8122,0.6,262,Jan-23
18538,ΑΓ. ΝΕΙΛΟΣ,Κλάση Δ,375,248,1.5,8,Jan-23
18538,ΒΑΣ. ΠΕΡΙΠΤΕΡΟ,Κλάση A,0,0,0.0,201,Jan-23
18538,ΒΡΥΩΝΗ,Κλάση A,90,2883,0.0,93,Jan-23
18538,ΒΡΥΩΝΗ,Κλάση Β,834,3534,0.2,114,Jan-23
18538,ΒΡΥΩΝΗ,Κλάση Γ,248,372,0.7,12,Jan-23
18538,ΚΑΛΛΙΠΟΛΗ,Κλάση A,20,651,0.0,21,Jan-23
18538,ΚΑΛΛΙΠΟΛΗ,Κλάση Β,258,1023,0.3,33,Jan-23
18538,ΚΑΛΛΙΠΟΛΗ,Κλάση Γ,53,93,0.6,3,Jan-23
18538,ΠΕΙΡΑΙΑΣ,Κλάση Β,22,124,0.2,4,Jan-23
18538,ΤΕΛΩΝΕΙΟ,Κλάση A,28,1364,0.0,44,Jan-23
18538,ΤΕΛΩΝΕΙΟ,Κλάση Β,251,992,0.3,32,Jan-23
18538,ΤΕΛΩΝΕΙΟ,Κλάση Γ,147,186,0.8,6,Jan-23
18538,ΤΕΛΩΝΕΙΟ,Κλάση Δ,170,93,1.8,3,Jan-23
18538,ΥΔΡΑΙΙΚΑ,Κλάση A,316,10695,0.0,345,Jan-23
18538,ΥΔΡΑΙΙΚΑ,Κλάση Β,4482,16740,0.3,540,Jan-23
18538,ΥΔΡΑΙΙΚΑ,Κλάση Γ,1048,1674,0.6,54,Jan-23
18538,ΥΔΡΑΙΙΚΑ,Κλάση Δ,287,217,1.3,7,Jan-23
18538,ΧΑΤΖΗΚΥΡΙΑΚΕΙΟ,Κλάση A,160,6085,0.0,1049,Jan-23
18538,ΧΑΤΖΗΚΥΡΙΑΚΕΙΟ,Κλάση Β,2399,9579,0.3,309,Jan-23
18538,ΧΑΤΖΗΚΥΡΙΑΚΕΙΟ,Κλάση Γ,1041,1674,0.6,54,Jan-23
18538,ΧΑΤΖΗΚΥΡΙΑΚΕΙΟ,Κλάση Δ,227,155,1.5,5,Jan-23
18538,ΧΑΤΖΗΚΥΡΙΑΚΕΙΟ,Κλάση Ε,4403,186,23.7,6,Jan-23
18539,ΑΓ. ΒΑΣΙΛΕΙΟΣ,Κλάση A,124,3907,0.0,140,Jan-23
18539,ΑΓ. ΒΑΣΙΛΕΙΟΣ,Κλάση Β,1793,7025,0.3,243,Jan-23
18539,ΑΓ. ΒΑΣΙΛΕΙΟΣ,Κλάση Γ,465,776,0.6,26,Jan-23
18539,ΑΓ. ΒΑΣΙΛΕΙΟΣ,Κλάση Δ,96,88,1.1,4,Jan-23
18539,ΑΓ. ΝΕΙΛΟΣ,Κλάση A,529,16399,0.0,1619,Jan-23
18539,ΑΓ. ΝΕΙΛΟΣ,Κλάση Β,7783,29304,0.3,946,Jan-23
18539,ΑΓ. ΝΕΙΛΟΣ,Κλάση Γ,1910,3131,0.6,101,Jan-23
18539,ΑΓ. ΝΕΙΛΟΣ,Κλάση Δ,109,93,1.2,3,Jan-23
18539,ΚΑΛΛΙΠΟΛΗ,Κλάση A,966,28144,0.0,3811,Jan-23
18539,ΚΑΛΛΙΠΟΛΗ,Κλάση Β,13141,51218,0.3,1721,Jan-23
18539,ΚΑΛΛΙΠΟΛΗ,Κλάση Γ,3704,6012,0.6,203,Jan-23
18539,ΚΑΛΛΙΠΟΛΗ,Κλάση Δ,705,416,1.7,14,Jan-23
18539,ΠΕΙΡΑΙΚΗ,Κλάση A,950,28984,0.0,1191,Jan-23
18539,ΠΕΙΡΑΙΚΗ,Κλάση Β,12826,49895,0.3,1720,Jan-23
18539,ΠΕΙΡΑΙΚΗ,Κλάση Γ,2959,4819,0.6,172,Jan-23
18539,ΠΕΙΡΑΙΚΗ,Κλάση Δ,787,442,1.8,15,Jan-23
18539,ΥΔΡΑΙΙΚΑ,Κλάση A,27,1085,0.0,35,Jan-23
18539,ΥΔΡΑΙΙΚΑ,Κλάση Β,286,1240,0.2,40,Jan-23
18539,ΥΔΡΑΙΙΚΑ,Κλάση Γ,66,124,0.5,4,Jan-23
18539,ΧΑΤΖΗΚΥΡΙΑΚΕΙΟ,Κλάση A,189,5911,0.0,740,Jan-23
18539,ΧΑΤΖΗΚΥΡΙΑΚΕΙΟ,Κλάση Β,2930,11121,0.3,364,Jan-23
18539,ΧΑΤΖΗΚΥΡΙΑΚΕΙΟ,Κλάση Γ,904,1469,0.6,48,Jan-23
18539,ΧΑΤΖΗΚΥΡΙΑΚΕΙΟ,Κλάση Δ,155,92,1.7,3,Jan-23
18540,ΑΠΟΛΛΩΝ,Κλάση A,14,773,0.0,27,Jan-23
18540,ΑΠΟΛΛΩΝ,Κλάση Β,80,385,0.2,14,Jan-23
18540,ΑΠΟΛΛΩΝ,Κλάση Γ,27,40,0.7,2,Jan-23
18540,ΑΠΟΛΛΩΝ,Κλάση Δ,226,95,2.4,4,Jan-23
18540,ΓΕΦΥΡΑ ΚΑΛΑΜΑΚΙ,Κλάση A,3,155,0.0,5,Jan-23
18540,ΓΕΦΥΡΑ ΚΑΛΑΜΑΚΙ,Κλάση Β,43,155,0.3,5,Jan-23
18540,ΚΑΛΑΜΑΚΙ,Κλάση A,174,7513,0.0,265,Jan-23
18540,ΚΑΛΑΜΑΚΙ,Κλάση Β,2170,8005,0.3,286,Jan-23
18540,ΚΑΛΑΜΑΚΙ,Κλάση Γ,634,1013,0.6,48,Jan-23
18540,ΚΑΛΑΜΑΚΙ,Κλάση Δ,356,217,1.6,9,Jan-23
18540,ΚΑΜΙΝΙΑ,Κλάση A,319,11744,0.0,423,Jan-23
18540,ΚΑΜΙΝΙΑ,Κλάση Β,4402,16396,0.3,585,Jan-23
18540,ΚΑΜΙΝΙΑ,Κλάση Γ,1464,2317,0.6,92,Jan-23
18540,ΚΑΜΙΝΙΑ,Κλάση Δ,150,126,1.2,8,Jan-23
18540,ΛΕΥΚΑ,Κλάση A,54,2599,0.0,92,Jan-23
18540,ΛΕΥΚΑ,Κλάση Β,916,3673,0.3,128,Jan-23
18540,ΛΕΥΚΑ,Κλάση Γ,294,492,0.6,20,Jan-23
18540,ΛΕΥΚΑ,Κλάση Δ,196,124,1.6,4,Jan-23
18540,ΠΛΑΤΕΙΑ ΙΠΠΟΔΑΜΕΙΑΣ,Κλάση A,24,1068,0.0,39,Jan-23
18540,ΠΛΑΤΕΙΑ ΙΠΠΟΔΑΜΕΙΑΣ,Κλάση Β,105,536,0.2,20,Jan-23
18540,ΠΛΑΤΕΙΑ ΙΠΠΟΔΑΜΕΙΑΣ,Κλάση Γ,36,53,0.7,3,Jan-23
18540,ΠΛΑΤΕΙΑ ΙΠΠΟΔΑΜΕΙΑΣ,Κλάση Δ,79,50,1.6,2,Jan-23
18540,ΡΕΤΣΙΝΑ,Κλάση A,119,5223,0.0,185,Jan-23
18540,ΡΕΤΣΙΝΑ,Κλάση Β,856,3238,0.3,119,Jan-23
18540,ΡΕΤΣΙΝΑ,Κλάση Γ,384,576,0.7,25,Jan-23
18540,ΡΕΤΣΙΝΑ,Κλάση Δ,411,210,2.0,8,Jan-23
18541,ΑΠΟΛΛΩΝ,Κλάση A,685,24226,0.0,869,Jan-23
18541,ΑΠΟΛΛΩΝ,Κλάση Β,14333,52289,0.3,1833,Jan-23
18541,ΑΠΟΛΛΩΝ,Κλάση Γ,5609,9076,0.6,369,Jan-23
18541,ΑΠΟΛΛΩΝ,Κλάση Δ,1133,732,1.6,34,Jan-23
18541,ΑΠΟΛΛΩΝ,Κλάση Ε,20360,73,278.9,4,Jan-23
18541,ΚΑΜΙΝΙΑ,Κλάση A,1596,55787,0.0,2041,Jan-23
18541,ΚΑΜΙΝΙΑ,Κλάση Β,27839,102435,0.3,3649,Jan-23
18541,ΚΑΜΙΝΙΑ,Κλάση Γ,10343,16625,0.6,689,Jan-23
18541,ΚΑΜΙΝΙΑ,Κλάση Δ,2233,1409,1.6,67,Jan-23
18541,ΚΑΜΙΝΙΑ,Κλάση Ε,757,94,8.1,4,Jan-23
18541,ΛΕΥΚΑ,Κλάση A,3,248,0.0,8,Jan-23
18541,ΛΕΥΚΑ,Κλάση Β,50,124,0.4,4,Jan-23
18541,ΛΕΥΚΑ,Κλάση Γ,48,62,0.8,2,Jan-23
18541,ΠΕΙΡΑΙΑΣ,Κλάση A,20,655,0.0,24,Jan-23
18541,ΠΕΙΡΑΙΑΣ,Κλάση Β,304,1116,0.3,39,Jan-23
18541,ΠΕΙΡΑΙΑΣ,Κλάση Γ,70,120,0.6,4,Jan-23
18542,ΚΑΜΙΝΙΑ,Κλάση A,9,155,0.1,5,Jan-23
18542,ΚΑΡΑΒΑΣ,Κλάση A,62,2093,0.0,68,Jan-23
18542,ΚΑΡΑΒΑΣ,Κλάση Β,695,2542,0.3,82,Jan-23
18542,ΚΑΡΑΒΑΣ,Κλάση Γ,201,325,0.6,11,Jan-23
18542,ΛΕΥΚΑ,Κλάση A,75,2790,0.0,90,Jan-23
18542,ΛΕΥΚΑ,Κλάση Β,1332,5146,0.3,166,Jan-23
18542,ΛΕΥΚΑ,Κλάση Γ,481,744,0.7,24,Jan-23
18542,ΛΕΥΚΑ,Κλάση Δ,63,62,1.0,2,Jan-23
18542,ΝΙΚΑΙΑ,Κλάση A,9,279,0.0,9,Jan-23
18542,ΝΙΚΑΙΑ,Κλάση Β,235,713,0.3,23,Jan-23
18542,ΝΙΚΑΙΑ,Κλάση Γ,140,248,0.6,8,Jan-23
18542,Π. ΚΟΚΚΙΝΙΑ,Κλάση A,1202,39643,0.0,1281,Jan-23
18542,Π. ΚΟΚΚΙΝΙΑ,Κλάση Β,19624,73419,0.3,2370,Jan-23
18542,Π. ΚΟΚΚΙΝΙΑ,Κλάση Γ,6868,11067,0.6,357,Jan-23
18542,Π. ΚΟΚΚΙΝΙΑ,Κλάση Δ,954,589,1.6,19,Jan-23
18542,Π. ΚΟΚΚΙΝΙΑ,Κλάση Ε,411,62,6.6,2,Jan-23
18542,ΠΕΙΡΑΙΑΣ,Κλάση A,2,186,0.0,6,Jan-23
18542,ΠΕΙΡΑΙΑΣ,Κλάση Β,43,186,0.2,6,Jan-23
18543,ΑΓ. ΣΟΦΙΑ,Κλάση A,690,26288,0.0,848,Jan-23
18543,ΑΓ. ΣΟΦΙΑ,Κλάση Β,11305,42315,0.3,1365,Jan-23
18543,ΑΓ. ΣΟΦΙΑ,Κλάση Γ,4066,6479,0.6,209,Jan-23
18543,ΑΓ. ΣΟΦΙΑ,Κλάση Δ,275,186,1.5,6,Jan-23
18543,ΓΕΦΥΡΑ,Κλάση A,11,594,0.0,22,Jan-23
18543,ΓΕΦΥΡΑ,Κλάση Β,221,756,0.3,28,Jan-23
18543,ΓΕΦΥΡΑ,Κλάση Γ,121,189,0.6,7,Jan-23
18543,ΚΑΡΑΒΑΣ,Κλάση A,408,13578,0.0,439,Jan-23
18543,ΚΑΡΑΒΑΣ,Κλάση Β,6736,24676,0.3,796,Jan-23
18543,ΚΑΡΑΒΑΣ,Κλάση Γ,2500,4061,0.6,131,Jan-23
18543,ΚΑΡΑΒΑΣ,Κλάση Δ,285,186,1.5,6,Jan-23
18543,ΛΕΥΚΑ,Κλάση A,583,20336,0.0,656,Jan-23
18543,ΛΕΥΚΑ,Κλάση Β,8480,31682,0.3,1022,Jan-23
18543,ΛΕΥΚΑ,Κλάση Γ,3098,4960,0.6,160,Jan-23
18543,ΛΕΥΚΑ,Κλάση Δ,547,279,2.0,9,Jan-23
18543,ΛΕΥΚΑ,Κλάση Ε,776,93,8.3,3,Jan-23
18543,ΜΑΝΙΑΤΙΚΑ,Κλάση A,153,6989,0.0,226,Jan-23
18543,ΜΑΝΙΑΤΙΚΑ,Κλάση Β,2858,10402,0.3,336,Jan-23
18543,ΜΑΝΙΑΤΙΚΑ,Κλάση Γ,1466,2356,0.6,76,Jan-23
18543,ΜΑΝΙΑΤΙΚΑ,Κλάση Δ,111,93,1.2,3,Jan-23
18543,ΟΔΗΓΗΤΡΙΑ,Κλάση A,70,2511,0.0,81,Jan-23
18543,ΟΔΗΓΗΤΡΙΑ,Κλάση Β,1587,5859,0.3,189,Jan-23
18543,ΟΔΗΓΗΤΡΙΑ,Κλάση Γ,929,1457,0.6,47,Jan-23
18543,ΟΔΗΓΗΤΡΙΑ,Κλάση Δ,86,62,1.4,2,Jan-23
18543,Π. ΚΟΚΚΙΝΙΑ,Κλάση A,11,527,0.0,17,Jan-23
18543,Π. ΚΟΚΚΙΝΙΑ,Κλάση Β,166,713,0.2,23,Jan-23
18543,Π. ΚΟΚΚΙΝΙΑ,Κλάση Γ,46,62,0.7,2,Jan-23
18543,Π. ΚΟΚΚΙΝΙΑ,Κλάση Δ,210,124,1.7,4,Jan-23
18543,ΠΕΙΡΑΙΑΣ,Κλάση A,10,311,0.0,11,Jan-23
18543,ΠΕΙΡΑΙΑΣ,Κλάση Β,171,578,0.3,22,Jan-23
18544,ΑΓ. ΣΟΦΙΑ,Κλάση A,490,17981,0.0,581,Jan-23
18544,ΑΓ. ΣΟΦΙΑ,Κλάση Β,7861,29160,0.3,941,Jan-23
18544,ΑΓ. ΣΟΦΙΑ,Κλάση Γ,2355,3782,0.6,122,Jan-23
18544,ΑΓ. ΣΟΦΙΑ,Κλάση Δ,219,155,1.4,5,Jan-23
18544,ΜΑΝΙΑΤΙΚΑ,Κλάση A,961,37295,0.0,1205,Jan-23
18544,ΜΑΝΙΑΤΙΚΑ,Κλάση Β,17900,66007,0.3,2130,Jan-23
18544,ΜΑΝΙΑΤΙΚΑ,Κλάση Γ,6919,11173,0.6,361,Jan-23
18544,ΜΑΝΙΑΤΙΚΑ,Κλάση Δ,575,403,1.4,13,Jan-23
18545,ΑΓ. ΔΙΟΝΥΣΙΟΣ,Κλάση A,32,1985,0.0,65,Jan-23
18545,ΑΓ. ΔΙΟΝΥΣΙΟΣ,Κλάση Β,321,1270,0.3,41,Jan-23
18545,ΑΓ. ΔΙΟΝΥΣΙΟΣ,Κλάση Γ,201,279,0.7,9,Jan-23
18545,ΑΓ. ΔΙΟΝΥΣΙΟΣ,Κλάση Δ,574,279,2.1,9,Jan-23
18545,ΑΓ. ΣΟΦΙΑ,Κλάση A,748,27218,0.0,878,Jan-23
18545,ΑΓ. ΣΟΦΙΑ,Κλάση Β,10391,39773,0.3,1283,Jan-23
18545,ΑΓ. ΣΟΦΙΑ,Κλάση Γ,3045,4891,0.6,158,Jan-23
18545,ΑΓ. ΣΟΦΙΑ,Κλάση Δ,894,589,1.5,19,Jan-23
18545,ΜΑΝΙΑΤΙΚΑ,Κλάση A,223,7750,0.0,251,Jan-23
18545,ΜΑΝΙΑΤΙΚΑ,Κλάση Β,2047,7958,0.3,257,Jan-23
18545,ΜΑΝΙΑΤΙΚΑ,Κλάση Γ,1161,1705,0.7,55,Jan-23
18545,ΜΑΝΙΑΤΙΚΑ,Κλάση Δ,189,155,1.2,5,Jan-23
18545,ΜΑΝΙΑΤΙΚΑ,Κλάση Ε,615,72,8.5,3,Jan-23
18545,ΠΑΠΑΣΤΡΑΤΟΥ,Κλάση A,501,17454,0.0,564,Jan-23
18545,ΠΑΠΑΣΤΡΑΤΟΥ,Κλάση Β,5020,19112,0.3,617,Jan-23
18545,ΠΑΠΑΣΤΡΑΤΟΥ,Κλάση Γ,2022,3131,0.7,101,Jan-23
18545,ΠΑΠΑΣΤΡΑΤΟΥ,Κλάση Δ,1855,1161,1.6,38,Jan-23
18545,ΠΑΠΑΣΤΡΑΤΟΥ,Κλάση Ε,465,62,7.5,2,Jan-23
18545,ΠΕΙΡΑΙΑΣ,Κλάση A,0,27,0.0,9,Jan-23
18545,ΠΕΙΡΑΙΑΣ,Κλάση Γ,72,96,0.8,6,Jan-23
18545,ΠΕΙΡΑΙΑΣ,Κλάση Δ,98,63,1.6,4,Jan-23
18545,ΠΕΙΡΑΙΑΣ,Κλάση Ε,9762,95,102.8,5,Jan-23
18545,ΡΕΤΣΙΝΑ,Κλάση A,122,4177,0.0,137,Jan-23
18545,ΡΕΤΣΙΝΑ,Κλάση Β,850,3428,0.3,113,Jan-23
18545,ΡΕΤΣΙΝΑ,Κλάση Γ,482,744,0.7,24,Jan-23
18545,ΡΕΤΣΙΝΑ,Κλάση Δ,1172,558,2.1,19,Jan-23
18546,ΑΓ. ΣΟΦΙΑ,Κλάση A,736,25265,0.0,815,Jan-23
18546,ΑΓ. ΣΟΦΙΑ,Κλάση Β,11853,43183,0.3,1393,Jan-23
18546,ΑΓ. ΣΟΦΙΑ,Κλάση Γ,3985,6448,0.6,208,Jan-23
18546,ΑΓ. ΣΟΦΙΑ,Κλάση Δ,449,310,1.5,10,Jan-23
18546,ΜΑΝΙΑΤΙΚΑ,Κλάση A,979,37151,0.0,1199,Jan-23
18546,ΜΑΝΙΑΤΙΚΑ,Κλάση Β,18481,68776,0.3,2219,Jan-23
18546,ΜΑΝΙΑΤΙΚΑ,Κλάση Γ,6482,10540,0.6,340,Jan-23
18546,ΜΑΝΙΑΤΙΚΑ,Κλάση Δ,873,465,1.9,15,Jan-23
18546,ΠΑΠΑΣΤΡΑΤΟΥ,Κλάση A,496,19375,0.0,625,Jan-23
18546,ΠΑΠΑΣΤΡΑΤΟΥ,Κλάση Β,8261,30924,0.3,998,Jan-23
18546,ΠΑΠΑΣΤΡΑΤΟΥ,Κλάση Γ,2584,4292,0.6,139,Jan-23
18546,ΠΑΠΑΣΤΡΑΤΟΥ,Κλάση Δ,376,217,1.7,7,Jan-23
18546,ΠΕΙΡΑΙΑΣ,Κλάση A,81,3269,0.0,106,Jan-23
18546,ΠΕΙΡΑΙΑΣ,Κλάση Β,1454,5270,0.3,170,Jan-23
18546,ΠΕΙΡΑΙΑΣ,Κλάση Γ,587,978,0.6,32,Jan-23
18546,ΠΕΙΡΑΙΑΣ,Κλάση Δ,181,124,1.5,4,Jan-23
18546,ΠΕΙΡΑΙΑΣ,Κλάση Ε,454,62,7.3,2,Jan-23
18546,ΤΑΜΠΟΥΡΙΑ,Κλάση A,439,17423,0.0,563,Jan-23
18546,ΤΑΜΠΟΥΡΙΑ,Κλάση Β,6099,23156,0.3,747,Jan-23
18546,ΤΑΜΠΟΥΡΙΑ,Κλάση Γ,2019,3193,0.6,103,Jan-23
18546,ΤΑΜΠΟΥΡΙΑ,Κλάση Δ,388,217,1.8,7,Jan-23
18546,ΧΑΛΚΗΔΩΝ,Κλάση A,32,1474,0.0,48,Jan-23
18546,ΧΑΛΚΗΔΩΝ,Κλάση Β,240,1006,0.2,33,Jan-23
18546,ΧΑΛΚΗΔΩΝ,Κλάση Γ,128,186,0.7,6,Jan-23
18547,ΑΠΟΛΛΩΝ,Κλάση A,7,435,0.0,16,Jan-23
18547,ΑΠΟΛΛΩΝ,Κλάση Β,84,291,0.3,12,Jan-23
18547,ΑΠΟΛΛΩΝ,Κλάση Γ,127,190,0.7,8,Jan-23
18547,ΑΠΟΛΛΩΝ,Κλάση Δ,196,63,3.1,3,Jan-23
18547,ΑΠΟΛΛΩΝ,Κλάση Ε,17901,173,103.5,6,Jan-23
18547,ΚΑΛΑΜΑΚΙ,Κλάση A,23,804,0.0,27,Jan-23
18547,ΚΑΛΑΜΑΚΙ,Κλάση Β,83,343,0.2,13,Jan-23
18547,ΚΑΛΑΜΑΚΙ,Κλάση Γ,46,62,0.7,2,Jan-23
18547,ΚΑΛΑΜΑΚΙ,Κλάση Δ,88,62,1.4,2,Jan-23
18547,ΚΡΗΤΙΚΑ,Κλάση A,47,1655,0.0,60,Jan-23
18547,ΚΡΗΤΙΚΑ,Κλάση Β,751,2873,0.3,101,Jan-23
18547,ΚΡΗΤΙΚΑ,Κλάση Γ,237,372,0.6,13,Jan-23
18547,ΛΑΚΚΑ ΒΑΒΟΥΛΑ,Κλάση A,24,718,0.0,28,Jan-23
18547,ΛΑΚΚΑ ΒΑΒΟΥΛΑ,Κλάση Β,298,1192,0.3,43,Jan-23
18547,ΛΑΚΚΑ ΒΑΒΟΥΛΑ,Κλάση Γ,70,91,0.8,4,Jan-23
18547,ΝΕΟ ΦΑΛΗΡΟ,Κλάση A,2160,65381,0.0,2417,Jan-23
18547,ΝΕΟ ΦΑΛΗΡΟ,Κλάση Β,33166,127981,0.3,4589,Jan-23
18547,ΝΕΟ ΦΑΛΗΡΟ,Κλάση Γ,9846,15943,0.6,637,Jan-23
18547,ΝΕΟ ΦΑΛΗΡΟ,Κλάση Δ,2906,1685,1.7,67,Jan-23
18547,ΝΕΟ ΦΑΛΗΡΟ,Κλάση Ε,13942,551,25.3,21,Jan-23
18547,ΠΕΙΡΑΙΑΣ,Κλάση A,51,1915,0.0,71,Jan-23
18547,ΠΕΙΡΑΙΑΣ,Κλάση Β,468,2030,0.2,74,Jan-23
18547,ΠΕΙΡΑΙΑΣ,Κλάση Γ,179,274,0.7,11,Jan-23
18648,ΑΝΑΣΤΑΣΗ,Κλάση A,36,1457,0.0,47,Jan-23
18648,ΑΝΑΣΤΑΣΗ,Κλάση Β,528,1953,0.3,63,Jan-23
18648,ΑΝΑΣΤΑΣΗ,Κλάση Γ,33,62,0.5,2,Jan-23
18648,ΔΡΑΠΕΤΣΩΝΑ,Κλάση A,1710,60575,0.0,1958,Jan-23
18648,ΔΡΑΠΕΤΣΩΝΑ,Κλάση Β,31193,117307,0.3,3785,Jan-23
18648,ΔΡΑΠΕΤΣΩΝΑ,Κλάση Γ,9495,15412,0.6,498,Jan-23
18648,ΔΡΑΠΕΤΣΩΝΑ,Κλάση Δ,1807,1085,1.7,35,Jan-23
18648,ΔΡΑΠΕΤΣΩΝΑ,Κλάση Ε,11826,62,190.7,2,Jan-23
18648,ΚΟΠΗ,Κλάση A,236,10540,0.0,340,Jan-23
18648,ΚΟΠΗ,Κλάση Β,3944,14756,0.3,476,Jan-23
18648,ΚΟΠΗ,Κλάση Γ,1499,2449,0.6,79,Jan-23
18648,ΚΟΠΗ,Κλάση Δ,245,186,1.3,6,Jan-23
18648,ΛΙΠΑΣΜΑΤΑ,Κλάση A,145,5456,0.0,176,Jan-23
18648,ΛΙΠΑΣΜΑΤΑ,Κλάση Β,3476,12834,0.3,414,Jan-23
18648,ΛΙΠΑΣΜΑΤΑ,Κλάση Γ,1109,1829,0.6,59,Jan-23
18648,ΛΙΠΑΣΜΑΤΑ,Κλάση Δ,275,186,1.5,6,Jan-23
18755,ΤΑΜΠΟΥΡΙΑ,Κλάση A,9,682,0.0,22,Jan-23
18755,ΤΑΜΠΟΥΡΙΑ,Κλάση Β,242,961,0.3,31,Jan-23
18755,ΤΑΜΠΟΥΡΙΑ,Κλάση Γ,51,93,0.6,3,Jan-23
18755,ΑΓ. ΓΕΩΡΓΙΟΣ,Κλάση A,177,6915,0.0,224,Jan-23
18755,ΑΓ. ΓΕΩΡΓΙΟΣ,Κλάση Β,3219,11758,0.3,380,Jan-23
18755,ΑΓ. ΓΕΩΡΓΙΟΣ,Κλάση Γ,1286,2076,0.6,67,Jan-23
18755,ΑΓ. ΓΕΩΡΓΙΟΣ,Κλάση Δ,533,279,1.9,10,Jan-23
18755,ΑΓ. ΓΕΩΡΓΙΟΣ,Κλάση Ε,4528,156,29.0,6,Jan-23
18755,ΑΝΑΣΤΑΣΗ,Κλάση A,474,19950,0.0,645,Jan-23
18755,ΑΝΑΣΤΑΣΗ,Κλάση Β,8528,31684,0.3,1024,Jan-23
18755,ΑΝΑΣΤΑΣΗ,Κλάση Γ,3026,5035,0.6,163,Jan-23
18755,ΑΝΑΣΤΑΣΗ,Κλάση Δ,291,248,1.2,8,Jan-23
18755,ΕΥΓΕΝΕΙΑ,Κλάση A,1238,46083,0.0,1488,Jan-23
18755,ΕΥΓΕΝΕΙΑ,Κλάση Β,25402,91201,0.3,2943,Jan-23
18755,ΕΥΓΕΝΕΙΑ,Κλάση Γ,9289,14969,0.6,484,Jan-23
18755,ΕΥΓΕΝΕΙΑ,Κλάση Δ,1408,815,1.7,27,Jan-23
18755,ΕΥΓΕΝΕΙΑ,Κλάση Ε,1596,104,15.4,4,Jan-23
18755,ΚΕΡΑΤΣΙΝΙ,Κλάση A,30,1147,0.0,37,Jan-23
18755,ΚΕΡΑΤΣΙΝΙ,Κλάση Β,546,2108,0.3,68,Jan-23
18755,ΚΕΡΑΤΣΙΝΙ,Κλάση Γ,230,372,0.6,12,Jan-23
18755,ΚΕΡΑΤΣΙΝΙ,Κλάση Δ,67,62,1.1,2,Jan-23
18755,ΚΟΠΗ,Κλάση A,68,2480,0.0,80,Jan-23
18755,ΚΟΠΗ,Κλάση Β,1080,4216,0.3,136,Jan-23
18755,ΚΟΠΗ,Κλάση Γ,289,465,0.6,15,Jan-23
18755,ΚΟΠΗ,Κλάση Δ,194,124,1.6,4,Jan-23
18755,ΤΑΜΠΟΥΡΙΑ,Κλάση A,9,434,0.0,14,Jan-23
18755,ΤΑΜΠΟΥΡΙΑ,Κλάση Β,162,651,0.3,21,Jan-23
18755,ΤΑΜΠΟΥΡΙΑ,Κλάση Γ,82,124,0.7,4,Jan-23
18755,ΧΑΡΑΥΓΗ,Κλάση A,357,13754,0.0,446,Jan-23
18755,ΧΑΡΑΥΓΗ,Κλάση Β,10178,36828,0.3,1188,Jan-23
18755,ΧΑΡΑΥΓΗ,Κλάση Γ,3878,6324,0.6,204,Jan-23
18755,ΧΑΡΑΥΓΗ,Κλάση Δ,618,373,1.7,13,Jan-23
18755,ΧΑΡΑΥΓΗ,Κλάση Ε,29010,93,311.9,3,Jan-23
18756,ΑΓ. ΓΕΩΡΓΙΟΣ,Κλάση A,974,34266,0.0,1109,Jan-23
18756,ΑΓ. ΓΕΩΡΓΙΟΣ,Κλάση Β,22066,80448,0.3,2597,Jan-23
18756,ΑΓ. ΓΕΩΡΓΙΟΣ,Κλάση Γ,7421,12144,0.6,393,Jan-23
18756,ΑΓ. ΓΕΩΡΓΙΟΣ,Κλάση Δ,1521,962,1.6,32,Jan-23
18756,ΑΓ. ΓΕΩΡΓΙΟΣ,Κλάση Ε,6726,155,43.4,5,Jan-23
18756,ΑΓ. ΠΑΝΤΕΛΕΗΜΟΝΑΣ,Κλάση A,237,9889,0.0,319,Jan-23
18756,ΑΓ. ΠΑΝΤΕΛΕΗΜΟΝΑΣ,Κλάση Β,3456,13144,0.3,424,Jan-23
18756,ΑΓ. ΠΑΝΤΕΛΕΗΜΟΝΑΣ,Κλάση Γ,952,1550,0.6,50,Jan-23
18756,ΑΓ. ΠΑΝΤΕΛΕΗΜΟΝΑΣ,Κλάση Δ,128,93,1.4,3,Jan-23
18756,ΑΜΦΙΑΛΗ,Κλάση A,21,806,0.0,26,Jan-23
18756,ΑΜΦΙΑΛΗ,Κλάση Β,404,1457,0.3,47,Jan-23
18756,ΑΜΦΙΑΛΗ,Κλάση Γ,175,279,0.6,9,Jan-23
18756,ΑΜΦΙΑΛΗ,Κλάση Δ,89,62,1.4,2,Jan-23
18756,ΑΝΑΣΤΑΣΗ,Κλάση A,9,434,0.0,14,Jan-23
18756,ΑΝΑΣΤΑΣΗ,Κλάση Β,76,341,0.2,11,Jan-23
18756,ΔΗΜΑΡΧΕΙΟ,Κλάση A,21,682,0.0,22,Jan-23
18756,ΔΗΜΑΡΧΕΙΟ,Κλάση Β,51,279,0.2,9,Jan-23
18756,ΔΗΜΑΡΧΕΙΟ,Κλάση Γ,65,93,0.7,3,Jan-23
18756,ΚΕΡΑΤΣΙΝΙ,Κλάση A,121,3720,0.0,120,Jan-23
18756,ΚΕΡΑΤΣΙΝΙ,Κλάση Β,1327,5022,0.3,162,Jan-23
18756,ΚΕΡΑΤΣΙΝΙ,Κλάση Γ,566,868,0.7,28,Jan-23
18756,ΚΕΡΑΤΣΙΝΙ,Κλάση Δ,118,62,1.9,2,Jan-23
18756,ΤΑΜΠΟΥΡΙΑ,Κλάση A,556,22359,0.0,724,Jan-23
18756,ΤΑΜΠΟΥΡΙΑ,Κλάση Β,9105,34851,0.3,1126,Jan-23
18756,ΤΑΜΠΟΥΡΙΑ,Κλάση Γ,3395,5425,0.6,175,Jan-23
18756,ΤΑΜΠΟΥΡΙΑ,Κλάση Δ,712,372,1.9,12,Jan-23
18756,ΧΑΛΚΗΔΩΝ,Κλάση A,291,10695,0.0,345,Jan-23
18756,ΧΑΛΚΗΔΩΝ,Κλάση Β,4401,16771,0.3,541,Jan-23
18756,ΧΑΛΚΗΔΩΝ,Κλάση Γ,1615,2573,0.6,83,Jan-23
18756,ΧΑΛΚΗΔΩΝ,Κλάση Δ,228,124,1.8,4,Jan-23
18757,ΑΓ. ΑΝΤΩΝΙΟΣ,Κλάση A,183,6200,0.0,200,Jan-23
18757,ΑΓ. ΑΝΤΩΝΙΟΣ,Κλάση Β,3586,13347,0.3,431,Jan-23
18757,ΑΓ. ΑΝΤΩΝΙΟΣ,Κλάση Γ,1440,2356,0.6,76,Jan-23
18757,ΑΓ. ΑΝΤΩΝΙΟΣ,Κλάση Δ,174,124,1.4,4,Jan-23
18757,ΑΓ. ΜΗΝΑΣ,Κλάση A,315,10510,0.0,340,Jan-23
18757,ΑΓ. ΜΗΝΑΣ,Κλάση Β,7236,26597,0.3,858,Jan-23
18757,ΑΓ. ΜΗΝΑΣ,Κλάση Γ,3084,5022,0.6,162,Jan-23
18757,ΑΓ. ΜΗΝΑΣ,Κλάση Δ,614,419,1.5,14,Jan-23
18757,ΑΓ. ΜΗΝΑΣ,Κλάση Ε,897,93,9.7,3,Jan-23
18757,ΑΜΦΙΑΛΗ,Κλάση A,1844,60342,0.0,1950,Jan-23
18757,ΑΜΦΙΑΛΗ,Κλάση Β,34502,126435,0.3,4081,Jan-23
18757,ΑΜΦΙΑΛΗ,Κλάση Γ,12768,20615,0.6,665,Jan-23
18757,ΑΜΦΙΑΛΗ,Κλάση Δ,1973,1034,1.9,35,Jan-23
18757,ΚΕΡΑΤΣΙΝΙ,Κλάση A,45,1519,0.0,49,Jan-23
18757,ΚΕΡΑΤΣΙΝΙ,Κλάση Β,936,3565,0.3,115,Jan-23
18757,ΚΕΡΑΤΣΙΝΙ,Κλάση Γ,229,372,0.6,12,Jan-23
18757,ΚΟΚΚΙΝΟΒΡΑΧΟΣ,Κλάση A,627,20528,0.0,664,Jan-23
18757,ΚΟΚΚΙΝΟΒΡΑΧΟΣ,Κλάση Β,16274,56477,0.3,1822,Jan-23
18757,ΚΟΚΚΙΝΟΒΡΑΧΟΣ,Κλάση Γ,6795,10974,0.6,354,Jan-23
18757,ΚΟΚΚΙΝΟΒΡΑΧΟΣ,Κλάση Δ,680,496,1.4,16,Jan-23
18757,ΧΑΛΚΗΔΩΝ,Κλάση A,312,11532,0.0,372,Jan-23
18757,ΧΑΛΚΗΔΩΝ,Κλάση Β,6573,23498,0.3,758,Jan-23
18757,ΧΑΛΚΗΔΩΝ,Κλάση Γ,2255,3658,0.6,118,Jan-23
18757,ΧΑΛΚΗΔΩΝ,Κλάση Δ,315,186,1.7,6,Jan-23
18757,ΧΑΛΚΗΔΩΝ,Κλάση Ε,703,62,11.3,2,Jan-23
18758,ΑΓ. ΑΝΝΑ,Κλάση A,12,651,0.0,21,Jan-23
18758,ΑΓ. ΑΝΝΑ,Κλάση Β,547,2015,0.3,65,Jan-23
18758,ΑΓ. ΑΝΝΑ,Κλάση Γ,176,310,0.6,10,Jan-23
18758,ΑΓ. ΑΝΤΩΝΙΟΣ,Κλάση A,465,14602,0.0,472,Jan-23
18758,ΑΓ. ΑΝΤΩΝΙΟΣ,Κλάση Β,11749,42612,0.3,1375,Jan-23
18758,ΑΓ. ΑΝΤΩΝΙΟΣ,Κλάση Γ,4461,7235,0.6,234,Jan-23
18758,ΑΓ. ΑΝΤΩΝΙΟΣ,Κλάση Δ,838,527,1.6,17,Jan-23
18758,ΑΓ. ΜΗΝΑΣ,Κλάση A,942,31673,0.0,1024,Jan-23
18758,ΑΓ. ΜΗΝΑΣ,Κλάση Β,21256,76474,0.3,2468,Jan-23
18758,ΑΓ. ΜΗΝΑΣ,Κλάση Γ,7986,13024,0.6,421,Jan-23
18758,ΑΓ. ΜΗΝΑΣ,Κλάση Δ,636,423,1.5,14,Jan-23
18758,ΑΓ. ΜΗΝΑΣ,Κλάση Ε,16406,279,58.8,9,Jan-23
18758,ΑΜΦΙΑΛΗ,Κλάση A,417,14791,0.0,480,Jan-23
18758,ΑΜΦΙΑΛΗ,Κλάση Β,9379,33570,0.3,1084,Jan-23
18758,ΑΜΦΙΑΛΗ,Κλάση Γ,3696,6045,0.6,195,Jan-23
18758,ΑΜΦΙΑΛΗ,Κλάση Δ,509,357,1.4,12,Jan-23
18758,ΚΕΡΑΤΣΙΝΙ,Κλάση A,14,589,0.0,19,Jan-23
18758,ΚΕΡΑΤΣΙΝΙ,Κλάση Β,414,1519,0.3,49,Jan-23
18758,ΚΕΡΑΤΣΙΝΙ,Κλάση Γ,129,217,0.6,7,Jan-23
18758,ΚΟΚΚΙΝΟΒΡΑΧΟΣ,Κλάση A,8,124,0.1,4,Jan-23
18758,ΚΟΚΚΙΝΟΒΡΑΧΟΣ,Κλάση Β,56,186,0.3,6,Jan-23
18758,ΚΟΚΚΙΝΟΒΡΑΧΟΣ,Κλάση Γ,185,310,0.6,10,Jan-23
18863,ΑΓ. ΝΙΚΟΛΑΟΣ,Κλάση A,329,13516,0.0,436,Jan-23
18863,ΑΓ. ΝΙΚΟΛΑΟΣ,Κλάση Β,8166,29094,0.3,940,Jan-23
18863,ΑΓ. ΝΙΚΟΛΑΟΣ,Κλάση Γ,3792,6020,0.6,196,Jan-23
18863,ΑΓ. ΝΙΚΟΛΑΟΣ,Κλάση Δ,421,319,1.3,11,Jan-23
18863,ΙΚΑΡΙΩΤΙΚΑ,Κλάση A,3,155,0.0,5,Jan-23
18863,ΙΚΑΡΙΩΤΙΚΑ,Κλάση Β,79,279,0.3,9,Jan-23
18863,ΜΠΛΑΖΑΚΗ,Κλάση A,444,17759,0.0,577,Jan-23
18863,ΜΠΛΑΖΑΚΗ,Κλάση Β,10993,39865,0.3,1288,Jan-23
18863,ΜΠΛΑΖΑΚΗ,Κλάση Γ,4659,7510,0.6,243,Jan-23
18863,ΜΠΛΑΖΑΚΗ,Κλάση Δ,348,221,1.6,9,Jan-23
18863,ΝΕΟ ΙΚΟΝΙΟ,Κλάση A,183,7236,0.0,236,Jan-23
18863,ΝΕΟ ΙΚΟΝΙΟ,Κλάση Β,3564,12800,0.3,415,Jan-23
18863,ΝΕΟ ΙΚΟΝΙΟ,Κλάση Γ,1673,2523,0.7,84,Jan-23
18863,ΝΕΟ ΙΚΟΝΙΟ,Κλάση Δ,709,449,1.6,16,Jan-23
18863,ΝΕΟ ΙΚΟΝΙΟ,Κλάση Ε,14138,111,127.4,5,Jan-23
18863,ΝΕΟΚΤΙΣΤΑ,Κλάση A,122,6707,0.0,218,Jan-23
18863,ΝΕΟΚΤΙΣΤΑ,Κλάση Β,2718,9404,0.3,304,Jan-23
18863,ΝΕΟΚΤΙΣΤΑ,Κλάση Γ,1656,2552,0.7,83,Jan-23
18863,ΝΕΟΚΤΙΣΤΑ,Κλάση Δ,221,186,1.2,6,Jan-23
18863,ΠΑΠΑΔΟΠΟΥΛΟΥ,Κλάση A,832,32193,0.0,1044,Jan-23
18863,ΠΑΠΑΔΟΠΟΥΛΟΥ,Κλάση Β,18329,66270,0.3,2141,Jan-23
18863,ΠΑΠΑΔΟΠΟΥΛΟΥ,Κλάση Γ,7828,12488,0.6,404,Jan-23
18863,ΠΑΠΑΔΟΠΟΥΛΟΥ,Κλάση Δ,901,651,1.4,21,Jan-23
18863,ΠΕΡΑΜΑ,Κλάση A,514,19839,0.0,652,Jan-23
18863,ΠΕΡΑΜΑ,Κλάση Β,9443,34378,0.3,1113,Jan-23
18863,ΠΕΡΑΜΑ,Κλάση Γ,3873,6207,0.6,204,Jan-23
18863,ΠΕΡΑΜΑ,Κλάση Δ,2141,1065,2.0,40,Jan-23
18863,ΠΕΡΑΜΑ,Κλάση Ε,13613,249,54.7,9,Jan-23
18863,ΠΡΟΦ. ΗΛΙΑΣ,Κλάση A,207,8223,0.0,272,Jan-23
18863,ΠΡΟΦ. ΗΛΙΑΣ,Κλάση Β,5463,19044,0.3,615,Jan-23
18863,ΠΡΟΦ. ΗΛΙΑΣ,Κλάση Γ,2413,3893,0.6,127,Jan-23
18863,ΠΡΟΦ. ΗΛΙΑΣ,Κλάση Δ,416,253,1.6,11,Jan-23
18863,ΤΕΡΜΑ,Κλάση A,165,6526,0.0,214,Jan-23
18863,ΤΕΡΜΑ,Κλάση Β,3804,13621,0.3,441,Jan-23
18863,ΤΕΡΜΑ,Κλάση Γ,1338,2173,0.6,71,Jan-23
18863,ΤΕΡΜΑ,Κλάση Δ,446,279,1.6,9,Jan-23
18883,ΝΕΟ ΙΚΟΝΙΟ,Κλάση A,3,186,0.0,6,Jan-23
18883,ΝΕΟ ΙΚΟΝΙΟ,Κλάση Β,18,62,0.3,2,Jan-23
18900,ΑΓ. ΑΘΑΝΑΣΙΟΣ,Κλάση A,40,1519,0.0,49,Jan-23
18900,ΑΓ. ΑΘΑΝΑΣΙΟΣ,Κλάση Β,117,465,0.3,15,Jan-23
18900,ΑΓ. ΑΘΑΝΑΣΙΟΣ,Κλάση Γ,53,62,0.9,2,Jan-23
18900,ΑΓ. ΑΝΔΡΕΑΣ,Κλάση A,100,4495,0.0,145,Jan-23
18900,ΑΓ. ΑΝΔΡΕΑΣ,Κλάση Β,1334,5029,0.3,163,Jan-23
18900,ΑΓ. ΑΝΔΡΕΑΣ,Κλάση Γ,757,1137,0.7,37,Jan-23
18900,ΑΓ. ΑΝΔΡΕΑΣ,Κλάση Δ,523,251,2.1,9,Jan-23
18900,ΑΓ. ΑΝΤΩΝΙΟΣ,Κλάση A,6,160,0.0,6,Jan-23
18900,ΑΓ. ΑΝΤΩΝΙΟΣ,Κλάση Β,121,455,0.3,16,Jan-23
18900,ΑΓ. ΑΝΤΩΝΙΟΣ,Κλάση Γ,111,191,0.6,8,Jan-23
18900,ΑΓ. ΓΕΡΑΣΙΜΟΣ,Κλάση A,2,93,0.0,3,Jan-23
18900,ΑΓ. ΓΕΡΑΣΙΜΟΣ,Κλάση Β,91,268,0.3,9,Jan-23
18900,ΑΓ. ΓΕΡΑΣΙΜΟΣ,Κλάση Γ,132,197,0.7,7,Jan-23
18900,ΑΓ. ΓΕΩΡΓΙΟΣ ΣΤΕΝΟΥ,Κλάση A,1,329,0.0,11,Jan-23
18900,ΑΓ. ΓΕΩΡΓΙΟΣ ΣΤΕΝΟΥ,Κλάση Β,37,110,0.3,4,Jan-23
18900,ΑΓ. ΓΕΩΡΓΙΟΣ ΣΤΕΝΟΥ,Κλάση Γ,41,62,0.7,2,Jan-23
18900,ΑΓ. ΔΗΜΗΤΡΙΟΣ,Κλάση A,51,2408,0.0,80,Jan-23
18900,ΑΓ. ΔΗΜΗΤΡΙΟΣ,Κλάση Β,913,3409,0.3,110,Jan-23
18900,ΑΓ. ΔΗΜΗΤΡΙΟΣ,Κλάση Γ,570,930,0.6,30,Jan-23
18900,ΑΓ. ΔΗΜΗΤΡΙΟΣ,Κλάση Δ,148,121,1.2,4,Jan-23
18900,ΑΓ. ΛΑΥΡΕΝΤΙΟΣ,Κλάση A,62,1827,0.0,68,Jan-23
18900,ΑΓ. ΛΑΥΡΕΝΤΙΟΣ,Κλάση Β,1734,5865,0.3,210,Jan-23
18900,ΑΓ. ΛΑΥΡΕΝΤΙΟΣ,Κλάση Γ,813,1285,0.6,52,Jan-23
18900,ΑΓ. ΜΑΥΡΑ,Κλάση A,5,155,0.0,5,Jan-23
18900,ΑΓ. ΜΑΥΡΑ,Κλάση Β,123,408,0.3,15,Jan-23
18900,ΑΓ. ΜΑΥΡΑ,Κλάση Γ,52,62,0.8,2,Jan-23
18900,ΑΓ. ΜΗΝΑΣ,Κλάση A,113,4415,0.0,143,Jan-23
18900,ΑΓ. ΜΗΝΑΣ,Κλάση Β,1354,4916,0.3,159,Jan-23
18900,ΑΓ. ΜΗΝΑΣ,Κλάση Γ,833,1240,0.7,40,Jan-23
18900,ΑΓ. ΜΗΝΑΣ,Κλάση Δ,379,217,1.8,7,Jan-23
18900,ΑΓ. ΝΙΚΟΛΑΟΣ,Κλάση A,91,3224,0.0,104,Jan-23
18900,ΑΓ. ΝΙΚΟΛΑΟΣ,Κλάση Β,1900,6417,0.3,207,Jan-23
18900,ΑΓ. ΝΙΚΟΛΑΟΣ,Κλάση Γ,1045,1674,0.6,54,Jan-23
18900,ΑΓ. ΝΙΚΟΛΑΟΣ,Κλάση Δ,477,372,1.3,12,Jan-23
18900,ΑΓ. ΠΑΡΑΣΚΕΥΗ,Κλάση A,19,1488,0.0,48,Jan-23
18900,ΑΓ. ΠΑΡΑΣΚΕΥΗ,Κλάση Β,152,682,0.2,22,Jan-23
18900,ΑΓ. ΠΑΡΑΣΚΕΥΗ,Κλάση Γ,44,62,0.7,2,Jan-23
18900,ΑΓ. ΦΑΝΟΥΡΙΟΣ,Κλάση A,25,879,0.0,33,Jan-23
18900,ΑΓ. ΦΑΝΟΥΡΙΟΣ,Κλάση Β,446,1643,0.3,58,Jan-23
18900,ΑΓ. ΦΑΝΟΥΡΙΟΣ,Κλάση Γ,402,578,0.7,22,Jan-23
18900,ΑΓ. ΧΑΡΑΛΑΜΠΟΣ,Κλάση A,21,1179,0.0,39,Jan-23
18900,ΑΓ. ΧΑΡΑΛΑΜΠΟΣ,Κλάση Β,237,929,0.3,30,Jan-23
18900,ΑΓ. ΧΑΡΑΛΑΜΠΟΣ,Κλάση Γ,72,124,0.6,4,Jan-23
18900,ΑΙΑΝΤΕΙΟ,Κλάση A,4,217,0.0,7,Jan-23
18900,ΑΙΑΝΤΕΙΟ,Κλάση Β,17,62,0.3,2,Jan-23
18900,ΑΙΑΝΤΕΙΟ ΚΑΤΣΟΥΛΗ,Κλάση A,170,6496,0.0,332,Jan-23
18900,ΑΙΑΝΤΕΙΟ ΚΑΤΣΟΥΛΗ,Κλάση Β,2006,7799,0.3,404,Jan-23
18900,ΑΙΑΝΤΕΙΟ ΚΑΤΣΟΥΛΗ,Κλάση Γ,699,1095,0.6,57,Jan-23
18900,ΑΙΑΝΤΕΙΟ ΚΑΤΣΟΥΛΗ,Κλάση Δ,308,222,1.4,10,Jan-23
18900,ΑΙΑΝΤΕΙΟ ΜΑΙΝΕΜΕΝΗ,Κλάση A,5,279,0.0,9,Jan-23
18900,ΑΙΑΝΤΕΙΟ ΜΑΙΝΕΜΕΝΗ,Κλάση Β,24,93,0.3,3,Jan-23
18900,ΑΛΥΚΗ,Κλάση A,35,2480,0.0,80,Jan-23
18900,ΑΛΥΚΗ,Κλάση Β,344,1426,0.2,46,Jan-23
18900,ΑΛΥΚΗ,Κλάση Γ,110,155,0.7,5,Jan-23
18900,ΑΛΩΝΙΑ,Κλάση A,56,2325,0.0,75,Jan-23
18900,ΑΛΩΝΙΑ,Κλάση Β,968,3534,0.3,114,Jan-23
18900,ΑΛΩΝΙΑ,Κλάση Γ,664,1023,0.7,33,Jan-23
18900,ΑΛΩΝΙΑ,Κλάση Δ,137,93,1.5,3,Jan-23
18900,ΑΜΠΕΛΑΚΙΑ,Κλάση A,15,851,0.0,31,Jan-23
18900,ΑΜΠΕΛΑΚΙΑ,Κλάση Β,220,712,0.3,27,Jan-23
18900,ΑΜΠΕΛΑΚΙΑ,Κλάση Γ,210,310,0.7,12,Jan-23
18900,ΑΜΠΕΛΑΚΙΑ,Κλάση Δ,96,43,2.2,2,Jan-23
18900,ΒΑΣΙΛΙΚΑ,Κλάση A,7,347,0.0,14,Jan-23
18900,ΒΑΣΙΛΙΚΑ,Κλάση Β,75,310,0.2,10,Jan-23
18900,ΒΑΣΙΛΙΚΑ,Κλάση Γ,49,67,0.7,3,Jan-23
18900,ΒΑΣΙΛΙΚΑ,Κλάση Δ,73,54,1.4,3,Jan-23
18900,ΒΡΟΝΤΟΥ,Κλάση A,15,1137,0.0,44,Jan-23
18900,ΒΡΟΝΤΟΥ,Κλάση Β,130,601,0.2,23,Jan-23
18900,ΒΡΟΝΤΟΥ,Κλάση Γ,88,122,0.7,5,Jan-23
18900,ΓΗΠΕΔΟ,Κλάση Β,32,124,0.3,4,Jan-23
18900,ΕΡΓΑΤΙΚΕΣ ΚΑΤΟΙΚΙΕΣ,Κλάση A,14,570,0.0,19,Jan-23
18900,ΕΡΓΑΤΙΚΕΣ ΚΑΤΟΙΚΙΕΣ,Κλάση Β,373,1376,0.3,46,Jan-23
18900,ΕΡΓΑΤΙΚΕΣ ΚΑΤΟΙΚΙΕΣ,Κλάση Γ,113,181,0.6,6,Jan-23
18900,ΗΛΙΑΚΤΗ,Κλάση A,149,5363,0.0,174,Jan-23
18900,ΗΛΙΑΚΤΗ,Κλάση Β,693,2914,0.2,94,Jan-23
18900,ΗΛΙΑΚΤΗ,Κλάση Γ,440,651,0.7,21,Jan-23
18900,ΗΛΙΑΚΤΗ,Κλάση Δ,161,93,1.7,3,Jan-23
18900,ΚΑΚΗ ΒΙΓΛΑ,Κλάση A,5,208,0.0,7,Jan-23
18900,ΚΑΚΗ ΒΙΓΛΑ,Κλάση Β,50,217,0.2,7,Jan-23
18900,ΚΑΤΣΟΥΛΗ,Κλάση A,335,16821,0.0,547,Jan-23
18900,ΚΑΤΣΟΥΛΗ,Κλάση Β,1605,6856,0.2,223,Jan-23
18900,ΚΑΤΣΟΥΛΗ,Κλάση Γ,683,1067,0.6,35,Jan-23
18900,ΚΑΤΣΟΥΛΗ,Κλάση Δ,415,204,2.0,7,Jan-23
18900,ΚΟΙΜΗΣΗ ΘΕΟΤΟΚΟΥ ΒΑΣΙΛΙΚΑ,Κλάση A,124,4721,0.0,154,Jan-23
18900,ΚΟΙΜΗΣΗ ΘΕΟΤΟΚΟΥ ΒΑΣΙΛΙΚΑ,Κλάση Β,1236,4714,0.3,153,Jan-23
18900,ΚΟΙΜΗΣΗ ΘΕΟΤΟΚΟΥ ΒΑΣΙΛΙΚΑ,Κλάση Γ,575,824,0.7,27,Jan-23
18900,ΚΟΙΜΗΣΗ ΘΕΟΤΟΚΟΥ ΒΑΣΙΛΙΚΑ,Κλάση Δ,287,168,1.7,6,Jan-23
18900,ΚΟΥΦΟΥ,Κλάση A,47,2387,0.0,77,Jan-23
18900,ΚΟΥΦΟΥ,Κλάση Β,878,3317,0.3,107,Jan-23
18900,ΚΟΥΦΟΥ,Κλάση Γ,599,930,0.6,30,Jan-23
18900,ΛΙΒΑΔΙ-ΜΥΛΟΙ,Κλάση A,48,3658,0.0,118,Jan-23
18900,ΛΙΒΑΔΙ-ΜΥΛΟΙ,Κλάση Β,492,1953,0.3,63,Jan-23
18900,ΛΙΒΑΔΙ-ΜΥΛΟΙ,Κλάση Γ,193,310,0.6,10,Jan-23
18900,ΜΕΛΙΣΣΑ,Κλάση A,72,4163,0.0,192,Jan-23
18900,ΜΕΛΙΣΣΑ,Κλάση Β,408,1709,0.2,56,Jan-23
18900,ΜΕΛΙΣΣΑ,Κλάση Γ,116,184,0.6,6,Jan-23
18900,ΜΠΑΤΣΙ,Κλάση A,161,12014,0.0,407,Jan-23
18900,ΜΠΑΤΣΙ,Κλάση Β,1146,4332,0.3,155,Jan-23
18900,ΜΠΑΤΣΙ,Κλάση Γ,529,822,0.6,28,Jan-23
18900,ΜΠΑΤΣΙ,Κλάση Δ,211,162,1.3,8,Jan-23
18900,ΜΠΛΕ ΛΙΜΑΝΙ,Κλάση A,154,10032,0.0,325,Jan-23
18900,ΜΠΛΕ ΛΙΜΑΝΙ,Κλάση Β,688,3299,0.2,107,Jan-23
18900,ΜΠΛΕ ΛΙΜΑΝΙ,Κλάση Γ,185,279,0.7,9,Jan-23
18900,ΜΠΟΣΧΟΥ,Κλάση A,114,3441,0.0,111,Jan-23
18900,ΜΠΟΣΧΟΥ,Κλάση Β,1516,5735,0.3,185,Jan-23
18900,ΜΠΟΣΧΟΥ,Κλάση Γ,862,1333,0.7,43,Jan-23
18900,ΜΠΟΣΧΟΥ,Κλάση Δ,142,124,1.2,4,Jan-23
18900,ΞΕΝΟ,Κλάση A,4,158,0.0,7,Jan-23
18900,ΞΕΝΟ,Κλάση Β,28,100,0.3,4,Jan-23
18900,ΞΕΝΟ,Κλάση Γ,45,68,0.7,3,Jan-23
18900,ΠΑΤΡΙΣ,Κλάση A,84,3038,0.0,99,Jan-23
18900,ΠΑΤΡΙΣ,Κλάση Β,1572,5270,0.3,170,Jan-23
18900,ΠΑΤΡΙΣ,Κλάση Γ,676,1116,0.6,36,Jan-23
18900,ΠΑΤΡΙΣ,Κλάση Δ,66,62,1.1,2,Jan-23
18900,ΠΡΟΦΗΤΗΣ ΗΛΙΑΣ,Κλάση A,122,7111,0.0,230,Jan-23
18900,ΠΡΟΦΗΤΗΣ ΗΛΙΑΣ,Κλάση Β,788,3491,0.2,113,Jan-23
18900,ΠΡΟΦΗΤΗΣ ΗΛΙΑΣ,Κλάση Γ,210,310,0.7,10,Jan-23
18900,ΡΕΣΤΗ,Κλάση A,287,11692,0.0,379,Jan-23
18900,ΡΕΣΤΗ,Κλάση Β,1810,7342,0.3,239,Jan-23
18900,ΡΕΣΤΗ,Κλάση Γ,614,1000,0.6,33,Jan-23
18900,ΡΕΣΤΗ,Κλάση Δ,380,186,2.0,6,Jan-23
18900,ΡΕΣΤΗ,Κλάση Ε,2183,62,35.2,2,Jan-23
18900,ΣΑΛΑΜΙΝΑ,Κλάση A,192,8300,0.0,271,Jan-23
18900,ΣΑΛΑΜΙΝΑ,Κλάση Β,1596,6126,0.3,202,Jan-23
18900,ΣΑΛΑΜΙΝΑ,Κλάση Γ,986,1460,0.7,48,Jan-23
18900,ΣΑΛΑΜΙΝΑ,Κλάση Δ,867,527,1.7,17,Jan-23
18900,ΣΑΛΑΜΙΝΑ,Κλάση Ε,16396,124,132.2,4,Jan-23
18900,ΣΠΙΘΑΡΙ ΓΑΛΗΝΗ,Κλάση A,5,172,0.0,7,Jan-23
18900,ΣΠΙΘΑΡΙ ΓΑΛΗΝΗ,Κλάση Β,37,93,0.4,3,Jan-23
18900,ΣΤΕΝΟ,Κλάση A,187,7073,0.0,229,Jan-23
18900,ΣΤΕΝΟ,Κλάση Β,1405,5341,0.3,173,Jan-23
18900,ΣΤΕΝΟ,Κλάση Γ,477,731,0.7,24,Jan-23
18900,ΣΤΕΝΟ,Κλάση Δ,194,93,2.1,3,Jan-23
18900,ΣΤΡΟΦΗ,Κλάση A,62,2292,0.0,76,Jan-23
18900,ΣΤΡΟΦΗ,Κλάση Β,511,2181,0.2,72,Jan-23
18900,ΣΤΡΟΦΗ,Κλάση Γ,130,217,0.6,7,Jan-23
18900,ΣΤΡΟΦΗ,Κλάση Δ,194,93,2.1,3,Jan-23
18900,ΤΣΑΜΗ,Κλάση A,402,13819,0.0,492,Jan-23
18900,ΤΣΑΜΗ,Κλάση Β,10071,34237,0.3,1214,Jan-23
18900,ΤΣΑΜΗ,Κλάση Γ,5832,9146,0.6,368,Jan-23
18900,ΤΣΑΜΗ,Κλάση Δ,1784,1043,1.7,46,Jan-23
18900,ΤΣΑΜΗ,Κλάση Ε,1625,128,12.7,5,Jan-23
18900,ΨΙΛΗ ΑΜΜΟΣ,Κλάση A,2,81,0.0,3,Jan-23
18901,ΠΑΛΟΥΚΙΑ,Κλάση A,386,15002,0.0,526,Jan-23
18901,ΠΑΛΟΥΚΙΑ,Κλάση Β,8763,30932,0.3,1095,Jan-23
18901,ΠΑΛΟΥΚΙΑ,Κλάση Γ,4015,6395,0.6,265,Jan-23
18901,ΠΑΛΟΥΚΙΑ,Κλάση Δ,553,384,1.4,25,Jan-23
18901,ΠΑΛΟΥΚΙΑ,Κλάση Ε,24594,94,261.6,4,Jan-23
18902,ΑΜΠΕΛΑΚΙΑ,Κλάση A,257,11042,0.0,359,Jan-23
18902,ΑΜΠΕΛΑΚΙΑ,Κλάση Β,4795,17441,0.3,564,Jan-23
18902,ΑΜΠΕΛΑΚΙΑ,Κλάση Γ,2358,3674,0.6,120,Jan-23
18902,ΑΜΠΕΛΑΚΙΑ,Κλάση Δ,1323,682,1.9,22,Jan-23
18902,ΑΜΠΕΛΑΚΙΑ,Κλάση Ε,6799,217,31.3,7,Jan-23
18902,ΑΜΠΕΛΑΚΙΑ ΑΓ. ΑΝΝΑ,Κλάση Β,13,62,0.2,2,Jan-23
18902,ΑΜΠΕΛΑΚΙΑ ΑΓ. ΓΕΩΡΓΙΟΣ,Κλάση A,10,336,0.0,12,Jan-23
18902,ΑΜΠΕΛΑΚΙΑ ΑΓ. ΓΕΩΡΓΙΟΣ,Κλάση Β,155,566,0.3,20,Jan-23
18902,ΑΜΠΕΛΑΚΙΑ ΑΓ. ΠΑΝΤΕΛΕΗΜΟΝΑΣ,Κλάση A,4,155,0.0,5,Jan-23
18902,ΑΜΠΕΛΑΚΙΑ ΑΓ. ΠΑΝΤΕΛΕΗΜΟΝΑΣ,Κλάση Β,26,85,0.3,3,Jan-23
18902,ΑΜΠΕΛΑΚΙΑ ΑΓ. ΤΡΙΑΔΑ,Κλάση A,0,62,0.0,2,Jan-23
18902,ΑΜΠΕΛΑΚΙΑ ΑΓ. ΤΡΙΑΔΑ,Κλάση Β,12,62,0.2,2,Jan-23
18902,ΑΜΠΕΛΑΚΙΑ ΑΡΧ. ΛΙΜΕΝΑΣ,Κλάση A,1,62,0.0,2,Jan-23
18902,ΑΜΠΕΛΑΚΙΑ ΑΡΧ. ΛΙΜΕΝΑΣ,Κλάση Β,45,186,0.2,6,Jan-23
18902,ΑΜΠΕΛΑΚΙΑ ΑΡΧ. ΛΙΜΕΝΑΣ,Κλάση Γ,46,62,0.7,2,Jan-23
18902,ΑΜΠΕΛΑΚΙΑ ΚΑΛΑΜΙΑ,Κλάση A,5,248,0.0,8,Jan-23
18902,ΑΜΠΕΛΑΚΙΑ ΚΑΛΑΜΙΑ,Κλάση Β,27,93,0.3,3,Jan-23
18902,ΑΜΠΕΛΑΚΙΑ ΚΥΝΟΣΟΥΡΑ,Κλάση A,2,62,0.0,2,Jan-23
18902,ΑΜΠΕΛΑΚΙΑ ΝΑΥΠΗΓΕΙΑ,Κλάση A,0,62,0.0,2,Jan-23
18902,ΑΜΠΕΛΑΚΙΑ ΝΕΑ ΠΟΛΙΤΕΙΑ,Κλάση A,54,2728,0.0,88,Jan-23
18902,ΑΜΠΕΛΑΚΙΑ ΝΕΑ ΠΟΛΙΤΕΙΑ,Κλάση Β,725,2511,0.3,81,Jan-23
18902,ΑΜΠΕΛΑΚΙΑ ΝΕΑ ΠΟΛΙΤΕΙΑ,Κλάση Γ,297,465,0.6,15,Jan-23
18902,ΑΜΠΕΛΑΚΙΑ ΝΕΑ ΠΟΛΙΤΕΙΑ,Κλάση Δ,374,217,1.7,7,Jan-23
18902,ΑΜΠΕΛΑΚΙΑ ΝΤΟΡΟΝΤΟ,Κλάση A,27,1426,0.0,46,Jan-23
18902,ΑΜΠΕΛΑΚΙΑ ΝΤΟΡΟΝΤΟ,Κλάση Β,163,589,0.3,19,Jan-23
18902,ΑΜΠΕΛΑΚΙΑ ΝΤΟΡΟΝΤΟ,Κλάση Γ,56,93,0.6,3,Jan-23
18902,ΑΜΠΕΛΑΚΙΑ ΝΤΡΕΝΙΑ,Κλάση A,0,62,0.0,2,Jan-23
18902,ΑΜΠΕΛΑΚΙΑ ΟΤΕ,Κλάση A,0,62,0.0,2,Jan-23
18902,ΑΜΠΕΛΑΚΙΑ ΦΟΙΝΙΞ,Κλάση A,32,1498,0.0,52,Jan-23
18902,ΑΜΠΕΛΑΚΙΑ ΦΟΙΝΙΞ,Κλάση Β,698,2612,0.3,98,Jan-23
18902,ΑΜΠΕΛΑΚΙΑ ΦΟΙΝΙΞ,Κλάση Γ,320,452,0.7,19,Jan-23
18902,ΑΜΠΕΛΑΚΙΑ ΦΟΙΝΙΞ,Κλάση Δ,75,65,1.2,4,Jan-23
18902,ΚΑΜΑΤΕΡΟ,Κλάση A,72,3472,0.0,112,Jan-23
18902,ΚΑΜΑΤΕΡΟ,Κλάση Β,1786,6510,0.3,210,Jan-23
18902,ΚΑΜΑΤΕΡΟ,Κλάση Γ,821,1333,0.6,43,Jan-23
18902,ΚΑΜΑΤΕΡΟ,Κλάση Δ,186,93,2.0,3,Jan-23
18902,ΚΑΜΑΤΕΡΟ ΜΥΛΟΙ,Κλάση A,6,279,0.0,9,Jan-23
18902,ΚΑΜΑΤΕΡΟ ΜΥΛΟΙ,Κλάση Β,42,155,0.3,5,Jan-23
18902,ΣΕΛΗΝΙΑ,Κλάση A,592,29973,0.0,970,Jan-23
18902,ΣΕΛΗΝΙΑ,Κλάση Β,6572,25600,0.3,827,Jan-23
18902,ΣΕΛΗΝΙΑ,Κλάση Γ,2642,4169,0.6,135,Jan-23
18902,ΣΕΛΗΝΙΑ,Κλάση Δ,860,550,1.6,19,Jan-23
18902,ΣΕΛΗΝΙΑ,Κλάση Ε,2896,93,31.1,3,Jan-23
18903,ΑΓ. ΑΘΑΝΑΣΙΟΣ,Κλάση A,1,62,0.0,2,Jan-23
18903,ΑΓ. ΑΘΑΝΑΣΙΟΣ,Κλάση Β,69,217,0.3,7,Jan-23
18903,ΑΓ. ΑΘΑΝΑΣΙΟΣ,Κλάση Γ,41,62,0.7,2,Jan-23
18903,ΑΓ. ΖΩΝΗ ΚΑΚΗ ΒΙΓΛΑ,Κλάση A,2,58,0.0,2,Jan-23
18903,ΑΓ. ΖΩΝΗ ΚΑΚΗ ΒΙΓΛΑ,Κλάση Β,29,124,0.2,4,Jan-23
18903,ΑΓ. ΠΑΡΑΣΚΕΥΗ,Κλάση A,1,93,0.0,3,Jan-23
18903,ΑΓ. ΠΑΡΑΣΚΕΥΗ,Κλάση Β,21,93,0.2,3,Jan-23
18903,ΑΙΑΝΤΕΙΟ,Κλάση A,195,8039,0.0,260,Jan-23
18903,ΑΙΑΝΤΕΙΟ,Κλάση Β,1549,5921,0.3,191,Jan-23
18903,ΑΙΑΝΤΕΙΟ,Κλάση Γ,1111,1705,0.7,55,Jan-23
18903,ΑΙΑΝΤΕΙΟ,Κλάση Δ,355,248,1.4,8,Jan-23
18903,ΑΙΑΝΤΕΙΟ,Κλάση Ε,510,62,8.2,2,Jan-23
18903,ΑΙΑΝΤΕΙΟ ΝΑΤΟ,Κλάση A,76,3412,0.0,112,Jan-23
18903,ΑΙΑΝΤΕΙΟ ΝΑΤΟ,Κλάση Β,561,2334,0.2,76,Jan-23
18903,ΑΙΑΝΤΕΙΟ ΝΑΤΟ,Κλάση Γ,289,433,0.7,14,Jan-23
18903,ΑΙΑΝΤΕΙΟ ΝΑΤΟ,Κλάση Δ,80,62,1.3,2,Jan-23
18903,ΑΙΑΝΤΕΙΟ 16Η ΣΤΑΣΗ,Κλάση A,2,62,0.0,2,Jan-23
18903,ΑΙΑΝΤΕΙΟ 17Η,Κλάση A,3,248,0.0,8,Jan-23
18903,ΑΙΑΝΤΕΙΟ 17Η,Κλάση Β,141,558,0.3,18,Jan-23
18903,ΑΙΑΝΤΕΙΟ 17Η,Κλάση Γ,36,62,0.6,2,Jan-23
18903,ΑΙΑΝΤΕΙΟ ΑΓ. ΖΩΝΗ,Κλάση A,2,155,0.0,5,Jan-23
18903,ΑΙΑΝΤΕΙΟ ΑΓ. ΖΩΝΗ,Κλάση Β,18,62,0.3,2,Jan-23
18903,ΑΙΑΝΤΕΙΟ ΑΓ. ΠΑΡΑΣΚΕΥΗ,Κλάση A,21,1519,0.0,49,Jan-23
18903,ΑΙΑΝΤΕΙΟ ΑΓ. ΠΑΡΑΣΚΕΥΗ,Κλάση Β,164,651,0.3,21,Jan-23
18903,ΑΙΑΝΤΕΙΟ ΑΓ. ΠΑΡΑΣΚΕΥΗ,Κλάση Γ,35,62,0.6,2,Jan-23
18903,ΑΙΑΝΤΕΙΟ ΑΓ. ΧΑΡΑΛΑΜΠΟΣ,Κλάση A,15,964,0.0,32,Jan-23
18903,ΑΙΑΝΤΕΙΟ ΑΓ. ΧΑΡΑΛΑΜΠΟΣ,Κλάση Β,136,648,0.2,21,Jan-23
18903,ΑΙΑΝΤΕΙΟ ΑΓ. ΧΑΡΑΛΑΜΠΟΣ,Κλάση Γ,83,124,0.7,4,Jan-23
18903,ΑΙΑΝΤΕΙΟ ΒΕΡΔΗ,Κλάση A,3,186,0.0,6,Jan-23
18903,ΑΙΑΝΤΕΙΟ ΖΑΡΜΠΑΛΑ,Κλάση A,145,6203,0.0,284,Jan-23
18903,ΑΙΑΝΤΕΙΟ ΖΑΡΜΠΑΛΑ,Κλάση Β,1571,6358,0.3,306,Jan-23
18903,ΑΙΑΝΤΕΙΟ ΖΑΡΜΠΑΛΑ,Κλάση Γ,921,1414,0.7,71,Jan-23
18903,ΑΙΑΝΤΕΙΟ ΖΑΡΜΠΑΛΑ,Κλάση Δ,384,224,1.7,12,Jan-23
18903,ΑΙΑΝΤΕΙΟ ΚΑΚΗ ΒΙΓΛΑ,Κλάση A,322,14666,0.0,474,Jan-23
18903,ΑΙΑΝΤΕΙΟ ΚΑΚΗ ΒΙΓΛΑ,Κλάση Β,2763,10835,0.3,350,Jan-23
18903,ΑΙΑΝΤΕΙΟ ΚΑΚΗ ΒΙΓΛΑ,Κλάση Γ,1148,1798,0.6,58,Jan-23
18903,ΑΙΑΝΤΕΙΟ ΚΑΚΗ ΒΙΓΛΑ,Κλάση Δ,404,248,1.6,8,Jan-23
18903,ΑΙΑΝΤΕΙΟ ΚΑΚΗ ΒΙΓΛΑ,Κλάση Ε,7049,62,113.7,2,Jan-23
18903,ΑΙΑΝΤΕΙΟ ΚΑΤΣΟΥΛΗ,Κλάση A,7,342,0.0,12,Jan-23
18903,ΑΙΑΝΤΕΙΟ ΚΑΤΣΟΥΛΗ,Κλάση Β,56,216,0.3,7,Jan-23
18903,ΑΙΑΝΤΕΙΟ ΚΑΤΣΟΥΛΗ,Κλάση Γ,43,62,0.7,2,Jan-23
18903,ΑΙΑΝΤΕΙΟ ΜΑΙΝΕΜΕΝΗ,Κλάση A,194,8980,0.0,290,Jan-23
18903,ΑΙΑΝΤΕΙΟ ΜΑΙΝΕΜΕΝΗ,Κλάση Β,1698,6613,0.3,214,Jan-23
18903,ΑΙΑΝΤΕΙΟ ΜΑΙΝΕΜΕΝΗ,Κλάση Γ,763,1209,0.6,39,Jan-23
18903,ΑΙΑΝΤΕΙΟ ΜΑΙΝΕΜΕΝΗ,Κλάση Δ,337,155,2.2,5,Jan-23
18903,ΑΙΑΝΤΕΙΟ ΝΑΤΟ,Κλάση A,237,12683,0.0,412,Jan-23
18903,ΑΙΑΝΤΕΙΟ ΝΑΤΟ,Κλάση Β,1444,5957,0.2,193,Jan-23
18903,ΑΙΑΝΤΕΙΟ ΝΑΤΟ,Κλάση Γ,596,930,0.6,30,Jan-23
18903,ΑΙΑΝΤΕΙΟ ΝΑΤΟ,Κλάση Δ,290,186,1.6,6,Jan-23
18903,ΑΙΑΝΤΕΙΟ ΥΠΑΠΑΝΤΗ,Κλάση A,0,62,0.0,2,Jan-23
18903,ΑΙΑΣ ΚΛΑΜΠ,Κλάση A,102,2366,0.0,96,Jan-23
18903,ΑΙΑΣ ΚΛΑΜΠ,Κλάση Β,646,2705,0.2,112,Jan-23
18903,ΑΙΑΣ ΚΛΑΜΠ,Κλάση Γ,276,423,0.7,18,Jan-23
18903,ΑΙΑΣ ΚΛΑΜΠ,Κλάση Δ,275,145,1.9,6,Jan-23
18903,ΓΙΑΛΑ,Κλάση A,168,10261,0.0,331,Jan-23
18903,ΓΙΑΛΑ,Κλάση Β,1145,4854,0.2,157,Jan-23
18903,ΓΙΑΛΑ,Κλάση Γ,346,558,0.6,18,Jan-23
18903,ΔΕΗ ΧΑΛΙΩΤΗ,Κλάση A,85,2459,0.0,98,Jan-23
18903,ΔΕΗ ΧΑΛΙΩΤΗ,Κλάση Β,734,2987,0.3,117,Jan-23
18903,ΔΕΗ ΧΑΛΙΩΤΗ,Κλάση Γ,415,672,0.6,26,Jan-23
18903,ΔΕΗ ΧΑΛΙΩΤΗ,Κλάση Δ,360,239,1.5,9,Jan-23
18903,ΔΗΜΗΤΡΑΝΙ,Κλάση A,18,881,0.0,29,Jan-23
18903,ΔΗΜΗΤΡΑΝΙ,Κλάση Β,193,793,0.2,26,Jan-23
18903,ΚΑΚΗ ΒΙΓΛΑ,Κλάση A,16,930,0.0,30,Jan-23
18903,ΚΑΚΗ ΒΙΓΛΑ,Κλάση Β,339,1178,0.3,38,Jan-23
18903,ΚΑΚΗ ΒΙΓΛΑ,Κλάση Γ,98,155,0.6,5,Jan-23
18903,ΚΑΚΗ ΒΙΓΛΑ ΛΙΜΝΙΩΝΑΣ,Κλάση A,52,3007,0.0,97,Jan-23
18903,ΚΑΚΗ ΒΙΓΛΑ ΛΙΜΝΙΩΝΑΣ,Κλάση Β,422,1643,0.3,53,Jan-23
18903,ΚΑΚΗ ΒΙΓΛΑ ΛΙΜΝΙΩΝΑΣ,Κλάση Γ,117,186,0.6,6,Jan-23
18903,ΚΑΚΗ ΒΙΓΛΑ ΠΑΡΑΛΙΑ,Κλάση A,0,93,0.0,3,Jan-23
18903,ΚΑΚΗ ΒΙΓΛΑ ΠΑΡΑΛΙΑ,Κλάση Β,24,124,0.2,4,Jan-23
18903,ΚΑΚΗ ΒΙΓΛΑ ΠΟΡΤΟ-ΦΙΝΟ,Κλάση A,43,2139,0.0,69,Jan-23
18903,ΚΑΚΗ ΒΙΓΛΑ ΠΟΡΤΟ-ΦΙΝΟ,Κλάση Β,170,744,0.2,24,Jan-23
18903,ΚΑΚΗ ΒΙΓΛΑ ΠΟΡΤΟ-ΦΙΝΟ,Κλάση Γ,41,62,0.7,2,Jan-23
18903,ΚΑΚΗ ΒΙΓΛΑ ΧΑΡΟΥΠΙΑ,Κλάση A,47,2511,0.0,81,Jan-23
18903,ΚΑΚΗ ΒΙΓΛΑ ΧΑΡΟΥΠΙΑ,Κλάση Β,261,1085,0.2,35,Jan-23
18903,ΚΑΚΗ ΒΙΓΛΑ ΧΑΡΟΥΠΙΑ,Κλάση Γ,64,93,0.7,3,Jan-23
18903,ΚΑΜΠΟΛΙ,Κλάση A,63,2046,0.0,66,Jan-23
18903,ΚΑΜΠΟΛΙ,Κλάση Β,460,1860,0.3,60,Jan-23
18903,ΚΑΜΠΟΛΙ,Κλάση Γ,233,372,0.6,12,Jan-23
18903,ΚΑΜΠΟΛΙ,Κλάση Δ,72,62,1.2,2,Jan-23
18903,ΚΑΝΑΚΙΑ,Κλάση A,206,6108,0.0,206,Jan-23
18903,ΚΑΝΑΚΙΑ,Κλάση Β,1271,5050,0.3,167,Jan-23
18903,ΚΑΝΑΚΙΑ,Κλάση Γ,514,799,0.6,29,Jan-23
18903,ΚΑΝΑΚΙΑ,Κλάση Δ,284,224,1.3,8,Jan-23
18903,ΚΑΤΣΟΥΛΗ,Κλάση A,22,837,0.0,27,Jan-23
18903,ΚΑΤΣΟΥΛΗ,Κλάση Β,129,558,0.2,18,Jan-23
18903,ΚΟΛΩΝΕΣ,Κλάση A,166,6542,0.0,328,Jan-23
18903,ΚΟΛΩΝΕΣ,Κλάση Β,927,4145,0.2,148,Jan-23
18903,ΚΟΛΩΝΕΣ,Κλάση Γ,254,409,0.6,14,Jan-23
18903,ΚΟΛΩΝΕΣ,Κλάση Δ,47,43,1.1,2,Jan-23
18903,ΚΥΡΙΖΑ,Κλάση A,26,1582,0.0,52,Jan-23
18903,ΚΥΡΙΖΑ,Κλάση Β,336,1500,0.2,49,Jan-23
18903,ΚΥΡΙΖΑ,Κλάση Γ,144,204,0.7,7,Jan-23
18903,ΠΕΡΑΝΙ,Κλάση A,132,4065,0.0,132,Jan-23
18903,ΠΕΡΑΝΙ,Κλάση Β,982,3947,0.3,128,Jan-23
18903,ΠΕΡΑΝΙ,Κλάση Γ,346,556,0.6,18,Jan-23
18903,ΠΕΡΑΝΙ,Κλάση Δ,328,186,1.8,6,Jan-23
18903,ΠΕΡΙΣΤΕΡΙΑ,Κλάση A,122,3870,0.0,238,Jan-23
18903,ΠΕΡΙΣΤΕΡΙΑ,Κλάση Β,698,2933,0.2,101,Jan-23
18903,ΠΕΡΙΣΤΕΡΙΑ,Κλάση Γ,199,344,0.6,12,Jan-23
18903,ΠΕΡΙΣΤΕΡΙΑ,Κλάση Δ,71,61,1.2,2,Jan-23
18903,ΣΑΛΑΜΙΝΑ,Κλάση A,7,235,0.0,8,Jan-23
18903,ΣΑΛΑΜΙΝΑ,Κλάση Β,12,62,0.2,2,Jan-23
18903,ΣΑΤΕΡΛΙ,Κλάση A,13,496,0.0,16,Jan-23
18903,ΣΑΤΕΡΛΙ,Κλάση Β,67,279,0.2,9,Jan-23
19001,ΚΕΡΑΤΕΑ,Κλάση A,0,0,0.0,9,Jan-23
19001,ΧΑΡΑΚΑΣ,Κλάση A,44,8370,0.0,270,Jan-23
19001,ΧΑΡΑΚΑΣ,Κλάση Β,236,961,0.3,31,Jan-23
19001,ΧΑΡΑΚΑΣ,Κλάση Γ,32,62,0.5,2,Jan-23
19001,ΧΑΡΑΚΑΣ,Κλάση Δ,90,62,1.5,2,Jan-23
19002,ΠΑΙΑΝΙΑ,Κλάση A,0,0,0.0,4,Jan-23
19003,ΚΟΥΒΑΡΑΣ ΑΝΑΤΟΛΙΚΗΣ ΑΤΤΙΚΗΣ,Κλάση A,0,0,0.0,2,Jan-23
19003,ΜΑΡΚΟΠΟΥΛΟ ΜΕΣΟΓΑΙΑΣ ΑΝΑΤΟΛΙΚΗΣ ΑΤΤΙΚΗΣ,Κλάση A,0,0,0.0,12,Jan-23
19003,ΠΑΡΑΛΙΑ,Κλάση A,2,93,0.0,3,Jan-23
19003,ΠΑΡΑΛΙΑ,Κλάση Β,34,124,0.3,4,Jan-23
19003,ΠΑΡΑΛΙΑ,Κλάση Ε,57202,124,461.3,4,Jan-23
19004,ΣΠΑΤΑ,Κλάση A,0,0,0.0,4,Jan-23
19005,ΝΕΑ ΜΑΚΡΗ,Κλάση A,0,0,0.0,7,Jan-23
19005,ΝΕΑ ΜΑΚΡΗ,Κλάση Ε,39860,93,428.6,3,Jan-23
19006,ΑΓ. ΠΑΝΤΕΛΕΗΜΟΝΑΣ,Κλάση A,11,740,0.0,27,Jan-23
19006,ΑΓ. ΠΑΝΤΕΛΕΗΜΟΝΑΣ,Κλάση Β,177,712,0.3,24,Jan-23
19006,ΑΓ. ΠΑΝΤΕΛΕΗΜΟΝΑΣ,Κλάση Γ,126,215,0.6,7,Jan-23
19006,ΑΓ. ΠΑΝΤΕΛΕΗΜΟΝΑΣ,Κλάση Δ,70,62,1.1,2,Jan-23
19006,ΑΓ. ΠΑΝΤΕΛΕΗΜΟΝΑΣ,Κλάση Ε,1183,34,34.8,3,Jan-23
19006,ΝΕΑ ΠΕΡΑΜΟΣ,Κλάση A,1220,58232,0.0,1972,Jan-23
19006,ΝΕΑ ΠΕΡΑΜΟΣ,Κλάση Β,16674,61558,0.3,2002,Jan-23
19006,ΝΕΑ ΠΕΡΑΜΟΣ,Κλάση Γ,9180,14013,0.7,459,Jan-23
19006,ΝΕΑ ΠΕΡΑΜΟΣ,Κλάση Δ,2918,1754,1.7,59,Jan-23
19006,ΝΕΑ ΠΕΡΑΜΟΣ,Κλάση Ε,6402,99,64.7,6,Jan-23
19007,ΜΑΡΑΘΩΝΑΣ,Κλάση A,0,0,0.0,10,Jan-23
19007,ΜΑΡΑΘΩΝΑΣ ΑΝΑΤΟΛΙΚΗΣ ΑΤΤΙΚΗΣ,Κλάση A,2,310,0.0,16,Jan-23
19009,ΑΓ. ΑΝΔΡΕΑΣ,Κλάση A,0,0,0.0,6,Jan-23
19009,ΠΑΛΑΙΑ ΠΕΝΤΕΛΗ,Κλάση Β,17,62,0.3,2,Jan-23
19009,ΠΕΝΤΕΛΗ,Κλάση A,7,186,0.0,6,Jan-23
19009,ΠΕΝΤΕΛΗ,Κλάση Β,78,279,0.3,9,Jan-23
19009,ΠΕΝΤΕΛΗ,Κλάση Γ,78,124,0.6,4,Jan-23
19009,ΠΙΚΕΡΜΙ,Κλάση A,0,0,0.0,4,Jan-23
19009,ΡΑΦΗΝΑ,Κλάση A,0,0,0.0,7,Jan-23
19010,ΑΓ. ΔΗΜΗΤΡΙΟΣ,Κλάση A,7,527,0.0,20,Jan-23
19010,ΑΓ. ΔΗΜΗΤΡΙΟΣ,Κλάση Β,249,744,0.3,24,Jan-23
19010,ΑΓ. ΔΗΜΗΤΡΙΟΣ,Κλάση Γ,174,248,0.7,8,Jan-23
19010,ΑΓ. ΔΗΜΗΤΡΙΟΣ,Κλάση Δ,482,217,2.2,7,Jan-23
19010,ΚΙΤΕΖΑ,Κλάση A,100,5859,0.0,193,Jan-23
19010,ΚΙΤΕΖΑ,Κλάση Β,513,2046,0.3,66,Jan-23
19010,ΚΙΤΕΖΑ,Κλάση Γ,174,279,0.6,9,Jan-23
19010,ΚΙΤΕΖΑ,Κλάση Δ,231,155,1.5,5,Jan-23
19010,ΛΑΓΟΝΗΣΙ,Κλάση A,4,93,0.0,3,Jan-23
19010,ΛΑΓΟΝΗΣΙ,Κλάση Β,23,93,0.3,3,Jan-23
19010,ΠΑΡΑΛΙΑ,Κλάση A,61,2883,0.0,97,Jan-23
19010,ΠΑΡΑΛΙΑ,Κλάση Β,526,1829,0.3,59,Jan-23
19010,ΠΑΡΑΛΙΑ,Κλάση Γ,320,496,0.7,16,Jan-23
19010,ΠΑΡΑΛΙΑ,Κλάση Δ,413,186,2.2,6,Jan-23
19012,ΒΙΛΙΑ ΔΥΤΙΚΗΣ ΑΤΤΙΚΗΣ,Κλάση Ε,27337,93,294.0,3,Jan-23
19012,ΚΑΖΑ,Κλάση Β,11,62,0.2,2,Jan-23
19013,ΑΓ. ΜΑΡΙΝΑ,Κλάση A,4,186,0.0,6,Jan-23
19013,ΑΓ. ΜΑΡΙΝΑ,Κλάση Β,98,372,0.3,12,Jan-23
19013,ΑΓ. ΜΑΡΙΝΑ,Κλάση Ε,24156,93,259.7,3,Jan-23
19013,ΑΝΑΒΥΣΣΟΣ,Κλάση Ε,10806,62,174.3,2,Jan-23
19013,ΚΙΤΕΖΑ,Κλάση A,8,372,0.0,12,Jan-23
19013,ΚΙΤΕΖΑ,Κλάση Β,63,217,0.3,7,Jan-23
19013,ΚΟΡΩΠΙ,Κλάση A,0,62,0.0,2,Jan-23
19013,ΚΟΡΩΠΙ,Κλάση Β,32,93,0.3,3,Jan-23
19013,ΚΟΡΩΠΙ,Κλάση Γ,90,124,0.7,4,Jan-23
19013,ΛΥΚΟΥΡΙΖΑ,Κλάση A,5,124,0.0,4,Jan-23
19013,ΛΥΚΟΥΡΙΖΑ,Κλάση Β,30,93,0.3,3,Jan-23
19013,ΜΑΥΡΟ ΛΙΘΑΡΙ,Κλάση Ε,20620,62,332.6,2,Jan-23
19013,ΠΑΛΑΙΑ ΦΩΚΑΙΑ ΑΝΑΤΟΛΙΚΗΣ ΑΤΤΙΚΗΣ,Κλάση Ε,21914,93,235.6,3,Jan-23
19013,ΠΑΡΑΛΙΑ,Κλάση A,3,527,0.0,17,Jan-23
19013,ΠΑΡΑΛΙΑ,Κλάση Β,28,124,0.2,4,Jan-23
19013,ΠΑΡΑΛΙΑ,Κλάση Δ,96,62,1.6,2,Jan-23
19013,ΣΑΡΩΝΙΔΑ ΑΝΑΤΟΛΙΚΗΣ ΑΤΤΙΚΗΣ,Κλάση A,6,93,0.1,3,Jan-23
19013,ΣΑΡΩΝΙΔΑ ΑΝΑΤΟΛΙΚΗΣ ΑΤΤΙΚΗΣ,Κλάση Γ,32,62,0.5,2,Jan-23
19016,ΑΡΤΕΜΙΣ ΑΝΑΤΟΛΙΚΗΣ ΑΤΤΙΚΗΣ,Κλάση A,0,0,0.0,6,Jan-23
19018,ΜΑΓΟΥΛΑ,Κλάση A,346,14942,0.0,483,Jan-23
19018,ΜΑΓΟΥΛΑ,Κλάση Β,11982,39711,0.3,1282,Jan-23
19018,ΜΑΓΟΥΛΑ,Κλάση Γ,8455,13039,0.7,422,Jan-23
19018,ΜΑΓΟΥΛΑ,Κλάση Δ,4463,2430,1.8,79,Jan-23
19018,ΜΑΓΟΥΛΑ,Κλάση Ε,16676,713,23.4,23,Jan-23
19100,ΒΛΥΧΑΔΑ,Κλάση A,164,7967,0.0,257,Jan-23
19100,ΒΛΥΧΑΔΑ,Κλάση Β,2044,7285,0.3,235,Jan-23
19100,ΒΛΥΧΑΔΑ,Κλάση Γ,1078,1674,0.6,54,Jan-23
19100,ΒΛΥΧΑΔΑ,Κλάση Δ,214,155,1.4,5,Jan-23
19100,ΔΡΙΤΣΑ,Κλάση A,0,0,0.0,2,Jan-23
19100,ΜΕΓΑΡΑ ΔΥΤΙΚΗΣ ΑΤΤΙΚΗΣ,Κλάση A,0,2,0.0,3,Jan-23
19100,ΜΕΓΑΡΑ ΔΥΤΙΚΗΣ ΑΤΤΙΚΗΣ,Κλάση Β,27,62,0.4,2,Jan-23
19100,ΜΕΓΑΡΑ ΔΥΤΙΚΗΣ ΑΤΤΙΚΗΣ,Κλάση Ε,13833,94,147.2,4,Jan-23
19200,ΕΛΕΥΣΙΝΑ,Κλάση A,2937,113149,0.0,3674,Jan-23
19200,ΕΛΕΥΣΙΝΑ,Κλάση Β,62572,224154,0.3,7237,Jan-23
19200,ΕΛΕΥΣΙΝΑ,Κλάση Γ,28723,45100,0.6,1456,Jan-23
19200,ΕΛΕΥΣΙΝΑ,Κλάση Δ,8673,5411,1.6,179,Jan-23
19200,ΕΛΕΥΣΙΝΑ,Κλάση Ε,29779,538,55.4,28,Jan-23
19300,ΑΓ. ΓΕΩΡΓΙΟΣ,Κλάση A,3,413,0.0,16,Jan-23
19300,ΑΓ. ΓΕΩΡΓΙΟΣ,Κλάση Β,65,261,0.3,13,Jan-23
19300,ΑΓ. ΓΕΩΡΓΙΟΣ,Κλάση Γ,216,306,0.7,15,Jan-23
19300,ΑΓ. ΓΕΩΡΓΙΟΣ,Κλάση Δ,604,272,2.2,10,Jan-23
19300,ΑΓ. ΠΑΡΑΣΚΕΥΗ,Κλάση A,13,529,0.0,21,Jan-23
19300,ΑΓ. ΠΑΡΑΣΚΕΥΗ,Κλάση Β,394,1280,0.3,44,Jan-23
19300,ΑΓ. ΠΑΡΑΣΚΕΥΗ,Κλάση Γ,256,394,0.7,15,Jan-23
19300,ΑΓ. ΠΑΡΑΣΚΕΥΗ,Κλάση Δ,43,31,1.4,2,Jan-23
19300,ΑΣΠΡΟΠΥΡΓΟΣ,Κλάση A,1135,53122,0.0,2158,Jan-23
19300,ΑΣΠΡΟΠΥΡΓΟΣ,Κλάση Β,34662,114633,0.3,3939,Jan-23
19300,ΑΣΠΡΟΠΥΡΓΟΣ,Κλάση Γ,32237,49207,0.7,1762,Jan-23
19300,ΑΣΠΡΟΠΥΡΓΟΣ,Κλάση Δ,13391,8059,1.7,302,Jan-23
19300,ΑΣΠΡΟΠΥΡΓΟΣ,Κλάση Ε,19490,1044,18.7,40,Jan-23
19300,ΒΕΛΑΝΙΔΙΕΣ,Κλάση A,2,62,0.0,2,Jan-23
19300,ΒΕΛΑΝΙΔΙΕΣ,Κλάση Β,18,62,0.3,2,Jan-23
19300,ΒΕΛΑΝΙΔΙΕΣ,Κλάση Γ,92,124,0.7,4,Jan-23
19300,ΒΕΛΑΝΙΔΙΕΣ,Κλάση Δ,148,62,2.4,2,Jan-23
19300,ΓΕΡΜΑΝΙΚΑ,Κλάση A,160,5414,0.0,193,Jan-23
19300,ΓΕΡΜΑΝΙΚΑ,Κλάση Β,4396,14984,0.3,524,Jan-23
19300,ΓΕΡΜΑΝΙΚΑ,Κλάση Γ,3271,5033,0.7,198,Jan-23
19300,ΓΕΡΜΑΝΙΚΑ,Κλάση Δ,924,559,1.7,26,Jan-23
19300,ΓΚΟΡΥΤΣΑ,Κλάση A,11,496,0.0,16,Jan-23
19300,ΓΚΟΡΥΤΣΑ,Κλάση Β,158,496,0.3,16,Jan-23
19300,ΓΚΟΡΥΤΣΑ,Κλάση Γ,98,155,0.6,5,Jan-23
19300,ΓΚΟΡΥΤΣΑ,Κλάση Δ,148,62,2.4,2,Jan-23
19300,ΘΕΣΗ ΒΛΑΒΙΑΝΟΥ,Κλάση A,27,792,0.0,29,Jan-23
19300,ΘΕΣΗ ΒΛΑΒΙΑΝΟΥ,Κλάση Β,362,1195,0.3,47,Jan-23
19300,ΘΕΣΗ ΒΛΑΒΙΑΝΟΥ,Κλάση Γ,274,424,0.7,20,Jan-23
19300,ΘΕΣΗ ΒΛΑΒΙΑΝΟΥ,Κλάση Δ,50,38,1.3,2,Jan-23
19300,ΚΑΜΠΟΛΗ,Κλάση A,7,420,0.0,17,Jan-23
19300,ΚΑΜΠΟΛΗ,Κλάση Β,83,286,0.3,11,Jan-23
19300,ΚΑΜΠΟΛΗ,Κλάση Γ,180,245,0.7,9,Jan-23
19300,ΚΑΜΠΟΛΗ,Κλάση Δ,261,120,2.2,4,Jan-23
19300,ΚΑΤΩ ΦΟΥΣΑ,Κλάση Β,32,93,0.3,3,Jan-23
19300,ΚΟΥΤΑΛΑ,Κλάση A,14,393,0.0,14,Jan-23
19300,ΚΟΥΤΑΛΑ,Κλάση Β,67,317,0.2,13,Jan-23
19300,ΚΟΥΤΑΛΑ,Κλάση Γ,19,34,0.6,2,Jan-23
19300,ΚΟΥΤΑΛΑ,Κλάση Δ,229,124,1.9,4,Jan-23
19300,ΜΑΚΡΥ ΛΙΘΑΡΙ,Κλάση A,17,599,0.0,22,Jan-23
19300,ΜΑΚΡΥ ΛΙΘΑΡΙ,Κλάση Β,194,712,0.3,27,Jan-23
19300,ΜΑΚΡΥ ΛΙΘΑΡΙ,Κλάση Γ,163,239,0.7,9,Jan-23
19300,ΜΑΚΡΥ ΛΙΘΑΡΙ,Κλάση Δ,408,173,2.4,7,Jan-23
19300,ΜΑΚΡΥ ΛΙΘΑΡΙ,Κλάση Ε,3189,84,38.0,3,Jan-23
19300,ΜΕΛΙΣΣΙΑ,Κλάση A,19,1240,0.0,40,Jan-23
19300,ΜΕΛΙΣΣΙΑ,Κλάση Β,450,1488,0.3,48,Jan-23
19300,ΜΕΛΙΣΣΙΑ,Κλάση Γ,287,434,0.7,14,Jan-23
19300,ΜΕΛΙΣΣΙΑ,Κλάση Δ,93,62,1.5,2,Jan-23
19300,ΝΕΑ ΖΩΗ,Κλάση A,5,197,0.0,36,Jan-23
19300,ΝΕΑ ΖΩΗ,Κλάση Β,99,392,0.3,14,Jan-23
19300,ΝΕΑ ΖΩΗ,Κλάση Γ,97,153,0.6,6,Jan-23
19300,ΝΕΑ ΖΩΗ,Κλάση Δ,644,208,3.1,7,Jan-23
19300,ΝΕΟΚΤΙΣΤΑ,Κλάση A,172,11668,0.0,433,Jan-23
19300,ΝΕΟΚΤΙΣΤΑ,Κλάση Β,3193,11833,0.3,458,Jan-23
19300,ΝΕΟΚΤΙΣΤΑ,Κλάση Γ,2276,3481,0.7,164,Jan-23
19300,ΝΕΟΚΤΙΣΤΑ,Κλάση Δ,2152,1220,1.8,60,Jan-23
19300,ΝΕΟΚΤΙΣΤΑ,Κλάση Ε,1156,138,8.4,6,Jan-23
19300,ΠΑΡΑΛΙΑ,Κλάση A,26,1572,0.0,61,Jan-23
19300,ΠΑΡΑΛΙΑ,Κλάση Β,453,1571,0.3,61,Jan-23
19300,ΠΑΡΑΛΙΑ,Κλάση Γ,358,542,0.7,24,Jan-23
19300,ΠΑΡΑΛΙΑ,Κλάση Δ,879,377,2.3,15,Jan-23
19300,ΠΑΡΑΛΙΑ,Κλάση Ε,1925,161,12.0,10,Jan-23
19300,ΡΟΥΠΑΚΙ,Κλάση A,22,1240,0.0,40,Jan-23
19300,ΡΟΥΠΑΚΙ,Κλάση Β,486,1581,0.3,51,Jan-23
19300,ΡΟΥΠΑΚΙ,Κλάση Γ,417,620,0.7,20,Jan-23
19300,ΣΙΔΕΡΑ,Κλάση A,263,11417,0.0,426,Jan-23
19300,ΣΙΔΕΡΑ,Κλάση Β,5213,18185,0.3,658,Jan-23
19300,ΣΙΔΕΡΑ,Κλάση Γ,3451,5263,0.7,231,Jan-23
19300,ΣΙΔΕΡΑ,Κλάση Δ,3770,1807,2.1,70,Jan-23
19300,ΣΙΔΕΡΑ,Κλάση Ε,14989,341,44.0,22,Jan-23
19300,ΤΡΥΠΑ ΑΛΕΠΟΥ (Θ. 14),Κλάση A,116,4666,0.0,166,Jan-23
19300,ΤΡΥΠΑ ΑΛΕΠΟΥ (Θ. 14),Κλάση Β,2671,8865,0.3,320,Jan-23
19300,ΤΡΥΠΑ ΑΛΕΠΟΥ (Θ. 14),Κλάση Γ,2656,3984,0.7,157,Jan-23
19300,ΤΡΥΠΑ ΑΛΕΠΟΥ (Θ. 14),Κλάση Δ,1232,684,1.8,27,Jan-23
19300,ΨΑΡΙ,Κλάση A,26,1767,0.0,59,Jan-23
19300,ΨΑΡΙ,Κλάση Β,882,3100,0.3,100,Jan-23
19300,ΨΑΡΙ,Κλάση Γ,596,930,0.6,30,Jan-23
19300,ΨΑΡΙ,Κλάση Δ,337,248,1.4,8,Jan-23
19300,ΨΑΡΙ,Κλάση Ε,3387,95,35.7,5,Jan-23
19400,ΑΓ. ΔΗΜΗΤΡΙΟΣ,Κλάση A,31,1285,0.0,42,Jan-23
19400,ΑΓ. ΔΗΜΗΤΡΙΟΣ,Κλάση Β,283,1083,0.3,35,Jan-23
19400,ΑΓ. ΔΗΜΗΤΡΙΟΣ,Κλάση Γ,158,234,0.7,8,Jan-23
19400,ΑΓ. ΔΗΜΗΤΡΙΟΣ,Κλάση Δ,167,95,1.8,4,Jan-23
19400,ΑΓ. ΔΗΜΗΤΡΙΟΣ,Κλάση Ε,11199,62,180.6,2,Jan-23
19400,ΑΓ. ΜΑΡΙΝΑ,Κλάση A,83,3687,0.0,124,Jan-23
19400,ΑΓ. ΜΑΡΙΝΑ,Κλάση Β,868,3147,0.3,102,Jan-23
19400,ΑΓ. ΜΑΡΙΝΑ,Κλάση Γ,806,1288,0.6,42,Jan-23
19400,ΑΓ. ΜΑΡΙΝΑ,Κλάση Δ,510,341,1.5,11,Jan-23
19400,ΑΓ. ΜΑΡΙΝΑ,Κλάση Ε,10569,62,170.5,2,Jan-23
19400,ΚΟΡΩΠΙ,Κλάση A,16,732,0.0,35,Jan-23
19400,ΚΟΡΩΠΙ,Κλάση Β,157,713,0.2,23,Jan-23
19400,ΚΟΡΩΠΙ,Κλάση Γ,62,93,0.7,3,Jan-23
19443,ΑΓ. ΜΑΡΙΝΑ,Κλάση A,7,248,0.0,8,Jan-23
19443,ΑΓ. ΜΑΡΙΝΑ,Κλάση Β,126,465,0.3,15,Jan-23
19443,ΑΓ. ΜΑΡΙΝΑ,Κλάση Γ,106,155,0.7,5,Jan-23
19500,ΛΑΥΡΙΟ,Κλάση A,0,31,0.0,12,Jan-23
19600,ΜΑΝΔΡΑ ΔΥΤΙΚΗΣ ΑΤΤΙΚΗΣ,Κλάση A,0,0,0.0,4,Jan-23
19600,ΜΑΝΔΡΑ ΔΥΤΙΚΗΣ ΑΤΤΙΚΗΣ,Κλάση Ε,5153,35,147.2,5,Jan-23
